data_point_id,citation,title,doi,herbivore_type,study_notes,data_notes,design_notes,land_use_history_notes,management_notes,experimental_mechanism,experiment_timing,site_size_ha,site_number,treatment_size_m2,treatment_number,plot_size_m2,plot_number,subplot_size_m2,subplot_number,final_measure_scale,continent,latitude,longitude,coord_quality,site_name,introduced_herbivores,herbivore_manipulation_notes,density_notes,density_high_megafauna,density_low_megafauna,animal_density_units,areal_density_units,years_since_introduction,years_since_treatment,treatment_duration_days,time_series_clean,data_year,impact_mechanism,response_highest_level,response_sphere,species_class,species_level,species_or_group,response,unit,mean_type,error_type,fig_num,fig_notes,raw_mean_high_megafauna,error_high_megafauna,n_high_megafauna,raw_mean_low_megafauna,error_low_megafauna,n_low_megafauna,plot_covariate,digitization_notes,initially_entered_by,eco_response,total_biomass_kg_ha,cwm_mass_kg,max_species_mass_kg,metabolic_biomass_ha,vi_rom,yi_rom,vi_smd,yi_smd,vi_smdh,yi_smdh,n_citations
dp_1,Noble et al 2025 Ecological Applications,Native megafauna (Bison bison) act as a surprising inhibitor of cedar tree expansion in a Great Plains grassland,https://doi.org/10.1002/eap.70108,Semi-Domestic,"Bison introduced 1920 to current range, herd size of 270 adults with goal of grating ~25 % aboveground production each year","most data not usable, some sspeces richness and soil metrics n supplement","Paired with burning, but both control and treatment standardized","This study took place at Konza Prairie Biological Station (KPBS), a 3487-ha native tallgrass prairie located in northeastern Kansas, USA (39°05′ N, 96°35′ W). KPBS is a National Science Foundation long-term ecological research (LTER) in the Flint Hills ecoregion of the Central Great Plains, the largest expanse of unplowed tallgrass prairie in North America",Population size likely artifically managed,distal comparison with and without,with_introduction,1012,1,10120000,1,10,40 per treatment and catchment type,,"",plot,North America,39.08339354,-96.5832714,reasonable,Konza Prairie Biological Station,Bison bison,"In 1987, 30 bison were introduced and restricted to under half of their current spatial extent, including catchment N20A. In 1992, the bison herd was given access to its current 1012 ha area, including catchment N20B. The herd increased to an average of 270 adults with the goal of a grazing rate of ~25% removal of aboveground production each year",likely kept artifically constant,0.26 Bison bison,0,individuals,hectare,2,,730,1,1994,cumulative,diversity,vegetation,plants,higher_level,all plants,species richness,number of species,mean,SD,Fig_S2,Fig S2A,27.06,4.1,40,23.5,2.78,40,lowland,"",JT,plant_richness,150.606378,579.2553,579.2553,30.6991153067535,0.000923780693473273,0.141056201592529,0.0563319849659694,1.00653742829321,0.0586659390013989,1.00653742829321,18
dp_2,Noble et al 2025 Ecological Applications,Native megafauna (Bison bison) act as a surprising inhibitor of cedar tree expansion in a Great Plains grassland,https://doi.org/10.1002/eap.70108,Semi-Domestic,"Bison introduced 1920 to current range, herd size of 270 adults with goal of grating ~25 % aboveground production each year","most data not usable, some sspeces richness and soil metrics n supplement","Paired with burning, but both control and treatment standardized","This study took place at Konza Prairie Biological Station (KPBS), a 3487-ha native tallgrass prairie located in northeastern Kansas, USA (39°05′ N, 96°35′ W). KPBS is a National Science Foundation long-term ecological research (LTER) in the Flint Hills ecoregion of the Central Great Plains, the largest expanse of unplowed tallgrass prairie in North America",Population size likely artifically managed,distal comparison with and without,with_introduction,1012,1,10120000,1,10,40 per treatment and catchment type,,"",plot,North America,39.08339354,-96.5832714,reasonable,Konza Prairie Biological Station,Bison bison,"In 1987, 30 bison were introduced and restricted to under half of their current spatial extent, including catchment N20A. In 1992, the bison herd was given access to its current 1012 ha area, including catchment N20B. The herd increased to an average of 270 adults with the goal of a grazing rate of ~25% removal of aboveground production each year",likely kept artifically constant,0.26 Bison bison,0,individuals,hectare,2,,730,1,1994,cumulative,diversity,vegetation,plants,higher_level,all plants,species richness,number of species,mean,SD,Fig_S2,Fig S2A,22.86,5.07,40,21.78,2.51,40,upland,"",JT,plant_richness,150.606378,579.2553,579.2553,30.6991153067535,0.00156173788150349,0.04839654086185,0.0504468027116117,0.26737321080818,0.0519087693357299,0.26737321080818,18
dp_3,Noble et al 2025 Ecological Applications,Native megafauna (Bison bison) act as a surprising inhibitor of cedar tree expansion in a Great Plains grassland,https://doi.org/10.1002/eap.70108,Semi-Domestic,"Bison introduced 1920 to current range, herd size of 270 adults with goal of grating ~25 % aboveground production each year","most data not usable, some sspeces richness and soil metrics n supplement","Paired with burning, but both control and treatment standardized","This study took place at Konza Prairie Biological Station (KPBS), a 3487-ha native tallgrass prairie located in northeastern Kansas, USA (39°05′ N, 96°35′ W). KPBS is a National Science Foundation long-term ecological research (LTER) in the Flint Hills ecoregion of the Central Great Plains, the largest expanse of unplowed tallgrass prairie in North America",Population size likely artifically managed,distal comparison with and without,with_introduction,1012,1,10120000,1,10,40 per treatment and catchment type,,"",plot,North America,39.08339354,-96.5832714,reasonable,Konza Prairie Biological Station,Bison bison,"In 1987, 30 bison were introduced and restricted to under half of their current spatial extent, including catchment N20A. In 1992, the bison herd was given access to its current 1012 ha area, including catchment N20B. The herd increased to an average of 270 adults with the goal of a grazing rate of ~25% removal of aboveground production each year",likely kept artifically constant,0.26 Bison bison,0,individuals,hectare,28,,10220,2,2020,cumulative,diversity,vegetation,plants,higher_level,all plants,species richness,number of species,mean,SD,Fig_S2,Fig S2A,36.74,4.78,40,26.23,3.99,40,lowland,"",JT,plant_richness,150.606378,579.2553,579.2553,30.6991153067535,0.00100165371851385,0.336962285908197,0.0849311235488629,2.36410231754424,0.0882530482725226,2.36410231754424,18
dp_4,Noble et al 2025 Ecological Applications,Native megafauna (Bison bison) act as a surprising inhibitor of cedar tree expansion in a Great Plains grassland,https://doi.org/10.1002/eap.70108,Semi-Domestic,"Bison introduced 1920 to current range, herd size of 270 adults with goal of grating ~25 % aboveground production each year","most data not usable, some sspeces richness and soil metrics n supplement","Paired with burning, but both control and treatment standardized","This study took place at Konza Prairie Biological Station (KPBS), a 3487-ha native tallgrass prairie located in northeastern Kansas, USA (39°05′ N, 96°35′ W). KPBS is a National Science Foundation long-term ecological research (LTER) in the Flint Hills ecoregion of the Central Great Plains, the largest expanse of unplowed tallgrass prairie in North America",Population size likely artifically managed,distal comparison with and without,with_introduction,1012,1,10120000,1,10,40 per treatment and catchment type,,"",plot,North America,39.08339354,-96.5832714,reasonable,Konza Prairie Biological Station,Bison bison,"In 1987, 30 bison were introduced and restricted to under half of their current spatial extent, including catchment N20A. In 1992, the bison herd was given access to its current 1012 ha area, including catchment N20B. The herd increased to an average of 270 adults with the goal of a grazing rate of ~25% removal of aboveground production each year",likely kept artifically constant,0.26 Bison bison,0,individuals,hectare,28,,10220,2,2020,cumulative,diversity,vegetation,plants,higher_level,all plants,species richness,number of species,mean,SD,Fig_S2,Fig S2A,51.81,4.3,40,26.12,4.57,40,upland,"",JT,plant_richness,150.606378,579.2553,579.2553,30.6991153067535,0.000937496621708528,0.684881876418467,0.255491974626365,5.73399650681952,0.262822748306078,5.73399650681952,18
dp_5,Noble et al 2025 Ecological Applications,Native megafauna (Bison bison) act as a surprising inhibitor of cedar tree expansion in a Great Plains grassland,https://doi.org/10.1002/eap.70108,Semi-Domestic,"Bison introduced 1920 to current range, herd size of 270 adults with goal of grating ~25 % aboveground production each year","most data not usable, some sspeces richness and soil metrics n supplement","Paired with burning, but both control and treatment standardized","This study took place at Konza Prairie Biological Station (KPBS), a 3487-ha native tallgrass prairie located in northeastern Kansas, USA (39°05′ N, 96°35′ W). KPBS is a National Science Foundation long-term ecological research (LTER) in the Flint Hills ecoregion of the Central Great Plains, the largest expanse of unplowed tallgrass prairie in North America",Population size likely artifically managed,distal comparison with and without,with_introduction,1012,1,10120000,1,10,40 per treatment and catchment type,,"",plot,North America,39.08339354,-96.5832714,reasonable,Konza Prairie Biological Station,Bison bison,"In 1987, 30 bison were introduced and restricted to under half of their current spatial extent, including catchment N20A. In 1992, the bison herd was given access to its current 1012 ha area, including catchment N20B. The herd increased to an average of 270 adults with the goal of a grazing rate of ~25% removal of aboveground production each year",likely kept artifically constant,0.26 Bison bison,0,individuals,hectare,2,,730,1,1994,cumulative,diversity,vegetation,plants,higher_level,all plants,evenness,"",mean,SD,Fig_S2,Fig S2B,0.6885185,0.06699045,40,0.7244444,0.05230772,40,lowland,"",JT,plant_evenness,150.606378,579.2553,579.2553,30.6991153067535,0.000367000415965737,-0.0508628284198045,0.0521904565388531,-0.592007640336257,0.0536607657111449,-0.592007640336257,4
dp_6,Noble et al 2025 Ecological Applications,Native megafauna (Bison bison) act as a surprising inhibitor of cedar tree expansion in a Great Plains grassland,https://doi.org/10.1002/eap.70108,Semi-Domestic,"Bison introduced 1920 to current range, herd size of 270 adults with goal of grating ~25 % aboveground production each year","most data not usable, some sspeces richness and soil metrics n supplement","Paired with burning, but both control and treatment standardized","This study took place at Konza Prairie Biological Station (KPBS), a 3487-ha native tallgrass prairie located in northeastern Kansas, USA (39°05′ N, 96°35′ W). KPBS is a National Science Foundation long-term ecological research (LTER) in the Flint Hills ecoregion of the Central Great Plains, the largest expanse of unplowed tallgrass prairie in North America",Population size likely artifically managed,distal comparison with and without,with_introduction,1012,1,10120000,1,10,40 per treatment and catchment type,,"",plot,North America,39.08339354,-96.5832714,reasonable,Konza Prairie Biological Station,Bison bison,"In 1987, 30 bison were introduced and restricted to under half of their current spatial extent, including catchment N20A. In 1992, the bison herd was given access to its current 1012 ha area, including catchment N20B. The herd increased to an average of 270 adults with the goal of a grazing rate of ~25% removal of aboveground production each year",likely kept artifically constant,0.26 Bison bison,0,individuals,hectare,2,,730,1,1994,cumulative,diversity,vegetation,plants,higher_level,all plants,evenness,"",mean,SD,Fig_S2,Fig S2B,0.6840741,0.09530517,40,0.6744444,0.07868765,40,upland,"",JT,plant_evenness,150.606378,579.2553,579.2553,30.6991153067535,0.000825550359101892,0.0141770042687878,0.0500744278521829,0.109125873876278,0.0513611226434527,0.109125873876278,4
dp_7,Noble et al 2025 Ecological Applications,Native megafauna (Bison bison) act as a surprising inhibitor of cedar tree expansion in a Great Plains grassland,https://doi.org/10.1002/eap.70108,Semi-Domestic,"Bison introduced 1920 to current range, herd size of 270 adults with goal of grating ~25 % aboveground production each year","most data not usable, some sspeces richness and soil metrics n supplement","Paired with burning, but both control and treatment standardized","This study took place at Konza Prairie Biological Station (KPBS), a 3487-ha native tallgrass prairie located in northeastern Kansas, USA (39°05′ N, 96°35′ W). KPBS is a National Science Foundation long-term ecological research (LTER) in the Flint Hills ecoregion of the Central Great Plains, the largest expanse of unplowed tallgrass prairie in North America",Population size likely artifically managed,distal comparison with and without,with_introduction,1012,1,10120000,1,10,40 per treatment and catchment type,,"",plot,North America,39.08339354,-96.5832714,reasonable,Konza Prairie Biological Station,Bison bison,"In 1987, 30 bison were introduced and restricted to under half of their current spatial extent, including catchment N20A. In 1992, the bison herd was given access to its current 1012 ha area, including catchment N20B. The herd increased to an average of 270 adults with the goal of a grazing rate of ~25% removal of aboveground production each year",likely kept artifically constant,0.26 Bison bison,0,individuals,hectare,28,,10220,2,2020,cumulative,diversity,vegetation,plants,higher_level,all plants,evenness,"",mean,SD,Fig_S2,Fig S2B,0.6348148,0.09179677,40,0.6144444,0.07273928,40,lowland,"",JT,plant_evenness,150.606378,579.2553,579.2553,30.6991153067535,0.000873116675189873,0.0326148579627906,0.050370856181326,0.243591849231785,0.0516822910415312,0.243591849231785,4
dp_8,Noble et al 2025 Ecological Applications,Native megafauna (Bison bison) act as a surprising inhibitor of cedar tree expansion in a Great Plains grassland,https://doi.org/10.1002/eap.70108,Semi-Domestic,"Bison introduced 1920 to current range, herd size of 270 adults with goal of grating ~25 % aboveground production each year","most data not usable, some sspeces richness and soil metrics n supplement","Paired with burning, but both control and treatment standardized","This study took place at Konza Prairie Biological Station (KPBS), a 3487-ha native tallgrass prairie located in northeastern Kansas, USA (39°05′ N, 96°35′ W). KPBS is a National Science Foundation long-term ecological research (LTER) in the Flint Hills ecoregion of the Central Great Plains, the largest expanse of unplowed tallgrass prairie in North America",Population size likely artifically managed,distal comparison with and without,with_introduction,1012,1,10120000,1,10,40 per treatment and catchment type,,"",plot,North America,39.08339354,-96.5832714,reasonable,Konza Prairie Biological Station,Bison bison,"In 1987, 30 bison were introduced and restricted to under half of their current spatial extent, including catchment N20A. In 1992, the bison herd was given access to its current 1012 ha area, including catchment N20B. The herd increased to an average of 270 adults with the goal of a grazing rate of ~25% removal of aboveground production each year",likely kept artifically constant,0.26 Bison bison,0,individuals,hectare,28,,10220,2,2020,cumulative,diversity,vegetation,plants,higher_level,all plants,evenness,"",mean,SD,Fig_S2,Fig S2B,0.7096296,0.05523769,40,0.6003704,0.12365526,40,upland,"",JT,plant_evenness,150.606378,579.2553,579.2553,30.6991153067535,0.00121201633446961,0.167196345689225,0.0579792044051308,1.12989942243588,0.0631099616258996,1.12989942243588,4
dp_9,Noble et al 2025 Ecological Applications,Native megafauna (Bison bison) act as a surprising inhibitor of cedar tree expansion in a Great Plains grassland,https://doi.org/10.1002/eap.70108,Semi-Domestic,"Bison introduced 1920 to current range, herd size of 270 adults with goal of grating ~25 % aboveground production each year","most data not usable, some sspeces richness and soil metrics n supplement","Paired with burning, but both control and treatment standardized","This study took place at Konza Prairie Biological Station (KPBS), a 3487-ha native tallgrass prairie located in northeastern Kansas, USA (39°05′ N, 96°35′ W). KPBS is a National Science Foundation long-term ecological research (LTER) in the Flint Hills ecoregion of the Central Great Plains, the largest expanse of unplowed tallgrass prairie in North America",Population size likely artifically managed,distal comparison with and without,with_introduction,1012,1,10120000,1,10,40 per treatment and catchment type,,"",plot,North America,39.08339354,-96.5832714,reasonable,Konza Prairie Biological Station,Bison bison,"In 1987, 30 bison were introduced and restricted to under half of their current spatial extent, including catchment N20A. In 1992, the bison herd was given access to its current 1012 ha area, including catchment N20B. The herd increased to an average of 270 adults with the goal of a grazing rate of ~25% removal of aboveground production each year",likely kept artifically constant,0.26 Bison bison,0,individuals,hectare,2,,730,1,1994,cumulative,diversity,vegetation,plants,higher_level,all plants,exponential shannon index,"",mean,SD,Fig_S2,Fig S2C,10.1215278,2.39260648,40,9.5833333,1.72306018,40,lowland,"",JT,plant_diversity,150.606378,579.2553,579.2553,30.6991153067535,0.00220516000900961,0.0546391457471983,0.0504084791231793,0.25564948603252,0.051743097951227,0.25564948603252,8
dp_10,Noble et al 2025 Ecological Applications,Native megafauna (Bison bison) act as a surprising inhibitor of cedar tree expansion in a Great Plains grassland,https://doi.org/10.1002/eap.70108,Semi-Domestic,"Bison introduced 1920 to current range, herd size of 270 adults with goal of grating ~25 % aboveground production each year","most data not usable, some sspeces richness and soil metrics n supplement","Paired with burning, but both control and treatment standardized","This study took place at Konza Prairie Biological Station (KPBS), a 3487-ha native tallgrass prairie located in northeastern Kansas, USA (39°05′ N, 96°35′ W). KPBS is a National Science Foundation long-term ecological research (LTER) in the Flint Hills ecoregion of the Central Great Plains, the largest expanse of unplowed tallgrass prairie in North America",Population size likely artifically managed,distal comparison with and without,with_introduction,1012,1,10120000,1,10,40 per treatment and catchment type,,"",plot,North America,39.08339354,-96.5832714,reasonable,Konza Prairie Biological Station,Bison bison,"In 1987, 30 bison were introduced and restricted to under half of their current spatial extent, including catchment N20A. In 1992, the bison herd was given access to its current 1012 ha area, including catchment N20B. The herd increased to an average of 270 adults with the goal of a grazing rate of ~25% removal of aboveground production each year",likely kept artifically constant,0.26 Bison bison,0,individuals,hectare,2,,730,1,1994,cumulative,diversity,vegetation,plants,higher_level,all plants,exponential shannon index,"",mean,SD,Fig_S2,Fig S2C,8.8368056,2.34939077,40,7.9166667,1.58488879,40,upland,"",JT,plant_diversity,150.606378,579.2553,579.2553,30.6991153067535,0.00276906084520015,0.10995520785508,0.051292396365302,0.454734448275377,0.0527934881702797,0.454734448275377,8
dp_11,Noble et al 2025 Ecological Applications,Native megafauna (Bison bison) act as a surprising inhibitor of cedar tree expansion in a Great Plains grassland,https://doi.org/10.1002/eap.70108,Semi-Domestic,"Bison introduced 1920 to current range, herd size of 270 adults with goal of grating ~25 % aboveground production each year","most data not usable, some sspeces richness and soil metrics n supplement","Paired with burning, but both control and treatment standardized","This study took place at Konza Prairie Biological Station (KPBS), a 3487-ha native tallgrass prairie located in northeastern Kansas, USA (39°05′ N, 96°35′ W). KPBS is a National Science Foundation long-term ecological research (LTER) in the Flint Hills ecoregion of the Central Great Plains, the largest expanse of unplowed tallgrass prairie in North America",Population size likely artifically managed,distal comparison with and without,with_introduction,1012,1,10120000,1,10,40 per treatment and catchment type,,"",plot,North America,39.08339354,-96.5832714,reasonable,Konza Prairie Biological Station,Bison bison,"In 1987, 30 bison were introduced and restricted to under half of their current spatial extent, including catchment N20A. In 1992, the bison herd was given access to its current 1012 ha area, including catchment N20B. The herd increased to an average of 270 adults with the goal of a grazing rate of ~25% removal of aboveground production each year",likely kept artifically constant,0.26 Bison bison,0,individuals,hectare,28,,10220,2,2020,cumulative,diversity,vegetation,plants,higher_level,all plants,exponential shannon index,"",mean,SD,Fig_S2,Fig S2C,11.0069444,4.17498464,40,7.7951389,2.43499322,40,lowland,"",JT,plant_diversity,150.606378,579.2553,579.2553,30.6991153067535,0.00603622636395986,0.345026061231727,0.0554139911842358,0.930719393521871,0.05818094950181,0.930719393521871,8
dp_12,Noble et al 2025 Ecological Applications,Native megafauna (Bison bison) act as a surprising inhibitor of cedar tree expansion in a Great Plains grassland,https://doi.org/10.1002/eap.70108,Semi-Domestic,"Bison introduced 1920 to current range, herd size of 270 adults with goal of grating ~25 % aboveground production each year","most data not usable, some sspeces richness and soil metrics n supplement","Paired with burning, but both control and treatment standardized","This study took place at Konza Prairie Biological Station (KPBS), a 3487-ha native tallgrass prairie located in northeastern Kansas, USA (39°05′ N, 96°35′ W). KPBS is a National Science Foundation long-term ecological research (LTER) in the Flint Hills ecoregion of the Central Great Plains, the largest expanse of unplowed tallgrass prairie in North America",Population size likely artifically managed,distal comparison with and without,with_introduction,1012,1,10120000,1,10,40 per treatment and catchment type,,"",plot,North America,39.08339354,-96.5832714,reasonable,Konza Prairie Biological Station,Bison bison,"In 1987, 30 bison were introduced and restricted to under half of their current spatial extent, including catchment N20A. In 1992, the bison herd was given access to its current 1012 ha area, including catchment N20B. The herd increased to an average of 270 adults with the goal of a grazing rate of ~25% removal of aboveground production each year",likely kept artifically constant,0.26 Bison bison,0,individuals,hectare,28,,10220,2,2020,cumulative,diversity,vegetation,plants,higher_level,all plants,exponential shannon index,"",mean,SD,Fig_S2,Fig S2C,16.8576389,4.76828172,40,7.9513889,3.27491545,40,upland,"",JT,plant_diversity,150.606378,579.2553,579.2553,30.6991153067535,0.00624104835177557,0.751457283438874,0.0790622622489915,2.15637704491553,0.0849303022301388,2.15637704491553,8
dp_13,Kaštovská et al 2025 Science of The Total Environment,Trophic rewilding by large herbivores reduces plant nitrogen and water limitation across seven sites irrespective of their edaphic conditions,https://doi.org/10.1016/j.scitotenv.2025.179141,Mix,Rewilding in six areas for a couple of years,"",each area compared with one nearby control,Unkown,"no feeding or drugs, but likely population control somehow",distal comparison with and without,with_introduction,100,1,1000000,1,10000,4 per treatment,,"",plot,Europe,50.237,14.889,"",MBV,Equus caballus; Bos taurus,"Introduced 3/2015, smaller herbivores such as roe deer have free access to control and treatment",likely kept artifically constant,0.25 Equus caballus; 0.09 Bos taurus,0,individuals,hectare,7,,2555,1,2022,cumulative,soil_nutrients,soil,soil,higher_level,soil,Dissolved N,mg/g,mean,SD,"","",19.3,4.1,4,14.6,0.3,4,"","",JT,soil_n,142.5,419.117647058824,750,30.9195633007696,0.0113877365850438,0.279083567196549,0.623277937949594,1.40443832445341,0.991925095742544,1.40443832445341,1
dp_14,Kaštovská et al 2025 Science of The Total Environment,Trophic rewilding by large herbivores reduces plant nitrogen and water limitation across seven sites irrespective of their edaphic conditions,https://doi.org/10.1016/j.scitotenv.2025.179141,Mix,Rewilding in six areas for a couple of years,"",each area compared with one nearby control,Unkown,"no feeding or drugs, but likely population control somehow",distal comparison with and without,with_introduction,250,1,2500000,1,10000,4 per treatment,,"",plot,Europe,50.279,14.882,"",MTR,Equus caballus; Bison bonasus; Bos taurus,"Introduced 12/2015, smaller herbivores such as roe deer have free access to control and treatment",likely kept artifically constant,0.16 Equus caballus; 0.12 Bison bonasus; 0.02 Bos taurus,0,individuals,hectare,7,,2555,1,2022,cumulative,soil_nutrients,soil,soil,higher_level,soil,Dissolved N,mg/g,mean,SD,"","",12.2,1.2,4,14.3,1,4,"","",JT,soil_n,123,410,750,27.0882783257467,0.00364125831939394,-0.158823585526651,0.670461031945418,-1.65147706951283,0.90133881026043,-1.65147706951283,1
dp_15,Kaštovská et al 2025 Science of The Total Environment,Trophic rewilding by large herbivores reduces plant nitrogen and water limitation across seven sites irrespective of their edaphic conditions,https://doi.org/10.1016/j.scitotenv.2025.179141,Mix,Rewilding in six areas for a couple of years,"",each area compared with one nearby control,Unkown,"no feeding or drugs, but likely population control somehow",distal comparison with and without,with_introduction,30,1,300000,1,10000,4 per treatment,,"",plot,Europe,49.664,13.317,"",DOB,Equus caballus,"Introduced 1/2018, smaller herbivores such as roe deer have free access to control and treatment",likely kept artifically constant,0.2 Equus caballus,0,individuals,hectare,4,,1460,1,2022,cumulative,soil_nutrients,soil,soil,higher_level,soil,Dissolved N,mg/g,mean,SD,"","",12,3,4,13.6,4.1,4,"","",JT,soil_n,60,300,300,14.4168684848085,0.0383461288927336,-0.125163142954006,0.509354666536146,-0.38687810041192,0.680281626387619,-0.38687810041192,1
dp_16,Kaštovská et al 2025 Science of The Total Environment,Trophic rewilding by large herbivores reduces plant nitrogen and water limitation across seven sites irrespective of their edaphic conditions,https://doi.org/10.1016/j.scitotenv.2025.179141,Mix,Rewilding in six areas for a couple of years,"",each area compared with one nearby control,Unkown,"no feeding or drugs, but likely population control somehow",distal comparison with and without,with_introduction,35,1,350000,1,10000,4 per treatment,,"",plot,Europe,48.81,15.992,"",HAV,Equus caballus,"Introduced 5/2018, smaller herbivores such as roe deer have free access to control and treatment",likely kept artifically constant,0.23 Equus caballus,0,individuals,hectare,4,,1460,1,2022,cumulative,soil_nutrients,soil,soil,higher_level,soil,Dissolved N,mg/g,mean,SD,"","",29.2,5.2,4,18.1,3.4,4,"","",JT,soil_n,69,300,300,16.5793987575298,0.0167497813036246,0.478256771002456,0.801047484756898,2.19471177062282,1.13261997152467,2.19471177062282,1
dp_17,Kaštovská et al 2025 Science of The Total Environment,Trophic rewilding by large herbivores reduces plant nitrogen and water limitation across seven sites irrespective of their edaphic conditions,https://doi.org/10.1016/j.scitotenv.2025.179141,Mix,Rewilding in six areas for a couple of years,"",each area compared with one nearby control,Unkown,"no feeding or drugs, but likely population control somehow",distal comparison with and without,with_introduction,29,1,290000,1,10000,4 per treatment,,"",plot,Europe,48.845,15.971,"",MAS,Equus caballus,"Introduced 5/2018, smaller herbivores such as roe deer have free access to control and treatment",likely kept artifically constant,0.31 Equus caballus,0,individuals,hectare,4,,1460,1,2022,cumulative,soil_nutrients,soil,soil,higher_level,soil,Dissolved N,mg/g,mean,SD,"","",16.4,1.1,4,17.9,2.7,4,"","",JT,soil_n,93,300,300,22.3461461514532,0.00681272727633083,-0.0875193780165565,0.524965481269317,-0.632018749966384,0.716985282371437,-0.632018749966384,1
dp_18,Kaštovská et al 2025 Science of The Total Environment,Trophic rewilding by large herbivores reduces plant nitrogen and water limitation across seven sites irrespective of their edaphic conditions,https://doi.org/10.1016/j.scitotenv.2025.179141,Mix,Rewilding in six areas for a couple of years,"",each area compared with one nearby control,Unkown,"no feeding or drugs, but likely population control somehow",distal comparison with and without,with_introduction,18,1,180000,1,10000,4 per treatment,,"",plot,Europe,50.1878,15.861,"",HRK,Equus caballus,"Introduced 1/2018, smaller herbivores such as roe deer have free access to control and treatment",likely kept artifically constant,0.17 Equus caballus,0,individuals,hectare,4,,1460,1,2022,cumulative,soil_nutrients,soil,soil,higher_level,soil,Dissolved N,mg/g,mean,SD,"","",11.2,1.2,4,10.5,2.6,4,"","",JT,soil_n,51,300,300,12.2543382120872,0.0181986961451247,0.0645385211375712,0.505635838996569,0.300288900802394,0.677344072650126,0.300288900802394,1
dp_19,Kaštovská et al 2025 Science of The Total Environment,Trophic rewilding by large herbivores reduces plant nitrogen and water limitation across seven sites irrespective of their edaphic conditions,https://doi.org/10.1016/j.scitotenv.2025.179141,Mix,Rewilding in six areas for a couple of years,"",each area compared with one nearby control,Unkown,"no feeding or drugs, but likely population control somehow",distal comparison with and without,with_introduction,100,1,1000000,1,10000,4 per treatment,,"",plot,Europe,50.237,14.889,"",MBV,Equus caballus; Bos taurus,"Introduced 3/2015, smaller herbivores such as roe deer have free access to control and treatment",likely kept artifically constant,0.25 Equus caballus; 0.09 Bos taurus,0,individuals,hectare,7,,2555,1,2022,cumulative,soil_nutrients,soil,soil,higher_level,soil,Dissolved NH4-N,ng/g,mean,SD,"","",633,51,4,633,43,4,"","",JT,soil_n,142.5,419.117647058824,750,30.9195633007696,0.00277646753467153,0,0.5,0,0.666666666666667,0,1
dp_20,Kaštovská et al 2025 Science of The Total Environment,Trophic rewilding by large herbivores reduces plant nitrogen and water limitation across seven sites irrespective of their edaphic conditions,https://doi.org/10.1016/j.scitotenv.2025.179141,Mix,Rewilding in six areas for a couple of years,"",each area compared with one nearby control,Unkown,"no feeding or drugs, but likely population control somehow",distal comparison with and without,with_introduction,250,1,2500000,1,10000,4 per treatment,,"",plot,Europe,50.279,14.882,"",MTR,Equus caballus; Bison bonasus; Bos taurus,"Introduced 12/2015, smaller herbivores such as roe deer have free access to control and treatment",likely kept artifically constant,0.16 Equus caballus; 0.12 Bison bonasus; 0.02 Bos taurus,0,individuals,hectare,7,,2555,1,2022,cumulative,soil_nutrients,soil,soil,higher_level,soil,Dissolved NH4-N,ng/g,mean,SD,"","",649,148,4,598,55,4,"","",JT,soil_n,123,410,750,27.0882783257467,0.0151156882109756,0.0818419627534583,0.50984037943569,0.396794746652517,0.687312039767858,0.396794746652517,1
dp_21,Kaštovská et al 2025 Science of The Total Environment,Trophic rewilding by large herbivores reduces plant nitrogen and water limitation across seven sites irrespective of their edaphic conditions,https://doi.org/10.1016/j.scitotenv.2025.179141,Mix,Rewilding in six areas for a couple of years,"",each area compared with one nearby control,Unkown,"no feeding or drugs, but likely population control somehow",distal comparison with and without,with_introduction,30,1,300000,1,10000,4 per treatment,,"",plot,Europe,49.664,13.317,"",DOB,Equus caballus,"Introduced 1/2018, smaller herbivores such as roe deer have free access to control and treatment",likely kept artifically constant,0.2 Equus caballus,0,individuals,hectare,4,,1460,1,2022,cumulative,soil_nutrients,soil,soil,higher_level,soil,Dissolved NH4-N,ng/g,mean,SD,"","",1205,75,4,951,248,4,"","",JT,soil_n,60,300,300,14.4168684848085,0.0179697831087804,0.236720783379365,0.590642861166845,1.20427811516673,0.871266954284374,1.20427811516673,1
dp_22,Kaštovská et al 2025 Science of The Total Environment,Trophic rewilding by large herbivores reduces plant nitrogen and water limitation across seven sites irrespective of their edaphic conditions,https://doi.org/10.1016/j.scitotenv.2025.179141,Mix,Rewilding in six areas for a couple of years,"",each area compared with one nearby control,Unkown,"no feeding or drugs, but likely population control somehow",distal comparison with and without,with_introduction,35,1,350000,1,10000,4 per treatment,,"",plot,Europe,48.81,15.992,"",HAV,Equus caballus,"Introduced 5/2018, smaller herbivores such as roe deer have free access to control and treatment",likely kept artifically constant,0.23 Equus caballus,0,individuals,hectare,4,,1460,1,2022,cumulative,soil_nutrients,soil,soil,higher_level,soil,Dissolved NH4-N,ng/g,mean,SD,"","",878,57,4,1050,286,4,"","",JT,soil_n,69,300,300,16.5793987575298,0.0196015062779003,-0.178898849516452,0.532808355220609,-0.724523073152084,0.747726259116465,-0.724523073152084,1
dp_23,Kaštovská et al 2025 Science of The Total Environment,Trophic rewilding by large herbivores reduces plant nitrogen and water limitation across seven sites irrespective of their edaphic conditions,https://doi.org/10.1016/j.scitotenv.2025.179141,Mix,Rewilding in six areas for a couple of years,"",each area compared with one nearby control,Unkown,"no feeding or drugs, but likely population control somehow",distal comparison with and without,with_introduction,29,1,290000,1,10000,4 per treatment,,"",plot,Europe,48.845,15.971,"",MAS,Equus caballus,"Introduced 5/2018, smaller herbivores such as roe deer have free access to control and treatment",likely kept artifically constant,0.31 Equus caballus,0,individuals,hectare,4,,1460,1,2022,cumulative,soil_nutrients,soil,soil,higher_level,soil,Dissolved NH4-N,ng/g,mean,SD,"","",828,74,4,749,22,4,"","",JT,soil_n,93,300,300,22.3461461514532,0.00221252362254549,0.10027417086804,0.598760725810243,1.25704877111586,0.890727992951475,1.25704877111586,1
dp_24,Kaštovská et al 2025 Science of The Total Environment,Trophic rewilding by large herbivores reduces plant nitrogen and water limitation across seven sites irrespective of their edaphic conditions,https://doi.org/10.1016/j.scitotenv.2025.179141,Mix,Rewilding in six areas for a couple of years,"",each area compared with one nearby control,Unkown,"no feeding or drugs, but likely population control somehow",distal comparison with and without,with_introduction,18,1,180000,1,10000,4 per treatment,,"",plot,Europe,50.1878,15.861,"",HRK,Equus caballus,"Introduced 1/2018, smaller herbivores such as roe deer have free access to control and treatment",likely kept artifically constant,0.17 Equus caballus,0,individuals,hectare,4,,1460,1,2022,cumulative,soil_nutrients,soil,soil,higher_level,soil,Dissolved NH4-N,ng/g,mean,SD,"","",842,304,4,779,122,4,"","",JT,soil_n,51,300,300,12.2543382120872,0.0387201510363409,0.0777689683715785,0.503488652620244,0.236259268440198,0.673746820288072,0.236259268440198,1
dp_25,Kaštovská et al 2025 Science of The Total Environment,Trophic rewilding by large herbivores reduces plant nitrogen and water limitation across seven sites irrespective of their edaphic conditions,https://doi.org/10.1016/j.scitotenv.2025.179141,Mix,Rewilding in six areas for a couple of years,"",each area compared with one nearby control,Unkown,"no feeding or drugs, but likely population control somehow",distal comparison with and without,with_introduction,100,1,1000000,1,10000,4 per treatment,,"",plot,Europe,50.237,14.889,"",MBV,Equus caballus; Bos taurus,"Introduced 3/2015, smaller herbivores such as roe deer have free access to control and treatment",likely kept artifically constant,0.25 Equus caballus; 0.09 Bos taurus,0,individuals,hectare,7,,2555,1,2022,cumulative,soil_nutrients,soil,soil,higher_level,soil,Dissolved NO3-N,ng/g,mean,SD,"","",1557,618,4,1790,644,4,"","",JT,soil_n,142.5,419.117647058824,750,30.9195633007696,0.0717455946863199,-0.139454727000802,0.506427101820855,-0.320676829742458,0.675250672711208,-0.320676829742458,1
dp_26,Kaštovská et al 2025 Science of The Total Environment,Trophic rewilding by large herbivores reduces plant nitrogen and water limitation across seven sites irrespective of their edaphic conditions,https://doi.org/10.1016/j.scitotenv.2025.179141,Mix,Rewilding in six areas for a couple of years,"",each area compared with one nearby control,Unkown,"no feeding or drugs, but likely population control somehow",distal comparison with and without,with_introduction,250,1,2500000,1,10000,4 per treatment,,"",plot,Europe,50.279,14.882,"",MTR,Equus caballus; Bison bonasus; Bos taurus,"Introduced 12/2015, smaller herbivores such as roe deer have free access to control and treatment",likely kept artifically constant,0.16 Equus caballus; 0.12 Bison bonasus; 0.02 Bos taurus,0,individuals,hectare,7,,2555,1,2022,cumulative,soil_nutrients,soil,soil,higher_level,soil,Dissolved NO3-N,ng/g,mean,SD,"","",968,197,4,1900,524,4,"","",JT,soil_n,123,410,750,27.0882783257467,0.0293692823508093,-0.674377077877955,0.761414678384838,-2.04514910316031,1.2124974229651,-2.04514910316031,1
dp_27,Kaštovská et al 2025 Science of The Total Environment,Trophic rewilding by large herbivores reduces plant nitrogen and water limitation across seven sites irrespective of their edaphic conditions,https://doi.org/10.1016/j.scitotenv.2025.179141,Mix,Rewilding in six areas for a couple of years,"",each area compared with one nearby control,Unkown,"no feeding or drugs, but likely population control somehow",distal comparison with and without,with_introduction,30,1,300000,1,10000,4 per treatment,,"",plot,Europe,49.664,13.317,"",DOB,Equus caballus,"Introduced 1/2018, smaller herbivores such as roe deer have free access to control and treatment",likely kept artifically constant,0.2 Equus caballus,0,individuals,hectare,4,,1460,1,2022,cumulative,soil_nutrients,soil,soil,higher_level,soil,Dissolved NO3-N,ng/g,mean,SD,"","",1761,872,4,1934,808,4,"","",JT,soil_n,60,300,300,14.4168684848085,0.104935611846075,-0.0937085675170335,0.501997331617421,-0.178766064673203,0.66934519003333,-0.178766064673203,1
dp_28,Kaštovská et al 2025 Science of The Total Environment,Trophic rewilding by large herbivores reduces plant nitrogen and water limitation across seven sites irrespective of their edaphic conditions,https://doi.org/10.1016/j.scitotenv.2025.179141,Mix,Rewilding in six areas for a couple of years,"",each area compared with one nearby control,Unkown,"no feeding or drugs, but likely population control somehow",distal comparison with and without,with_introduction,35,1,350000,1,10000,4 per treatment,,"",plot,Europe,48.81,15.992,"",HAV,Equus caballus,"Introduced 5/2018, smaller herbivores such as roe deer have free access to control and treatment",likely kept artifically constant,0.23 Equus caballus,0,individuals,hectare,4,,1460,1,2022,cumulative,soil_nutrients,soil,soil,higher_level,soil,Dissolved NO3-N,ng/g,mean,SD,"","",1233,585,4,1075,379,4,"","",JT,soil_n,69,300,300,16.5793987575298,0.0873506171139764,0.137129562602581,0.504845895171336,0.278449856781021,0.674207225006917,0.278449856781021,1
dp_29,Kaštovská et al 2025 Science of The Total Environment,Trophic rewilding by large herbivores reduces plant nitrogen and water limitation across seven sites irrespective of their edaphic conditions,https://doi.org/10.1016/j.scitotenv.2025.179141,Mix,Rewilding in six areas for a couple of years,"",each area compared with one nearby control,Unkown,"no feeding or drugs, but likely population control somehow",distal comparison with and without,with_introduction,29,1,290000,1,10000,4 per treatment,,"",plot,Europe,48.845,15.971,"",MAS,Equus caballus,"Introduced 5/2018, smaller herbivores such as roe deer have free access to control and treatment",likely kept artifically constant,0.31 Equus caballus,0,individuals,hectare,4,,1460,1,2022,cumulative,soil_nutrients,soil,soil,higher_level,soil,Dissolved NO3-N,ng/g,mean,SD,"","",983,429,4,676,176,4,"","",JT,soil_n,93,300,300,22.3461461514532,0.0645615985518449,0.374416044104203,0.541340935781906,0.813298821166302,0.749721406646892,0.813298821166302,1
dp_30,Kaštovská et al 2025 Science of The Total Environment,Trophic rewilding by large herbivores reduces plant nitrogen and water limitation across seven sites irrespective of their edaphic conditions,https://doi.org/10.1016/j.scitotenv.2025.179141,Mix,Rewilding in six areas for a couple of years,"",each area compared with one nearby control,Unkown,"no feeding or drugs, but likely population control somehow",distal comparison with and without,with_introduction,18,1,180000,1,10000,4 per treatment,,"",plot,Europe,50.1878,15.861,"",HRK,Equus caballus,"Introduced 1/2018, smaller herbivores such as roe deer have free access to control and treatment",likely kept artifically constant,0.17 Equus caballus,0,individuals,hectare,4,,1460,1,2022,cumulative,soil_nutrients,soil,soil,higher_level,soil,Dissolved NO3-N,ng/g,mean,SD,"","",983,549,4,1722,677,4,"","",JT,soil_n,51,300,300,12.2543382120872,0.116620239831241,-0.56063256484051,0.567796293460036,-1.04150885515227,0.760918523695184,-1.04150885515227,1
dp_31,Kaštovská et al 2025 Science of The Total Environment,Trophic rewilding by large herbivores reduces plant nitrogen and water limitation across seven sites irrespective of their edaphic conditions,https://doi.org/10.1016/j.scitotenv.2025.179141,Mix,Rewilding in six areas for a couple of years,"",each area compared with one nearby control,Unkown,"no feeding or drugs, but likely population control somehow",distal comparison with and without,with_introduction,100,1,1000000,1,10000,4 per treatment,,"",plot,Europe,50.237,14.889,"",MBV,Equus caballus; Bos taurus,"Introduced 3/2015, smaller herbivores such as roe deer have free access to control and treatment",likely kept artifically constant,0.25 Equus caballus; 0.09 Bos taurus,0,individuals,hectare,7,,2555,1,2022,cumulative,soil_nutrients,soil,soil,higher_level,soil,Dissolved org. C,mg/g,mean,SD,"","",134,45,4,92,9,4,"","",JT,soil_n,142.5,419.117647058824,750,30.9195633007696,0.0305864042896709,0.376051222901871,0.578998085080118,1.12426391976345,0.861746750533151,1.12426391976345,1
dp_32,Kaštovská et al 2025 Science of The Total Environment,Trophic rewilding by large herbivores reduces plant nitrogen and water limitation across seven sites irrespective of their edaphic conditions,https://doi.org/10.1016/j.scitotenv.2025.179141,Mix,Rewilding in six areas for a couple of years,"",each area compared with one nearby control,Unkown,"no feeding or drugs, but likely population control somehow",distal comparison with and without,with_introduction,250,1,2500000,1,10000,4 per treatment,,"",plot,Europe,50.279,14.882,"",MTR,Equus caballus; Bison bonasus; Bos taurus,"Introduced 12/2015, smaller herbivores such as roe deer have free access to control and treatment",likely kept artifically constant,0.16 Equus caballus; 0.12 Bison bonasus; 0.02 Bos taurus,0,individuals,hectare,7,,2555,1,2022,cumulative,soil_nutrients,soil,soil,higher_level,soil,Dissolved org. C,mg/g,mean,SD,"","",101,9,4,91,8,4,"","",JT,soil_n,123,410,750,27.0882783257467,0.00391723330031468,0.104261010324409,0.56504416575914,1.02015030860469,0.75458431067715,1.02015030860469,1
dp_33,Kaštovská et al 2025 Science of The Total Environment,Trophic rewilding by large herbivores reduces plant nitrogen and water limitation across seven sites irrespective of their edaphic conditions,https://doi.org/10.1016/j.scitotenv.2025.179141,Mix,Rewilding in six areas for a couple of years,"",each area compared with one nearby control,Unkown,"no feeding or drugs, but likely population control somehow",distal comparison with and without,with_introduction,30,1,300000,1,10000,4 per treatment,,"",plot,Europe,49.664,13.317,"",DOB,Equus caballus,"Introduced 1/2018, smaller herbivores such as roe deer have free access to control and treatment",likely kept artifically constant,0.2 Equus caballus,0,individuals,hectare,4,,1460,1,2022,cumulative,soil_nutrients,soil,soil,higher_level,soil,Dissolved org. C,mg/g,mean,SD,"","",79,19,4,107,38,4,"","",JT,soil_n,60,300,300,14.4168684848085,0.0459919616766267,-0.303380981994885,0.540965211986144,-0.809594584825211,0.740950251068208,-0.809594584825211,1
dp_34,Kaštovská et al 2025 Science of The Total Environment,Trophic rewilding by large herbivores reduces plant nitrogen and water limitation across seven sites irrespective of their edaphic conditions,https://doi.org/10.1016/j.scitotenv.2025.179141,Mix,Rewilding in six areas for a couple of years,"",each area compared with one nearby control,Unkown,"no feeding or drugs, but likely population control somehow",distal comparison with and without,with_introduction,35,1,350000,1,10000,4 per treatment,,"",plot,Europe,48.81,15.992,"",HAV,Equus caballus,"Introduced 5/2018, smaller herbivores such as roe deer have free access to control and treatment",likely kept artifically constant,0.23 Equus caballus,0,individuals,hectare,4,,1460,1,2022,cumulative,soil_nutrients,soil,soil,higher_level,soil,Dissolved org. C,mg/g,mean,SD,"","",199,38,4,102,18,4,"","",JT,soil_n,69,300,300,16.5793987575298,0.016901398543901,0.668332011440221,1.00192353261325,2.83386247404705,1.60446205703087,2.83386247404705,1
dp_35,Kaštovská et al 2025 Science of The Total Environment,Trophic rewilding by large herbivores reduces plant nitrogen and water limitation across seven sites irrespective of their edaphic conditions,https://doi.org/10.1016/j.scitotenv.2025.179141,Mix,Rewilding in six areas for a couple of years,"",each area compared with one nearby control,Unkown,"no feeding or drugs, but likely population control somehow",distal comparison with and without,with_introduction,29,1,290000,1,10000,4 per treatment,,"",plot,Europe,48.845,15.971,"",MAS,Equus caballus,"Introduced 5/2018, smaller herbivores such as roe deer have free access to control and treatment",likely kept artifically constant,0.31 Equus caballus,0,individuals,hectare,4,,1460,1,2022,cumulative,soil_nutrients,soil,soil,higher_level,soil,Dissolved org. C,mg/g,mean,SD,"","",93,9,4,101,13,4,"","",JT,soil_n,93,300,300,22.3461461514532,0.00648306194297941,-0.0825210236880035,0.524144394329793,-0.621538662736827,0.702847975153109,-0.621538662736827,1
dp_36,Kaštovská et al 2025 Science of The Total Environment,Trophic rewilding by large herbivores reduces plant nitrogen and water limitation across seven sites irrespective of their edaphic conditions,https://doi.org/10.1016/j.scitotenv.2025.179141,Mix,Rewilding in six areas for a couple of years,"",each area compared with one nearby control,Unkown,"no feeding or drugs, but likely population control somehow",distal comparison with and without,with_introduction,18,1,180000,1,10000,4 per treatment,,"",plot,Europe,50.1878,15.861,"",HRK,Equus caballus,"Introduced 1/2018, smaller herbivores such as roe deer have free access to control and treatment",likely kept artifically constant,0.17 Equus caballus,0,individuals,hectare,4,,1460,1,2022,cumulative,soil_nutrients,soil,soil,higher_level,soil,Dissolved org. C,mg/g,mean,SD,"","",84,5,4,82,11,4,"","",JT,soil_n,51,300,300,12.2543382120872,0.00538458120706145,0.0240975515790605,0.50258394631098,0.203330128056991,0.671601491759982,0.203330128056991,1
dp_37,Kaštovská et al 2025 Science of The Total Environment,Trophic rewilding by large herbivores reduces plant nitrogen and water limitation across seven sites irrespective of their edaphic conditions,https://doi.org/10.1016/j.scitotenv.2025.179141,Mix,Rewilding in six areas for a couple of years,"",each area compared with one nearby control,Unkown,"no feeding or drugs, but likely population control somehow",distal comparison with and without,with_introduction,100,1,1000000,1,10000,4 per treatment,,"",plot,Europe,50.237,14.889,"",MBV,Equus caballus; Bos taurus,"Introduced 3/2015, smaller herbivores such as roe deer have free access to control and treatment",likely kept artifically constant,0.25 Equus caballus; 0.09 Bos taurus,0,individuals,hectare,7,,2555,1,2022,cumulative,microbial_nutrients,soil,soil,higher_level,soil,Microbial C,mg/g,mean,SD,"","",566,177,4,609,60,4,"","",JT,soil_n,142.5,419.117647058824,750,30.9195633007696,0.0268752365739178,-0.0732241895067141,0.504992603870954,-0.282633440935887,0.677518761538258,-0.282633440935887,1
dp_38,Kaštovská et al 2025 Science of The Total Environment,Trophic rewilding by large herbivores reduces plant nitrogen and water limitation across seven sites irrespective of their edaphic conditions,https://doi.org/10.1016/j.scitotenv.2025.179141,Mix,Rewilding in six areas for a couple of years,"",each area compared with one nearby control,Unkown,"no feeding or drugs, but likely population control somehow",distal comparison with and without,with_introduction,250,1,2500000,1,10000,4 per treatment,,"",plot,Europe,50.279,14.882,"",MTR,Equus caballus; Bison bonasus; Bos taurus,"Introduced 12/2015, smaller herbivores such as roe deer have free access to control and treatment",likely kept artifically constant,0.16 Equus caballus; 0.12 Bison bonasus; 0.02 Bos taurus,0,individuals,hectare,7,,2555,1,2022,cumulative,microbial_nutrients,soil,soil,higher_level,soil,Microbial C,mg/g,mean,SD,"","",346,44,4,242,67,4,"","",JT,soil_n,123,410,750,27.0882783257467,0.0232056977907159,0.357501048901038,0.658770530806808,1.59384079911042,0.911785136906694,1.59384079911042,1
dp_39,Kaštovská et al 2025 Science of The Total Environment,Trophic rewilding by large herbivores reduces plant nitrogen and water limitation across seven sites irrespective of their edaphic conditions,https://doi.org/10.1016/j.scitotenv.2025.179141,Mix,Rewilding in six areas for a couple of years,"",each area compared with one nearby control,Unkown,"no feeding or drugs, but likely population control somehow",distal comparison with and without,with_introduction,30,1,300000,1,10000,4 per treatment,,"",plot,Europe,49.664,13.317,"",DOB,Equus caballus,"Introduced 1/2018, smaller herbivores such as roe deer have free access to control and treatment",likely kept artifically constant,0.2 Equus caballus,0,individuals,hectare,4,,1460,1,2022,cumulative,microbial_nutrients,soil,soil,higher_level,soil,Microbial C,mg/g,mean,SD,"","",542,159,4,426,209,4,"","",JT,soil_n,60,300,300,14.4168684848085,0.0816893429401782,0.240826655170276,0.518402739580635,0.542626790059388,0.69295042857475,0.542626790059388,1
dp_40,Kaštovská et al 2025 Science of The Total Environment,Trophic rewilding by large herbivores reduces plant nitrogen and water limitation across seven sites irrespective of their edaphic conditions,https://doi.org/10.1016/j.scitotenv.2025.179141,Mix,Rewilding in six areas for a couple of years,"",each area compared with one nearby control,Unkown,"no feeding or drugs, but likely population control somehow",distal comparison with and without,with_introduction,35,1,350000,1,10000,4 per treatment,,"",plot,Europe,48.81,15.992,"",HAV,Equus caballus,"Introduced 5/2018, smaller herbivores such as roe deer have free access to control and treatment",likely kept artifically constant,0.23 Equus caballus,0,individuals,hectare,4,,1460,1,2022,cumulative,microbial_nutrients,soil,soil,higher_level,soil,Microbial C,mg/g,mean,SD,"","",458,84,4,357,23,4,"","",JT,soil_n,69,300,300,16.5793987575298,0.00944712059064631,0.249133402334546,0.626842125987875,1.4245960886532,0.961022362891569,1.4245960886532,1
dp_41,Kaštovská et al 2025 Science of The Total Environment,Trophic rewilding by large herbivores reduces plant nitrogen and water limitation across seven sites irrespective of their edaphic conditions,https://doi.org/10.1016/j.scitotenv.2025.179141,Mix,Rewilding in six areas for a couple of years,"",each area compared with one nearby control,Unkown,"no feeding or drugs, but likely population control somehow",distal comparison with and without,with_introduction,29,1,290000,1,10000,4 per treatment,,"",plot,Europe,48.845,15.971,"",MAS,Equus caballus,"Introduced 5/2018, smaller herbivores such as roe deer have free access to control and treatment",likely kept artifically constant,0.31 Equus caballus,0,individuals,hectare,4,,1460,1,2022,cumulative,microbial_nutrients,soil,soil,higher_level,soil,Microbial C,mg/g,mean,SD,"","",497,115,4,374,21,4,"","",JT,soil_n,93,300,300,22.3461461514532,0.0141733379310528,0.284334228682097,0.604410735874911,1.29250600540136,0.927705466245674,1.29250600540136,1
dp_42,Kaštovská et al 2025 Science of The Total Environment,Trophic rewilding by large herbivores reduces plant nitrogen and water limitation across seven sites irrespective of their edaphic conditions,https://doi.org/10.1016/j.scitotenv.2025.179141,Mix,Rewilding in six areas for a couple of years,"",each area compared with one nearby control,Unkown,"no feeding or drugs, but likely population control somehow",distal comparison with and without,with_introduction,18,1,180000,1,10000,4 per treatment,,"",plot,Europe,50.1878,15.861,"",HRK,Equus caballus,"Introduced 1/2018, smaller herbivores such as roe deer have free access to control and treatment",likely kept artifically constant,0.17 Equus caballus,0,individuals,hectare,4,,1460,1,2022,cumulative,microbial_nutrients,soil,soil,higher_level,soil,Microbial C,mg/g,mean,SD,"","",174,106,4,312,108,4,"","",JT,soil_n,51,300,300,12.2543382120872,0.12273538084729,-0.583947888594953,0.578433038621823,-1.1202359652989,0.771280581889277,-1.1202359652989,1
dp_43,Kaštovská et al 2025 Science of The Total Environment,Trophic rewilding by large herbivores reduces plant nitrogen and water limitation across seven sites irrespective of their edaphic conditions,https://doi.org/10.1016/j.scitotenv.2025.179141,Mix,Rewilding in six areas for a couple of years,"",each area compared with one nearby control,Unkown,"no feeding or drugs, but likely population control somehow",distal comparison with and without,with_introduction,100,1,1000000,1,10000,4 per treatment,,"",plot,Europe,50.237,14.889,"",MBV,Equus caballus; Bos taurus,"Introduced 3/2015, smaller herbivores such as roe deer have free access to control and treatment",likely kept artifically constant,0.25 Equus caballus; 0.09 Bos taurus,0,individuals,hectare,7,,2555,1,2022,cumulative,microbial_nutrients,soil,soil,higher_level,soil,Microbial C/N ratio,"",mean,SD,"","",6.5,0.29,4,6.58,0.46,4,"","",JT,soil_cn,142.5,419.117647058824,750,30.9195633007696,0.00171944372542774,-0.0122325684356344,0.502041291370459,-0.18072261044858,0.669894401240217,-0.18072261044858,1
dp_44,Kaštovská et al 2025 Science of The Total Environment,Trophic rewilding by large herbivores reduces plant nitrogen and water limitation across seven sites irrespective of their edaphic conditions,https://doi.org/10.1016/j.scitotenv.2025.179141,Mix,Rewilding in six areas for a couple of years,"",each area compared with one nearby control,Unkown,"no feeding or drugs, but likely population control somehow",distal comparison with and without,with_introduction,250,1,2500000,1,10000,4 per treatment,,"",plot,Europe,50.279,14.882,"",MTR,Equus caballus; Bison bonasus; Bos taurus,"Introduced 12/2015, smaller herbivores such as roe deer have free access to control and treatment",likely kept artifically constant,0.16 Equus caballus; 0.12 Bison bonasus; 0.02 Bos taurus,0,individuals,hectare,7,,2555,1,2022,cumulative,microbial_nutrients,soil,soil,higher_level,soil,Microbial C/N ratio,"",mean,SD,"","",4.34,0.39,4,4.46,0.29,4,"","",JT,soil_cn,123,410,750,27.0882783257467,0.00307576240526207,-0.0272744179196593,0.505749882222908,-0.303311911349565,0.674968588753747,-0.303311911349565,1
dp_45,Kaštovská et al 2025 Science of The Total Environment,Trophic rewilding by large herbivores reduces plant nitrogen and water limitation across seven sites irrespective of their edaphic conditions,https://doi.org/10.1016/j.scitotenv.2025.179141,Mix,Rewilding in six areas for a couple of years,"",each area compared with one nearby control,Unkown,"no feeding or drugs, but likely population control somehow",distal comparison with and without,with_introduction,30,1,300000,1,10000,4 per treatment,,"",plot,Europe,49.664,13.317,"",DOB,Equus caballus,"Introduced 1/2018, smaller herbivores such as roe deer have free access to control and treatment",likely kept artifically constant,0.2 Equus caballus,0,individuals,hectare,4,,1460,1,2022,cumulative,microbial_nutrients,soil,soil,higher_level,soil,Microbial C/N ratio,"",mean,SD,"","",7.31,0.48,4,8.06,0.75,4,"","",JT,soil_cn,60,300,300,14.4168684848085,0.00324259673292814,-0.0976702827568499,0.566908371417958,-1.03466610202873,0.771528036457683,-1.03466610202873,1
dp_46,Kaštovská et al 2025 Science of The Total Environment,Trophic rewilding by large herbivores reduces plant nitrogen and water limitation across seven sites irrespective of their edaphic conditions,https://doi.org/10.1016/j.scitotenv.2025.179141,Mix,Rewilding in six areas for a couple of years,"",each area compared with one nearby control,Unkown,"no feeding or drugs, but likely population control somehow",distal comparison with and without,with_introduction,35,1,350000,1,10000,4 per treatment,,"",plot,Europe,48.81,15.992,"",HAV,Equus caballus,"Introduced 5/2018, smaller herbivores such as roe deer have free access to control and treatment",likely kept artifically constant,0.23 Equus caballus,0,individuals,hectare,4,,1460,1,2022,cumulative,microbial_nutrients,soil,soil,higher_level,soil,Microbial C/N ratio,"",mean,SD,"","",8.79,0.41,4,7.36,0.34,4,"","",JT,soil_cn,69,300,300,16.5793987575298,0.00107742323748099,0.177554778956301,1.17981241139674,3.29802949992079,1.60412364749961,3.29802949992079,1
dp_47,Kaštovská et al 2025 Science of The Total Environment,Trophic rewilding by large herbivores reduces plant nitrogen and water limitation across seven sites irrespective of their edaphic conditions,https://doi.org/10.1016/j.scitotenv.2025.179141,Mix,Rewilding in six areas for a couple of years,"",each area compared with one nearby control,Unkown,"no feeding or drugs, but likely population control somehow",distal comparison with and without,with_introduction,29,1,290000,1,10000,4 per treatment,,"",plot,Europe,48.845,15.971,"",MAS,Equus caballus,"Introduced 5/2018, smaller herbivores such as roe deer have free access to control and treatment",likely kept artifically constant,0.31 Equus caballus,0,individuals,hectare,4,,1460,1,2022,cumulative,microbial_nutrients,soil,soil,higher_level,soil,Microbial C/N ratio,"",mean,SD,"","",6.74,0.98,4,7.4,0.05,4,"","",JT,soil_cn,93,300,300,22.3461461514532,0.00529674658595614,-0.0934200752859084,0.542666108606073,-0.826231043774786,0.779853690058178,-0.826231043774786,1
dp_48,Kaštovská et al 2025 Science of The Total Environment,Trophic rewilding by large herbivores reduces plant nitrogen and water limitation across seven sites irrespective of their edaphic conditions,https://doi.org/10.1016/j.scitotenv.2025.179141,Mix,Rewilding in six areas for a couple of years,"",each area compared with one nearby control,Unkown,"no feeding or drugs, but likely population control somehow",distal comparison with and without,with_introduction,18,1,180000,1,10000,4 per treatment,,"",plot,Europe,50.1878,15.861,"",HRK,Equus caballus,"Introduced 1/2018, smaller herbivores such as roe deer have free access to control and treatment",likely kept artifically constant,0.17 Equus caballus,0,individuals,hectare,4,,1460,1,2022,cumulative,microbial_nutrients,soil,soil,higher_level,soil,Microbial C/N ratio,"",mean,SD,"","",4.98,1.01,4,5.68,0.92,4,"","",JT,soil_cn,51,300,300,12.2543382120872,0.0168418187808087,-0.131521341696498,0.524759646274776,-0.629407928450548,0.699965436704319,-0.629407928450548,1
dp_49,Kaštovská et al 2025 Science of The Total Environment,Trophic rewilding by large herbivores reduces plant nitrogen and water limitation across seven sites irrespective of their edaphic conditions,https://doi.org/10.1016/j.scitotenv.2025.179141,Mix,Rewilding in six areas for a couple of years,"",each area compared with one nearby control,Unkown,"no feeding or drugs, but likely population control somehow",distal comparison with and without,with_introduction,100,1,1000000,1,10000,4 per treatment,,"",plot,Europe,50.237,14.889,"",MBV,Equus caballus; Bos taurus,"Introduced 3/2015, smaller herbivores such as roe deer have free access to control and treatment",likely kept artifically constant,0.25 Equus caballus; 0.09 Bos taurus,0,individuals,hectare,7,,2555,1,2022,cumulative,microbial_nutrients,soil,soil,higher_level,soil,Microbial N,mg/g,mean,SD,"","",101,29,4,108,10,4,"","",JT,soil_n,142.5,419.117647058824,750,30.9195633007696,0.022754071489535,-0.0670107102829602,0.504911145565555,-0.280318263851776,0.677275353252169,-0.280318263851776,1
dp_50,Kaštovská et al 2025 Science of The Total Environment,Trophic rewilding by large herbivores reduces plant nitrogen and water limitation across seven sites irrespective of their edaphic conditions,https://doi.org/10.1016/j.scitotenv.2025.179141,Mix,Rewilding in six areas for a couple of years,"",each area compared with one nearby control,Unkown,"no feeding or drugs, but likely population control somehow",distal comparison with and without,with_introduction,250,1,2500000,1,10000,4 per treatment,,"",plot,Europe,50.279,14.882,"",MTR,Equus caballus; Bison bonasus; Bos taurus,"Introduced 12/2015, smaller herbivores such as roe deer have free access to control and treatment",likely kept artifically constant,0.16 Equus caballus; 0.12 Bison bonasus; 0.02 Bos taurus,0,individuals,hectare,7,,2555,1,2022,cumulative,microbial_nutrients,soil,soil,higher_level,soil,Microbial N,mg/g,mean,SD,"","",93,9,4,64,20,4,"","",JT,soil_n,123,410,750,27.0882783257467,0.0267553736342352,0.373716409793584,0.664902511299341,1.62432760882448,0.983243527757108,1.62432760882448,1
dp_51,Kaštovská et al 2025 Science of The Total Environment,Trophic rewilding by large herbivores reduces plant nitrogen and water limitation across seven sites irrespective of their edaphic conditions,https://doi.org/10.1016/j.scitotenv.2025.179141,Mix,Rewilding in six areas for a couple of years,"",each area compared with one nearby control,Unkown,"no feeding or drugs, but likely population control somehow",distal comparison with and without,with_introduction,30,1,300000,1,10000,4 per treatment,,"",plot,Europe,49.664,13.317,"",DOB,Equus caballus,"Introduced 1/2018, smaller herbivores such as roe deer have free access to control and treatment",likely kept artifically constant,0.2 Equus caballus,0,individuals,hectare,4,,1460,1,2022,cumulative,microbial_nutrients,soil,soil,higher_level,soil,Microbial N,mg/g,mean,SD,"","",86,21,4,61,28,4,"","",JT,soil_n,60,300,300,14.4168684848085,0.0675807186900129,0.343473432080196,0.548119408342221,0.87744545897482,0.735855959941668,0.87744545897482,1
dp_52,Kaštovská et al 2025 Science of The Total Environment,Trophic rewilding by large herbivores reduces plant nitrogen and water limitation across seven sites irrespective of their edaphic conditions,https://doi.org/10.1016/j.scitotenv.2025.179141,Mix,Rewilding in six areas for a couple of years,"",each area compared with one nearby control,Unkown,"no feeding or drugs, but likely population control somehow",distal comparison with and without,with_introduction,35,1,350000,1,10000,4 per treatment,,"",plot,Europe,48.81,15.992,"",HAV,Equus caballus,"Introduced 5/2018, smaller herbivores such as roe deer have free access to control and treatment",likely kept artifically constant,0.23 Equus caballus,0,individuals,hectare,4,,1460,1,2022,cumulative,microbial_nutrients,soil,soil,higher_level,soil,Microbial N,mg/g,mean,SD,"","",61,10,4,57,3,4,"","",JT,soil_n,69,300,300,16.5793987575298,0.00741114480142279,0.0678225963387611,0.51384426280378,0.470646581694251,0.697991530078817,0.470646581694251,1
dp_53,Kaštovská et al 2025 Science of The Total Environment,Trophic rewilding by large herbivores reduces plant nitrogen and water limitation across seven sites irrespective of their edaphic conditions,https://doi.org/10.1016/j.scitotenv.2025.179141,Mix,Rewilding in six areas for a couple of years,"",each area compared with one nearby control,Unkown,"no feeding or drugs, but likely population control somehow",distal comparison with and without,with_introduction,29,1,290000,1,10000,4 per treatment,,"",plot,Europe,48.845,15.971,"",MAS,Equus caballus,"Introduced 5/2018, smaller herbivores such as roe deer have free access to control and treatment",likely kept artifically constant,0.31 Equus caballus,0,individuals,hectare,4,,1460,1,2022,cumulative,microbial_nutrients,soil,soil,higher_level,soil,Microbial N,mg/g,mean,SD,"","",88,24,4,59,4,4,"","",JT,soil_n,93,300,300,22.3461461514532,0.0197441364099326,0.399799370572487,0.633983290430715,1.46414912044212,1.00516450487195,1.46414912044212,1
dp_54,Kaštovská et al 2025 Science of The Total Environment,Trophic rewilding by large herbivores reduces plant nitrogen and water limitation across seven sites irrespective of their edaphic conditions,https://doi.org/10.1016/j.scitotenv.2025.179141,Mix,Rewilding in six areas for a couple of years,"",each area compared with one nearby control,Unkown,"no feeding or drugs, but likely population control somehow",distal comparison with and without,with_introduction,18,1,180000,1,10000,4 per treatment,,"",plot,Europe,50.1878,15.861,"",HRK,Equus caballus,"Introduced 1/2018, smaller herbivores such as roe deer have free access to control and treatment",likely kept artifically constant,0.17 Equus caballus,0,individuals,hectare,4,,1460,1,2022,cumulative,microbial_nutrients,soil,soil,higher_level,soil,Microbial N,mg/g,mean,SD,"","",38,15,4,65,22,4,"","",JT,soil_n,51,300,300,12.2543382120872,0.0675933468832467,-0.536801110169251,0.596974521037657,-1.24562929341057,0.813220570117583,-1.24562929341057,1
dp_55,Kaštovská et al 2025 Science of The Total Environment,Trophic rewilding by large herbivores reduces plant nitrogen and water limitation across seven sites irrespective of their edaphic conditions,https://doi.org/10.1016/j.scitotenv.2025.179141,Mix,Rewilding in six areas for a couple of years,"",each area compared with one nearby control,Unkown,"no feeding or drugs, but likely population control somehow",distal comparison with and without,with_introduction,100,1,1000000,1,10000,4 per treatment,,"",plot,Europe,50.237,14.889,"",MBV,Equus caballus; Bos taurus,"Introduced 3/2015, smaller herbivores such as roe deer have free access to control and treatment",likely kept artifically constant,0.25 Equus caballus; 0.09 Bos taurus,0,individuals,hectare,7,,2555,1,2022,cumulative,ecosystem_process,soil,soil,higher_level,soil,Net nitrification,ng NO3-N/g/day,mean,SD,"","",490,109,4,452,293,4,"","",JT,net_nitrification,142.5,419.117647058824,750,30.9195633007696,0.117421449038108,0.0807232112724411,0.501393527824276,0.149319942366768,0.669589058351967,0.149319942366768,1
dp_56,Kaštovská et al 2025 Science of The Total Environment,Trophic rewilding by large herbivores reduces plant nitrogen and water limitation across seven sites irrespective of their edaphic conditions,https://doi.org/10.1016/j.scitotenv.2025.179141,Mix,Rewilding in six areas for a couple of years,"",each area compared with one nearby control,Unkown,"no feeding or drugs, but likely population control somehow",distal comparison with and without,with_introduction,250,1,2500000,1,10000,4 per treatment,,"",plot,Europe,50.279,14.882,"",MTR,Equus caballus; Bison bonasus; Bos taurus,"Introduced 12/2015, smaller herbivores such as roe deer have free access to control and treatment",likely kept artifically constant,0.16 Equus caballus; 0.12 Bison bonasus; 0.02 Bos taurus,0,individuals,hectare,7,,2555,1,2022,cumulative,ecosystem_process,soil,soil,higher_level,soil,Net nitrification,ng NO3-N/g/day,mean,SD,"","",135,92,4,62,25,4,"","",JT,net_nitrification,123,410,750,27.0882783257467,0.156752015147687,0.778140393393338,0.555297559800766,0.940617327510107,0.795241340369339,0.940617327510107,1
dp_57,Kaštovská et al 2025 Science of The Total Environment,Trophic rewilding by large herbivores reduces plant nitrogen and water limitation across seven sites irrespective of their edaphic conditions,https://doi.org/10.1016/j.scitotenv.2025.179141,Mix,Rewilding in six areas for a couple of years,"",each area compared with one nearby control,Unkown,"no feeding or drugs, but likely population control somehow",distal comparison with and without,with_introduction,30,1,300000,1,10000,4 per treatment,,"",plot,Europe,49.664,13.317,"",DOB,Equus caballus,"Introduced 1/2018, smaller herbivores such as roe deer have free access to control and treatment",likely kept artifically constant,0.2 Equus caballus,0,individuals,hectare,4,,1460,1,2022,cumulative,ecosystem_process,soil,soil,higher_level,soil,Net nitrification,ng NO3-N/g/day,mean,SD,"","",1227,356,4,1369,832,4,"","",JT,net_nitrification,60,300,300,14.4168684848085,0.113382945892455,-0.109508380577538,0.502322150422038,-0.192754783994106,0.671239085212025,-0.192754783994106,1
dp_58,Kaštovská et al 2025 Science of The Total Environment,Trophic rewilding by large herbivores reduces plant nitrogen and water limitation across seven sites irrespective of their edaphic conditions,https://doi.org/10.1016/j.scitotenv.2025.179141,Mix,Rewilding in six areas for a couple of years,"",each area compared with one nearby control,Unkown,"no feeding or drugs, but likely population control somehow",distal comparison with and without,with_introduction,35,1,350000,1,10000,4 per treatment,,"",plot,Europe,48.81,15.992,"",HAV,Equus caballus,"Introduced 5/2018, smaller herbivores such as roe deer have free access to control and treatment",likely kept artifically constant,0.23 Equus caballus,0,individuals,hectare,4,,1460,1,2022,cumulative,ecosystem_process,soil,soil,higher_level,soil,Net nitrification,ng NO3-N/g/day,mean,SD,"","",661,212,4,293,319,4,"","",JT,net_nitrification,69,300,300,16.5793987575298,0.322053492835292,0.813581230834619,0.587061685698922,1.18024869039654,0.800160269426815,1.18024869039654,1
dp_59,Kaštovská et al 2025 Science of The Total Environment,Trophic rewilding by large herbivores reduces plant nitrogen and water limitation across seven sites irrespective of their edaphic conditions,https://doi.org/10.1016/j.scitotenv.2025.179141,Mix,Rewilding in six areas for a couple of years,"",each area compared with one nearby control,Unkown,"no feeding or drugs, but likely population control somehow",distal comparison with and without,with_introduction,29,1,290000,1,10000,4 per treatment,,"",plot,Europe,48.845,15.971,"",MAS,Equus caballus,"Introduced 5/2018, smaller herbivores such as roe deer have free access to control and treatment",likely kept artifically constant,0.31 Equus caballus,0,individuals,hectare,4,,1460,1,2022,cumulative,ecosystem_process,soil,soil,higher_level,soil,Net nitrification,ng NO3-N/g/day,mean,SD,"","",643,445,4,73,55,4,"","",JT,net_nitrification,93,300,300,22.3461461514532,0.261651856332119,2.17568528308923,0.652412990350458,1.56160425383877,1.06105488878781,1.56160425383877,1
dp_60,Kaštovská et al 2025 Science of The Total Environment,Trophic rewilding by large herbivores reduces plant nitrogen and water limitation across seven sites irrespective of their edaphic conditions,https://doi.org/10.1016/j.scitotenv.2025.179141,Mix,Rewilding in six areas for a couple of years,"",each area compared with one nearby control,Unkown,"no feeding or drugs, but likely population control somehow",distal comparison with and without,with_introduction,18,1,180000,1,10000,4 per treatment,,"",plot,Europe,50.1878,15.861,"",HRK,Equus caballus,"Introduced 1/2018, smaller herbivores such as roe deer have free access to control and treatment",likely kept artifically constant,0.17 Equus caballus,0,individuals,hectare,4,,1460,1,2022,cumulative,ecosystem_process,soil,soil,higher_level,soil,Net nitrification,ng NO3-N/g/day,mean,SD,"","",182,114,4,308,162,4,"","",JT,net_nitrification,51,300,300,12.2543382120872,0.167248148953943,-0.526093095896779,0.538158249352919,-0.78136546484133,0.723343555611562,-0.78136546484133,1
dp_61,Kaštovská et al 2025 Science of The Total Environment,Trophic rewilding by large herbivores reduces plant nitrogen and water limitation across seven sites irrespective of their edaphic conditions,https://doi.org/10.1016/j.scitotenv.2025.179141,Mix,Rewilding in six areas for a couple of years,"",each area compared with one nearby control,Unkown,"no feeding or drugs, but likely population control somehow",distal comparison with and without,with_introduction,100,1,1000000,1,10000,4 per treatment,,"",plot,Europe,50.237,14.889,"",MBV,Equus caballus; Bos taurus,"Introduced 3/2015, smaller herbivores such as roe deer have free access to control and treatment",likely kept artifically constant,0.25 Equus caballus; 0.09 Bos taurus,0,individuals,hectare,7,,2555,1,2022,cumulative,ecosystem_process,soil,soil,higher_level,soil,Respiration rate,µmol C/ g/d,mean,SD,"","",3.1,0.68,4,3.86,2.18,4,"","",JT,carbon_fluxes,142.5,419.117647058824,750,30.9195633007696,0.0917695320316584,-0.219265071985639,0.510446381396524,-0.408830163202751,0.690021532228989,-0.408830163202751,2
dp_62,Kaštovská et al 2025 Science of The Total Environment,Trophic rewilding by large herbivores reduces plant nitrogen and water limitation across seven sites irrespective of their edaphic conditions,https://doi.org/10.1016/j.scitotenv.2025.179141,Mix,Rewilding in six areas for a couple of years,"",each area compared with one nearby control,Unkown,"no feeding or drugs, but likely population control somehow",distal comparison with and without,with_introduction,250,1,2500000,1,10000,4 per treatment,,"",plot,Europe,50.279,14.882,"",MTR,Equus caballus; Bison bonasus; Bos taurus,"Introduced 12/2015, smaller herbivores such as roe deer have free access to control and treatment",likely kept artifically constant,0.16 Equus caballus; 0.12 Bison bonasus; 0.02 Bos taurus,0,individuals,hectare,7,,2555,1,2022,cumulative,ecosystem_process,soil,soil,higher_level,soil,Respiration rate,µmol C/ g/d,mean,SD,"","",4.62,0.99,4,3.32,0.9,4,"","",JT,carbon_fluxes,123,410,750,27.0882783257467,0.0298512713257752,0.33042992216525,0.589040125240362,1.19358368112412,0.786458793557203,1.19358368112412,2
dp_63,Kaštovská et al 2025 Science of The Total Environment,Trophic rewilding by large herbivores reduces plant nitrogen and water limitation across seven sites irrespective of their edaphic conditions,https://doi.org/10.1016/j.scitotenv.2025.179141,Mix,Rewilding in six areas for a couple of years,"",each area compared with one nearby control,Unkown,"no feeding or drugs, but likely population control somehow",distal comparison with and without,with_introduction,30,1,300000,1,10000,4 per treatment,,"",plot,Europe,49.664,13.317,"",DOB,Equus caballus,"Introduced 1/2018, smaller herbivores such as roe deer have free access to control and treatment",likely kept artifically constant,0.2 Equus caballus,0,individuals,hectare,4,,1460,1,2022,cumulative,ecosystem_process,soil,soil,higher_level,soil,Respiration rate,µmol C/ g/d,mean,SD,"","",1.78,0.49,4,1.76,0.5,4,"","",JT,carbon_fluxes,60,300,300,14.4168684848085,0.0391218044785751,0.0112995552539335,0.500076975344094,0.035094237497038,0.666769342337315,0.035094237497038,2
dp_64,Kaštovská et al 2025 Science of The Total Environment,Trophic rewilding by large herbivores reduces plant nitrogen and water limitation across seven sites irrespective of their edaphic conditions,https://doi.org/10.1016/j.scitotenv.2025.179141,Mix,Rewilding in six areas for a couple of years,"",each area compared with one nearby control,Unkown,"no feeding or drugs, but likely population control somehow",distal comparison with and without,with_introduction,35,1,350000,1,10000,4 per treatment,,"",plot,Europe,48.81,15.992,"",HAV,Equus caballus,"Introduced 5/2018, smaller herbivores such as roe deer have free access to control and treatment",likely kept artifically constant,0.23 Equus caballus,0,individuals,hectare,4,,1460,1,2022,cumulative,ecosystem_process,soil,soil,higher_level,soil,Respiration rate,µmol C/ g/d,mean,SD,"","",1.73,0.21,4,1.85,0.24,4,"","",JT,carbon_fluxes,69,300,300,16.5793987575298,0.00789116882685174,-0.0670642305805459,0.513354200403646,-0.462241502310581,0.684786016137519,-0.462241502310581,2
dp_65,Kaštovská et al 2025 Science of The Total Environment,Trophic rewilding by large herbivores reduces plant nitrogen and water limitation across seven sites irrespective of their edaphic conditions,https://doi.org/10.1016/j.scitotenv.2025.179141,Mix,Rewilding in six areas for a couple of years,"",each area compared with one nearby control,Unkown,"no feeding or drugs, but likely population control somehow",distal comparison with and without,with_introduction,29,1,290000,1,10000,4 per treatment,,"",plot,Europe,48.845,15.971,"",MAS,Equus caballus,"Introduced 5/2018, smaller herbivores such as roe deer have free access to control and treatment",likely kept artifically constant,0.31 Equus caballus,0,individuals,hectare,4,,1460,1,2022,cumulative,ecosystem_process,soil,soil,higher_level,soil,Respiration rate,µmol C/ g/d,mean,SD,"","",2.61,0.26,4,2.3,0.08,4,"","",JT,carbon_fluxes,93,300,300,22.3461461514532,0.00278333707819864,0.126441098399498,0.622480801050099,1.39989028741598,0.941672597525061,1.39989028741598,2
dp_66,Kaštovská et al 2025 Science of The Total Environment,Trophic rewilding by large herbivores reduces plant nitrogen and water limitation across seven sites irrespective of their edaphic conditions,https://doi.org/10.1016/j.scitotenv.2025.179141,Mix,Rewilding in six areas for a couple of years,"",each area compared with one nearby control,Unkown,"no feeding or drugs, but likely population control somehow",distal comparison with and without,with_introduction,18,1,180000,1,10000,4 per treatment,,"",plot,Europe,50.1878,15.861,"",HRK,Equus caballus,"Introduced 1/2018, smaller herbivores such as roe deer have free access to control and treatment",likely kept artifically constant,0.17 Equus caballus,0,individuals,hectare,4,,1460,1,2022,cumulative,ecosystem_process,soil,soil,higher_level,soil,Respiration rate,µmol C/ g/d,mean,SD,"","",1.25,0.15,4,2.89,1.59,4,"","",JT,carbon_fluxes,51,300,300,12.2543382120872,0.0792725853378192,-0.838112950810131,0.599453870825447,-1.26145231111095,0.927239183970133,-1.26145231111095,2
dp_67,Kaštovská et al 2025 Science of The Total Environment,Trophic rewilding by large herbivores reduces plant nitrogen and water limitation across seven sites irrespective of their edaphic conditions,https://doi.org/10.1016/j.scitotenv.2025.179141,Mix,Rewilding in six areas for a couple of years,"",each area compared with one nearby control,Unkown,"no feeding or drugs, but likely population control somehow",distal comparison with and without,with_introduction,100,1,1000000,1,10000,4 per treatment,,"",plot,Europe,50.237,14.889,"",MBV,Equus caballus; Bos taurus,"Introduced 3/2015, smaller herbivores such as roe deer have free access to control and treatment",likely kept artifically constant,0.25 Equus caballus; 0.09 Bos taurus,0,individuals,hectare,7,,2555,1,2022,cumulative,soil_nutrients,soil,soil,higher_level,soil,Soil C/N ratio,"",mean,SD,"","",14,1.4,4,13.7,0.6,4,"","",JT,soil_cn,142.5,419.117647058824,750,30.9195633007696,0.00297951409238638,0.0216614967811795,0.503658734323952,0.241949889818587,0.673865222823661,0.241949889818587,1
dp_68,Kaštovská et al 2025 Science of The Total Environment,Trophic rewilding by large herbivores reduces plant nitrogen and water limitation across seven sites irrespective of their edaphic conditions,https://doi.org/10.1016/j.scitotenv.2025.179141,Mix,Rewilding in six areas for a couple of years,"",each area compared with one nearby control,Unkown,"no feeding or drugs, but likely population control somehow",distal comparison with and without,with_introduction,250,1,2500000,1,10000,4 per treatment,,"",plot,Europe,50.279,14.882,"",MTR,Equus caballus; Bison bonasus; Bos taurus,"Introduced 12/2015, smaller herbivores such as roe deer have free access to control and treatment",likely kept artifically constant,0.16 Equus caballus; 0.12 Bison bonasus; 0.02 Bos taurus,0,individuals,hectare,7,,2555,1,2022,cumulative,soil_nutrients,soil,soil,higher_level,soil,Soil C/N ratio,"",mean,SD,"","",13.8,0.2,4,13.8,0.5,4,"","",JT,soil_cn,123,410,750,27.0882783257467,0.000380697332493174,0,0.5,0,0.666666666666667,0,1
dp_69,Kaštovská et al 2025 Science of The Total Environment,Trophic rewilding by large herbivores reduces plant nitrogen and water limitation across seven sites irrespective of their edaphic conditions,https://doi.org/10.1016/j.scitotenv.2025.179141,Mix,Rewilding in six areas for a couple of years,"",each area compared with one nearby control,Unkown,"no feeding or drugs, but likely population control somehow",distal comparison with and without,with_introduction,30,1,300000,1,10000,4 per treatment,,"",plot,Europe,49.664,13.317,"",DOB,Equus caballus,"Introduced 1/2018, smaller herbivores such as roe deer have free access to control and treatment",likely kept artifically constant,0.2 Equus caballus,0,individuals,hectare,4,,1460,1,2022,cumulative,soil_nutrients,soil,soil,higher_level,soil,Soil C/N ratio,"",mean,SD,"","",15.2,1.1,4,14.8,1.4,4,"","",JT,soil_cn,60,300,300,14.4168684848085,0.00354633142304167,0.0266682470821613,0.504760330112341,0.275980582283343,0.673369060886146,0.275980582283343,1
dp_70,Kaštovská et al 2025 Science of The Total Environment,Trophic rewilding by large herbivores reduces plant nitrogen and water limitation across seven sites irrespective of their edaphic conditions,https://doi.org/10.1016/j.scitotenv.2025.179141,Mix,Rewilding in six areas for a couple of years,"",each area compared with one nearby control,Unkown,"no feeding or drugs, but likely population control somehow",distal comparison with and without,with_introduction,35,1,350000,1,10000,4 per treatment,,"",plot,Europe,48.81,15.992,"",HAV,Equus caballus,"Introduced 5/2018, smaller herbivores such as roe deer have free access to control and treatment",likely kept artifically constant,0.23 Equus caballus,0,individuals,hectare,4,,1460,1,2022,cumulative,soil_nutrients,soil,soil,higher_level,soil,Soil C/N ratio,"",mean,SD,"","",15.6,0.6,4,13,0.4,4,"","",JT,soil_cn,69,300,300,16.5793987575298,0.000606508875739645,0.182321556793955,1.72608252455979,4.42914443125945,2.54327423877395,4.42914443125945,1
dp_71,Kaštovská et al 2025 Science of The Total Environment,Trophic rewilding by large herbivores reduces plant nitrogen and water limitation across seven sites irrespective of their edaphic conditions,https://doi.org/10.1016/j.scitotenv.2025.179141,Mix,Rewilding in six areas for a couple of years,"",each area compared with one nearby control,Unkown,"no feeding or drugs, but likely population control somehow",distal comparison with and without,with_introduction,29,1,290000,1,10000,4 per treatment,,"",plot,Europe,48.845,15.971,"",MAS,Equus caballus,"Introduced 5/2018, smaller herbivores such as roe deer have free access to control and treatment",likely kept artifically constant,0.31 Equus caballus,0,individuals,hectare,4,,1460,1,2022,cumulative,soil_nutrients,soil,soil,higher_level,soil,Soil C/N ratio,"",mean,SD,"","",12.8,0.5,4,14.1,0.5,4,"","",JT,soil_cn,93,300,300,22.3461461514532,0.000695840231064286,-0.096729626458551,0.818781456385544,-2.25842938835127,1.09170860851406,-2.25842938835127,1
dp_72,Kaštovská et al 2025 Science of The Total Environment,Trophic rewilding by large herbivores reduces plant nitrogen and water limitation across seven sites irrespective of their edaphic conditions,https://doi.org/10.1016/j.scitotenv.2025.179141,Mix,Rewilding in six areas for a couple of years,"",each area compared with one nearby control,Unkown,"no feeding or drugs, but likely population control somehow",distal comparison with and without,with_introduction,18,1,180000,1,10000,4 per treatment,,"",plot,Europe,50.1878,15.861,"",HRK,Equus caballus,"Introduced 1/2018, smaller herbivores such as roe deer have free access to control and treatment",likely kept artifically constant,0.17 Equus caballus,0,individuals,hectare,4,,1460,1,2022,cumulative,soil_nutrients,soil,soil,higher_level,soil,Soil C/N ratio,"",mean,SD,"","",17.9,3.5,4,16.8,2.3,4,"","",JT,soil_cn,51,300,300,12.2543382120872,0.0142437946856957,0.0634218264374959,0.506506270742555,0.322645830409872,0.676707629750808,0.322645830409872,1
dp_73,Kaštovská et al 2025 Science of The Total Environment,Trophic rewilding by large herbivores reduces plant nitrogen and water limitation across seven sites irrespective of their edaphic conditions,https://doi.org/10.1016/j.scitotenv.2025.179141,Mix,Rewilding in six areas for a couple of years,"",each area compared with one nearby control,Unkown,"no feeding or drugs, but likely population control somehow",distal comparison with and without,with_introduction,100,1,1000000,1,10000,4 per treatment,,"",plot,Europe,50.237,14.889,"",MBV,Equus caballus; Bos taurus,"Introduced 3/2015, smaller herbivores such as roe deer have free access to control and treatment",likely kept artifically constant,0.25 Equus caballus; 0.09 Bos taurus,0,individuals,hectare,7,,2555,1,2022,cumulative,soil_nutrients,soil,soil,higher_level,soil,Soil C/P ratio,"",mean,SD,"","",108,38,4,109,44,4,"","",JT,soil_cp,142.5,419.117647058824,750,30.9195633007696,0.0716872430869959,-0.00921665510492395,0.500027903562234,-0.0211295289995591,0.666704659722964,-0.0211295289995591,1
dp_74,Kaštovská et al 2025 Science of The Total Environment,Trophic rewilding by large herbivores reduces plant nitrogen and water limitation across seven sites irrespective of their edaphic conditions,https://doi.org/10.1016/j.scitotenv.2025.179141,Mix,Rewilding in six areas for a couple of years,"",each area compared with one nearby control,Unkown,"no feeding or drugs, but likely population control somehow",distal comparison with and without,with_introduction,250,1,2500000,1,10000,4 per treatment,,"",plot,Europe,50.279,14.882,"",MTR,Equus caballus; Bison bonasus; Bos taurus,"Introduced 12/2015, smaller herbivores such as roe deer have free access to control and treatment",likely kept artifically constant,0.16 Equus caballus; 0.12 Bison bonasus; 0.02 Bos taurus,0,individuals,hectare,7,,2555,1,2022,cumulative,soil_nutrients,soil,soil,higher_level,soil,Soil C/P ratio,"",mean,SD,"","",306,91,4,106,49,4,"","",JT,soil_cp,123,410,750,27.0882783257467,0.0755315881936096,1.06014600784031,0.853169969484189,2.37712421041624,1.28024288613021,2.37712421041624,1
dp_75,Kaštovská et al 2025 Science of The Total Environment,Trophic rewilding by large herbivores reduces plant nitrogen and water limitation across seven sites irrespective of their edaphic conditions,https://doi.org/10.1016/j.scitotenv.2025.179141,Mix,Rewilding in six areas for a couple of years,"",each area compared with one nearby control,Unkown,"no feeding or drugs, but likely population control somehow",distal comparison with and without,with_introduction,30,1,300000,1,10000,4 per treatment,,"",plot,Europe,49.664,13.317,"",DOB,Equus caballus,"Introduced 1/2018, smaller herbivores such as roe deer have free access to control and treatment",likely kept artifically constant,0.2 Equus caballus,0,individuals,hectare,4,,1460,1,2022,cumulative,soil_nutrients,soil,soil,higher_level,soil,Soil C/P ratio,"",mean,SD,"","",82,56,4,79,36,4,"","",JT,soil_cp,60,300,300,14.4168684848085,0.168512020784052,0.0372713947972316,0.500191522193853,0.055356617505489,0.666966043910835,0.055356617505489,1
dp_76,Kaštovská et al 2025 Science of The Total Environment,Trophic rewilding by large herbivores reduces plant nitrogen and water limitation across seven sites irrespective of their edaphic conditions,https://doi.org/10.1016/j.scitotenv.2025.179141,Mix,Rewilding in six areas for a couple of years,"",each area compared with one nearby control,Unkown,"no feeding or drugs, but likely population control somehow",distal comparison with and without,with_introduction,35,1,350000,1,10000,4 per treatment,,"",plot,Europe,48.81,15.992,"",HAV,Equus caballus,"Introduced 5/2018, smaller herbivores such as roe deer have free access to control and treatment",likely kept artifically constant,0.23 Equus caballus,0,individuals,hectare,4,,1460,1,2022,cumulative,soil_nutrients,soil,soil,higher_level,soil,Soil C/P ratio,"",mean,SD,"","",255,75,4,155,33,4,"","",JT,soil_cp,69,300,300,16.5793987575298,0.0329582434675529,0.49783842823918,0.640473697275473,1.49919283496406,0.93945529400792,1.49919283496406,1
dp_77,Kaštovská et al 2025 Science of The Total Environment,Trophic rewilding by large herbivores reduces plant nitrogen and water limitation across seven sites irrespective of their edaphic conditions,https://doi.org/10.1016/j.scitotenv.2025.179141,Mix,Rewilding in six areas for a couple of years,"",each area compared with one nearby control,Unkown,"no feeding or drugs, but likely population control somehow",distal comparison with and without,with_introduction,29,1,290000,1,10000,4 per treatment,,"",plot,Europe,48.845,15.971,"",MAS,Equus caballus,"Introduced 5/2018, smaller herbivores such as roe deer have free access to control and treatment",likely kept artifically constant,0.31 Equus caballus,0,individuals,hectare,4,,1460,1,2022,cumulative,soil_nutrients,soil,soil,higher_level,soil,Soil C/P ratio,"",mean,SD,"","",123,37,4,163,5,4,"","",JT,soil_cp,93,300,300,22.3461461514532,0.0228573530189457,-0.281565845434345,0.608251409297851,-1.31606327688513,0.945168748255496,-1.31606327688513,1
dp_78,Kaštovská et al 2025 Science of The Total Environment,Trophic rewilding by large herbivores reduces plant nitrogen and water limitation across seven sites irrespective of their edaphic conditions,https://doi.org/10.1016/j.scitotenv.2025.179141,Mix,Rewilding in six areas for a couple of years,"",each area compared with one nearby control,Unkown,"no feeding or drugs, but likely population control somehow",distal comparison with and without,with_introduction,18,1,180000,1,10000,4 per treatment,,"",plot,Europe,50.1878,15.861,"",HRK,Equus caballus,"Introduced 1/2018, smaller herbivores such as roe deer have free access to control and treatment",likely kept artifically constant,0.17 Equus caballus,0,individuals,hectare,4,,1460,1,2022,cumulative,soil_nutrients,soil,soil,higher_level,soil,Soil C/P ratio,"",mean,SD,"","",393,154,4,209,51,4,"","",JT,soil_cp,51,300,300,12.2543382120872,0.0532744113427313,0.63147535990445,0.621332072429042,1.39331014453519,0.932584247446285,1.39331014453519,1
dp_79,Kaštovská et al 2025 Science of The Total Environment,Trophic rewilding by large herbivores reduces plant nitrogen and water limitation across seven sites irrespective of their edaphic conditions,https://doi.org/10.1016/j.scitotenv.2025.179141,Mix,Rewilding in six areas for a couple of years,"",each area compared with one nearby control,Unkown,"no feeding or drugs, but likely population control somehow",distal comparison with and without,with_introduction,100,1,1000000,1,10000,4 per treatment,,"",plot,Europe,50.237,14.889,"",MBV,Equus caballus; Bos taurus,"Introduced 3/2015, smaller herbivores such as roe deer have free access to control and treatment",likely kept artifically constant,0.25 Equus caballus; 0.09 Bos taurus,0,individuals,hectare,7,,2555,1,2022,cumulative,soil_nutrients,soil,soil,higher_level,soil,Soil N/P ratio,"",mean,SD,"","",7.7,2.7,4,7.9,3,4,"","",JT,soil_np,142.5,419.117647058824,750,30.9195633007696,0.0667906565349533,-0.0256424306133377,0.500231587576061,-0.060872006842,0.666978852647733,-0.060872006842,1
dp_80,Kaštovská et al 2025 Science of The Total Environment,Trophic rewilding by large herbivores reduces plant nitrogen and water limitation across seven sites irrespective of their edaphic conditions,https://doi.org/10.1016/j.scitotenv.2025.179141,Mix,Rewilding in six areas for a couple of years,"",each area compared with one nearby control,Unkown,"no feeding or drugs, but likely population control somehow",distal comparison with and without,with_introduction,250,1,2500000,1,10000,4 per treatment,,"",plot,Europe,50.279,14.882,"",MTR,Equus caballus; Bison bonasus; Bos taurus,"Introduced 12/2015, smaller herbivores such as roe deer have free access to control and treatment",likely kept artifically constant,0.16 Equus caballus; 0.12 Bison bonasus; 0.02 Bos taurus,0,individuals,hectare,7,,2555,1,2022,cumulative,soil_nutrients,soil,soil,higher_level,soil,Soil N/P ratio,"",mean,SD,"","",22.1,6.4,4,7.7,3.7,4,"","",JT,soil_np,123,410,750,27.0882783257467,0.0786907344769897,1.05435727966407,0.85785836060626,2.39285055314789,1.26261755065189,2.39285055314789,1
dp_81,Kaštovská et al 2025 Science of The Total Environment,Trophic rewilding by large herbivores reduces plant nitrogen and water limitation across seven sites irrespective of their edaphic conditions,https://doi.org/10.1016/j.scitotenv.2025.179141,Mix,Rewilding in six areas for a couple of years,"",each area compared with one nearby control,Unkown,"no feeding or drugs, but likely population control somehow",distal comparison with and without,with_introduction,30,1,300000,1,10000,4 per treatment,,"",plot,Europe,49.664,13.317,"",DOB,Equus caballus,"Introduced 1/2018, smaller herbivores such as roe deer have free access to control and treatment",likely kept artifically constant,0.2 Equus caballus,0,individuals,hectare,4,,1460,1,2022,cumulative,soil_nutrients,soil,soil,higher_level,soil,Soil N/P ratio,"",mean,SD,"","",5.3,3.2,4,5.1,1.8,4,"","",JT,soil_np,60,300,300,14.4168684848085,0.122277503969569,0.0384662808277961,0.500279863621219,0.0669164997553042,0.66714044213941,0.0669164997553042,1
dp_82,Kaštovská et al 2025 Science of The Total Environment,Trophic rewilding by large herbivores reduces plant nitrogen and water limitation across seven sites irrespective of their edaphic conditions,https://doi.org/10.1016/j.scitotenv.2025.179141,Mix,Rewilding in six areas for a couple of years,"",each area compared with one nearby control,Unkown,"no feeding or drugs, but likely population control somehow",distal comparison with and without,with_introduction,35,1,350000,1,10000,4 per treatment,,"",plot,Europe,48.81,15.992,"",HAV,Equus caballus,"Introduced 5/2018, smaller herbivores such as roe deer have free access to control and treatment",likely kept artifically constant,0.23 Equus caballus,0,individuals,hectare,4,,1460,1,2022,cumulative,soil_nutrients,soil,soil,higher_level,soil,Soil N/P ratio,"",mean,SD,"","",16.2,4.2,4,11.9,2.4,4,"","",JT,soil_np,69,300,300,16.5793987575298,0.0269726142696246,0.308472842120855,0.574524213935274,1.09196493669183,0.791643920426682,1.09196493669183,1
dp_83,Kaštovská et al 2025 Science of The Total Environment,Trophic rewilding by large herbivores reduces plant nitrogen and water limitation across seven sites irrespective of their edaphic conditions,https://doi.org/10.1016/j.scitotenv.2025.179141,Mix,Rewilding in six areas for a couple of years,"",each area compared with one nearby control,Unkown,"no feeding or drugs, but likely population control somehow",distal comparison with and without,with_introduction,29,1,290000,1,10000,4 per treatment,,"",plot,Europe,48.845,15.971,"",MAS,Equus caballus,"Introduced 5/2018, smaller herbivores such as roe deer have free access to control and treatment",likely kept artifically constant,0.31 Equus caballus,0,individuals,hectare,4,,1460,1,2022,cumulative,soil_nutrients,soil,soil,higher_level,soil,Soil N/P ratio,"",mean,SD,"","",9.7,3,4,11.6,0.1,4,"","",JT,soil_np,93,300,300,22.3461461514532,0.0239318535969242,-0.178879212602982,0.537788422382488,-0.777569777010275,0.767212358425239,-0.777569777010275,1
dp_84,Kaštovská et al 2025 Science of The Total Environment,Trophic rewilding by large herbivores reduces plant nitrogen and water limitation across seven sites irrespective of their edaphic conditions,https://doi.org/10.1016/j.scitotenv.2025.179141,Mix,Rewilding in six areas for a couple of years,"",each area compared with one nearby control,Unkown,"no feeding or drugs, but likely population control somehow",distal comparison with and without,with_introduction,18,1,180000,1,10000,4 per treatment,,"",plot,Europe,50.1878,15.861,"",HRK,Equus caballus,"Introduced 1/2018, smaller herbivores such as roe deer have free access to control and treatment",likely kept artifically constant,0.17 Equus caballus,0,individuals,hectare,4,,1460,1,2022,cumulative,soil_nutrients,soil,soil,higher_level,soil,Soil N/P ratio,"",mean,SD,"","",23.5,10.3,4,12.9,4.2,4,"","",JT,soil_np,51,300,300,12.2543382120872,0.07452706747386,0.599773109782487,0.585647179938662,1.17062157805953,0.839220510627815,1.17062157805953,1
dp_85,Kaštovská et al 2025 Science of The Total Environment,Trophic rewilding by large herbivores reduces plant nitrogen and water limitation across seven sites irrespective of their edaphic conditions,https://doi.org/10.1016/j.scitotenv.2025.179141,Mix,Rewilding in six areas for a couple of years,"",each area compared with one nearby control,Unkown,"no feeding or drugs, but likely population control somehow",distal comparison with and without,with_introduction,100,1,1000000,1,10000,4 per treatment,,"",plot,Europe,50.237,14.889,"",MBV,Equus caballus; Bos taurus,"Introduced 3/2015, smaller herbivores such as roe deer have free access to control and treatment",likely kept artifically constant,0.25 Equus caballus; 0.09 Bos taurus,0,individuals,hectare,7,,2555,1,2022,cumulative,soil_conditions,soil,soil,higher_level,soil,Soil dry weight,"",mean,SD,"","",0.897,0.011,4,0.882,0.017,4,"","",JT,soil_density,142.5,419.117647058824,750,30.9195633007696,0.000130471297185869,0.0168638060520047,0.551757705070535,0.910012791738975,0.747263769107815,0.910012791738975,2
dp_86,Kaštovská et al 2025 Science of The Total Environment,Trophic rewilding by large herbivores reduces plant nitrogen and water limitation across seven sites irrespective of their edaphic conditions,https://doi.org/10.1016/j.scitotenv.2025.179141,Mix,Rewilding in six areas for a couple of years,"",each area compared with one nearby control,Unkown,"no feeding or drugs, but likely population control somehow",distal comparison with and without,with_introduction,250,1,2500000,1,10000,4 per treatment,,"",plot,Europe,50.279,14.882,"",MTR,Equus caballus; Bison bonasus; Bos taurus,"Introduced 12/2015, smaller herbivores such as roe deer have free access to control and treatment",likely kept artifically constant,0.16 Equus caballus; 0.12 Bison bonasus; 0.02 Bos taurus,0,individuals,hectare,7,,2555,1,2022,cumulative,soil_conditions,soil,soil,higher_level,soil,Soil dry weight,"",mean,SD,"","",0.877,0.026,4,0.887,0.023,4,"","",JT,soil_density,123,410,750,27.0882783257467,0.000387821610660247,-0.0113379899373965,0.507826891315415,-0.353878879062657,0.6772578278902,-0.353878879062657,2
dp_87,Kaštovská et al 2025 Science of The Total Environment,Trophic rewilding by large herbivores reduces plant nitrogen and water limitation across seven sites irrespective of their edaphic conditions,https://doi.org/10.1016/j.scitotenv.2025.179141,Mix,Rewilding in six areas for a couple of years,"",each area compared with one nearby control,Unkown,"no feeding or drugs, but likely population control somehow",distal comparison with and without,with_introduction,30,1,300000,1,10000,4 per treatment,,"",plot,Europe,49.664,13.317,"",DOB,Equus caballus,"Introduced 1/2018, smaller herbivores such as roe deer have free access to control and treatment",likely kept artifically constant,0.2 Equus caballus,0,individuals,hectare,4,,1460,1,2022,cumulative,soil_conditions,soil,soil,higher_level,soil,Soil dry weight,"",mean,SD,"","",0.799,0.029,4,0.812,0.021,4,"","",JT,soil_density,60,300,300,14.4168684848085,0.000496550109344329,-0.0161393943954033,0.512432974118001,-0.446012988474569,0.684857795171184,-0.446012988474569,2
dp_88,Kaštovská et al 2025 Science of The Total Environment,Trophic rewilding by large herbivores reduces plant nitrogen and water limitation across seven sites irrespective of their edaphic conditions,https://doi.org/10.1016/j.scitotenv.2025.179141,Mix,Rewilding in six areas for a couple of years,"",each area compared with one nearby control,Unkown,"no feeding or drugs, but likely population control somehow",distal comparison with and without,with_introduction,35,1,350000,1,10000,4 per treatment,,"",plot,Europe,48.81,15.992,"",HAV,Equus caballus,"Introduced 5/2018, smaller herbivores such as roe deer have free access to control and treatment",likely kept artifically constant,0.23 Equus caballus,0,individuals,hectare,4,,1460,1,2022,cumulative,soil_conditions,soil,soil,higher_level,soil,Soil dry weight,"",mean,SD,"","",0.847,0.013,4,0.85,0.015,4,"","",JT,soil_density,69,300,300,16.5793987575298,0.000136747157992877,-0.00353565483230776,0.502154381632378,-0.185661267145416,0.669597204496233,-0.185661267145416,2
dp_89,Kaštovská et al 2025 Science of The Total Environment,Trophic rewilding by large herbivores reduces plant nitrogen and water limitation across seven sites irrespective of their edaphic conditions,https://doi.org/10.1016/j.scitotenv.2025.179141,Mix,Rewilding in six areas for a couple of years,"",each area compared with one nearby control,Unkown,"no feeding or drugs, but likely population control somehow",distal comparison with and without,with_introduction,29,1,290000,1,10000,4 per treatment,,"",plot,Europe,48.845,15.971,"",MAS,Equus caballus,"Introduced 5/2018, smaller herbivores such as roe deer have free access to control and treatment",likely kept artifically constant,0.31 Equus caballus,0,individuals,hectare,4,,1460,1,2022,cumulative,soil_conditions,soil,soil,higher_level,soil,Soil dry weight,"",mean,SD,"","",0.795,0.01,4,0.839,0.004,4,"","",JT,soil_density,93,300,300,22.3461461514532,4.52378531777328e-05,-0.0538685918128742,2.07406881137118,-5.01847596207642,3.86596308549798,-5.01847596207642,2
dp_90,Kaštovská et al 2025 Science of The Total Environment,Trophic rewilding by large herbivores reduces plant nitrogen and water limitation across seven sites irrespective of their edaphic conditions,https://doi.org/10.1016/j.scitotenv.2025.179141,Mix,Rewilding in six areas for a couple of years,"",each area compared with one nearby control,Unkown,"no feeding or drugs, but likely population control somehow",distal comparison with and without,with_introduction,18,1,180000,1,10000,4 per treatment,,"",plot,Europe,50.1878,15.861,"",HRK,Equus caballus,"Introduced 1/2018, smaller herbivores such as roe deer have free access to control and treatment",likely kept artifically constant,0.17 Equus caballus,0,individuals,hectare,4,,1460,1,2022,cumulative,soil_conditions,soil,soil,higher_level,soil,Soil dry weight,"",mean,SD,"","",0.86,0.056,4,0.825,0.032,4,"","",JT,soil_density,51,300,300,12.2543382120872,0.00143615733518875,0.0415490029128725,0.527772764285979,0.666606502050245,0.713241647152881,0.666606502050245,2
dp_91,Kaštovská et al 2025 Science of The Total Environment,Trophic rewilding by large herbivores reduces plant nitrogen and water limitation across seven sites irrespective of their edaphic conditions,https://doi.org/10.1016/j.scitotenv.2025.179141,Mix,Rewilding in six areas for a couple of years,"",each area compared with one nearby control,Unkown,"no feeding or drugs, but likely population control somehow",distal comparison with and without,with_introduction,100,1,1000000,1,10000,4 per treatment,,"",plot,Europe,50.237,14.889,"",MBV,Equus caballus; Bos taurus,"Introduced 3/2015, smaller herbivores such as roe deer have free access to control and treatment",likely kept artifically constant,0.25 Equus caballus; 0.09 Bos taurus,0,individuals,hectare,7,,2555,1,2022,cumulative,soil_nutrients,soil,soil,higher_level,soil,Soluble reactive P,ng/g,mean,SD,"","",979,428,4,499,116,4,"","",JT,soil_p,142.5,419.117647058824,750,30.9195633007696,0.0612917481613374,0.673925546778992,0.610506279987863,1.32969939452713,0.923779709917294,1.32969939452713,2
dp_92,Kaštovská et al 2025 Science of The Total Environment,Trophic rewilding by large herbivores reduces plant nitrogen and water limitation across seven sites irrespective of their edaphic conditions,https://doi.org/10.1016/j.scitotenv.2025.179141,Mix,Rewilding in six areas for a couple of years,"",each area compared with one nearby control,Unkown,"no feeding or drugs, but likely population control somehow",distal comparison with and without,with_introduction,250,1,2500000,1,10000,4 per treatment,,"",plot,Europe,50.279,14.882,"",MTR,Equus caballus; Bison bonasus; Bos taurus,"Introduced 12/2015, smaller herbivores such as roe deer have free access to control and treatment",likely kept artifically constant,0.16 Equus caballus; 0.12 Bison bonasus; 0.02 Bos taurus,0,individuals,hectare,7,,2555,1,2022,cumulative,soil_nutrients,soil,soil,higher_level,soil,Soluble reactive P,ng/g,mean,SD,"","",333,217,4,340,128,4,"","",JT,soil_p,123,410,750,27.0882783257467,0.141594994726638,-0.0208031276297633,0.500072808721459,-0.0341312106926928,0.666786462553872,-0.0341312106926928,2
dp_93,Kaštovská et al 2025 Science of The Total Environment,Trophic rewilding by large herbivores reduces plant nitrogen and water limitation across seven sites irrespective of their edaphic conditions,https://doi.org/10.1016/j.scitotenv.2025.179141,Mix,Rewilding in six areas for a couple of years,"",each area compared with one nearby control,Unkown,"no feeding or drugs, but likely population control somehow",distal comparison with and without,with_introduction,30,1,300000,1,10000,4 per treatment,,"",plot,Europe,49.664,13.317,"",DOB,Equus caballus,"Introduced 1/2018, smaller herbivores such as roe deer have free access to control and treatment",likely kept artifically constant,0.2 Equus caballus,0,individuals,hectare,4,,1460,1,2022,cumulative,soil_nutrients,soil,soil,higher_level,soil,Soluble reactive P,ng/g,mean,SD,"","",768,301,4,1110,744,4,"","",JT,soil_p,60,300,300,14.4168684848085,0.150717268464589,-0.368325561158708,0.517125778235974,-0.52346198694421,0.701295349138118,-0.52346198694421,2
dp_94,Kaštovská et al 2025 Science of The Total Environment,Trophic rewilding by large herbivores reduces plant nitrogen and water limitation across seven sites irrespective of their edaphic conditions,https://doi.org/10.1016/j.scitotenv.2025.179141,Mix,Rewilding in six areas for a couple of years,"",each area compared with one nearby control,Unkown,"no feeding or drugs, but likely population control somehow",distal comparison with and without,with_introduction,35,1,350000,1,10000,4 per treatment,,"",plot,Europe,48.81,15.992,"",HAV,Equus caballus,"Introduced 5/2018, smaller herbivores such as roe deer have free access to control and treatment",likely kept artifically constant,0.23 Equus caballus,0,individuals,hectare,4,,1460,1,2022,cumulative,soil_nutrients,soil,soil,higher_level,soil,Soluble reactive P,ng/g,mean,SD,"","",643,298,4,1488,733,4,"","",JT,soil_p,69,300,300,16.5793987575298,0.114362614140471,-0.839043491155418,0.607560031275619,-1.31185384110041,0.883668178072565,-1.31185384110041,2
dp_95,Kaštovská et al 2025 Science of The Total Environment,Trophic rewilding by large herbivores reduces plant nitrogen and water limitation across seven sites irrespective of their edaphic conditions,https://doi.org/10.1016/j.scitotenv.2025.179141,Mix,Rewilding in six areas for a couple of years,"",each area compared with one nearby control,Unkown,"no feeding or drugs, but likely population control somehow",distal comparison with and without,with_introduction,29,1,290000,1,10000,4 per treatment,,"",plot,Europe,48.845,15.971,"",MAS,Equus caballus,"Introduced 5/2018, smaller herbivores such as roe deer have free access to control and treatment",likely kept artifically constant,0.31 Equus caballus,0,individuals,hectare,4,,1460,1,2022,cumulative,soil_nutrients,soil,soil,higher_level,soil,Soluble reactive P,ng/g,mean,SD,"","",497,120,4,1085,100,4,"","",JT,soil_p,93,300,300,22.3461461514532,0.0166980059525819,-0.780745239877931,1.83641449045208,-4.62413579463593,2.50649627244177,-4.62413579463593,2
dp_96,Kaštovská et al 2025 Science of The Total Environment,Trophic rewilding by large herbivores reduces plant nitrogen and water limitation across seven sites irrespective of their edaphic conditions,https://doi.org/10.1016/j.scitotenv.2025.179141,Mix,Rewilding in six areas for a couple of years,"",each area compared with one nearby control,Unkown,"no feeding or drugs, but likely population control somehow",distal comparison with and without,with_introduction,18,1,180000,1,10000,4 per treatment,,"",plot,Europe,50.1878,15.861,"",HRK,Equus caballus,"Introduced 1/2018, smaller herbivores such as roe deer have free access to control and treatment",likely kept artifically constant,0.17 Equus caballus,0,individuals,hectare,4,,1460,1,2022,cumulative,soil_nutrients,soil,soil,higher_level,soil,Soluble reactive P,ng/g,mean,SD,"","",561,331,4,949,590,4,"","",JT,soil_p,51,300,300,12.2543382120872,0.183660175679573,-0.525687893087232,0.531023864586591,-0.704543705802169,0.719269213519449,-0.704543705802169,2
dp_97,Kaštovská et al 2025 Science of The Total Environment,Trophic rewilding by large herbivores reduces plant nitrogen and water limitation across seven sites irrespective of their edaphic conditions,https://doi.org/10.1016/j.scitotenv.2025.179141,Mix,Rewilding in six areas for a couple of years,"",each area compared with one nearby control,Unkown,"no feeding or drugs, but likely population control somehow",distal comparison with and without,with_introduction,100,1,1000000,1,10000,4 per treatment,,"",plot,Europe,50.237,14.889,"",MBV,Equus caballus; Bos taurus,"Introduced 3/2015, smaller herbivores such as roe deer have free access to control and treatment",likely kept artifically constant,0.25 Equus caballus; 0.09 Bos taurus,0,individuals,hectare,7,,2555,1,2022,cumulative,soil_conditions,soil,soil,higher_level,soil,Water retention capacity,% vol,mean,SD,"","",40.1,1.7,4,39.8,1.6,4,"","",JT,soil_wrc,142.5,419.117647058824,750,30.9195633007696,0.000853343327419695,0.00750942202213157,0.501557479565425,0.15785966250694,0.668750919790892,0.15785966250694,1
dp_98,Kaštovská et al 2025 Science of The Total Environment,Trophic rewilding by large herbivores reduces plant nitrogen and water limitation across seven sites irrespective of their edaphic conditions,https://doi.org/10.1016/j.scitotenv.2025.179141,Mix,Rewilding in six areas for a couple of years,"",each area compared with one nearby control,Unkown,"no feeding or drugs, but likely population control somehow",distal comparison with and without,with_introduction,250,1,2500000,1,10000,4 per treatment,,"",plot,Europe,50.279,14.882,"",MTR,Equus caballus; Bison bonasus; Bos taurus,"Introduced 12/2015, smaller herbivores such as roe deer have free access to control and treatment",likely kept artifically constant,0.16 Equus caballus; 0.12 Bison bonasus; 0.02 Bos taurus,0,individuals,hectare,7,,2555,1,2022,cumulative,soil_conditions,soil,soil,higher_level,soil,Water retention capacity,% vol,mean,SD,"","",36.8,2.9,4,34.9,3.8,4,"","",JT,soil_wrc,123,410,750,27.0882783257467,0.00451638218057724,0.0530110159665037,0.514900380116684,0.48826845266404,0.687917401117829,0.48826845266404,1
dp_99,Kaštovská et al 2025 Science of The Total Environment,Trophic rewilding by large herbivores reduces plant nitrogen and water limitation across seven sites irrespective of their edaphic conditions,https://doi.org/10.1016/j.scitotenv.2025.179141,Mix,Rewilding in six areas for a couple of years,"",each area compared with one nearby control,Unkown,"no feeding or drugs, but likely population control somehow",distal comparison with and without,with_introduction,30,1,300000,1,10000,4 per treatment,,"",plot,Europe,49.664,13.317,"",DOB,Equus caballus,"Introduced 1/2018, smaller herbivores such as roe deer have free access to control and treatment",likely kept artifically constant,0.2 Equus caballus,0,individuals,hectare,4,,1460,1,2022,cumulative,soil_conditions,soil,soil,higher_level,soil,Water retention capacity,% vol,mean,SD,"","",39.1,3.5,4,38.8,4.4,4,"","",JT,soil_wrc,60,300,300,14.4168684848085,0.00521819893344921,0.00770222036209252,0.500268530959556,0.0655476571121915,0.667042822319238,0.0655476571121915,1
dp_100,Kaštovská et al 2025 Science of The Total Environment,Trophic rewilding by large herbivores reduces plant nitrogen and water limitation across seven sites irrespective of their edaphic conditions,https://doi.org/10.1016/j.scitotenv.2025.179141,Mix,Rewilding in six areas for a couple of years,"",each area compared with one nearby control,Unkown,"no feeding or drugs, but likely population control somehow",distal comparison with and without,with_introduction,35,1,350000,1,10000,4 per treatment,,"",plot,Europe,48.81,15.992,"",HAV,Equus caballus,"Introduced 5/2018, smaller herbivores such as roe deer have free access to control and treatment",likely kept artifically constant,0.23 Equus caballus,0,individuals,hectare,4,,1460,1,2022,cumulative,soil_conditions,soil,soil,higher_level,soil,Water retention capacity,% vol,mean,SD,"","",35.4,3.8,4,37.9,5.9,4,"","",JT,soil_wrc,69,300,300,16.5793987575298,0.0089392245182869,-0.0682392919486519,0.511968786846542,-0.437607803340703,0.685355022793727,-0.437607803340703,1
dp_101,Kaštovská et al 2025 Science of The Total Environment,Trophic rewilding by large herbivores reduces plant nitrogen and water limitation across seven sites irrespective of their edaphic conditions,https://doi.org/10.1016/j.scitotenv.2025.179141,Mix,Rewilding in six areas for a couple of years,"",each area compared with one nearby control,Unkown,"no feeding or drugs, but likely population control somehow",distal comparison with and without,with_introduction,29,1,290000,1,10000,4 per treatment,,"",plot,Europe,48.845,15.971,"",MAS,Equus caballus,"Introduced 5/2018, smaller herbivores such as roe deer have free access to control and treatment",likely kept artifically constant,0.31 Equus caballus,0,individuals,hectare,4,,1460,1,2022,cumulative,soil_conditions,soil,soil,higher_level,soil,Water retention capacity,% vol,mean,SD,"","",42.2,2,4,31.4,3.3,4,"","",JT,soil_wrc,93,300,300,22.3461461514532,0.00332280096542793,0.295612328127759,1.23880387283491,3.43814804296711,1.86265810160093,3.43814804296711,1
dp_102,Kaštovská et al 2025 Science of The Total Environment,Trophic rewilding by large herbivores reduces plant nitrogen and water limitation across seven sites irrespective of their edaphic conditions,https://doi.org/10.1016/j.scitotenv.2025.179141,Mix,Rewilding in six areas for a couple of years,"",each area compared with one nearby control,Unkown,"no feeding or drugs, but likely population control somehow",distal comparison with and without,with_introduction,18,1,180000,1,10000,4 per treatment,,"",plot,Europe,50.1878,15.861,"",HRK,Equus caballus,"Introduced 1/2018, smaller herbivores such as roe deer have free access to control and treatment",likely kept artifically constant,0.17 Equus caballus,0,individuals,hectare,4,,1460,1,2022,cumulative,soil_conditions,soil,soil,higher_level,soil,Water retention capacity,% vol,mean,SD,"","",34.6,6.9,4,33.4,6.3,4,"","",JT,soil_wrc,51,300,300,12.2543382120872,0.01883691594076,0.0352977820810239,0.50155569551094,0.157769224423029,0.668757999379715,0.157769224423029,1
dp_103,Kaštovská et al 2025 Science of The Total Environment,Trophic rewilding by large herbivores reduces plant nitrogen and water limitation across seven sites irrespective of their edaphic conditions,https://doi.org/10.1016/j.scitotenv.2025.179141,Mix,Rewilding in six areas for a couple of years,"",each area compared with one nearby control,Unkown,"no feeding or drugs, but likely population control somehow",distal comparison with and without,with_introduction,100,1,1000000,1,10000,4 per treatment,,"",plot,Europe,50.237,14.889,"",MBV,Equus caballus; Bos taurus,"Introduced 3/2015, smaller herbivores such as roe deer have free access to control and treatment",likely kept artifically constant,0.25 Equus caballus; 0.09 Bos taurus,0,individuals,hectare,7,,2555,1,2022,cumulative,soil_conditions,soil,soil,higher_level,soil,fine particles,%,mean,SD,"","",42.8,5.1,4,52.3,7.3,4,"","",JT,soil_fine_particles,142.5,419.117647058824,750,30.9195633007696,0.00842030831155642,-0.200458268483126,0.607337227511418,-1.31049442584953,0.826719774234665,-1.31049442584953,1
dp_104,Kaštovská et al 2025 Science of The Total Environment,Trophic rewilding by large herbivores reduces plant nitrogen and water limitation across seven sites irrespective of their edaphic conditions,https://doi.org/10.1016/j.scitotenv.2025.179141,Mix,Rewilding in six areas for a couple of years,"",each area compared with one nearby control,Unkown,"no feeding or drugs, but likely population control somehow",distal comparison with and without,with_introduction,250,1,2500000,1,10000,4 per treatment,,"",plot,Europe,50.279,14.882,"",MTR,Equus caballus; Bison bonasus; Bos taurus,"Introduced 12/2015, smaller herbivores such as roe deer have free access to control and treatment",likely kept artifically constant,0.16 Equus caballus; 0.12 Bison bonasus; 0.02 Bos taurus,0,individuals,hectare,7,,2555,1,2022,cumulative,soil_conditions,soil,soil,higher_level,soil,fine particles,%,mean,SD,"","",42.5,7,4,47.7,1.5,4,"","",JT,soil_fine_particles,123,410,750,27.0882783257467,0.00702922815375251,-0.115427321963924,0.549761007826036,-0.892287019527114,0.788222852637171,-0.892287019527114,1
dp_105,Kaštovská et al 2025 Science of The Total Environment,Trophic rewilding by large herbivores reduces plant nitrogen and water limitation across seven sites irrespective of their edaphic conditions,https://doi.org/10.1016/j.scitotenv.2025.179141,Mix,Rewilding in six areas for a couple of years,"",each area compared with one nearby control,Unkown,"no feeding or drugs, but likely population control somehow",distal comparison with and without,with_introduction,30,1,300000,1,10000,4 per treatment,,"",plot,Europe,49.664,13.317,"",DOB,Equus caballus,"Introduced 1/2018, smaller herbivores such as roe deer have free access to control and treatment",likely kept artifically constant,0.2 Equus caballus,0,individuals,hectare,4,,1460,1,2022,cumulative,soil_conditions,soil,soil,higher_level,soil,fine particles,%,mean,SD,"","",77.2,13.1,4,69.7,9.2,4,"","",JT,soil_fine_particles,60,300,300,14.4168684848085,0.0115542205333492,0.102199139264252,0.520703082028214,0.575542624356724,0.697450467139148,0.575542624356723,1
dp_106,Kaštovská et al 2025 Science of The Total Environment,Trophic rewilding by large herbivores reduces plant nitrogen and water limitation across seven sites irrespective of their edaphic conditions,https://doi.org/10.1016/j.scitotenv.2025.179141,Mix,Rewilding in six areas for a couple of years,"",each area compared with one nearby control,Unkown,"no feeding or drugs, but likely population control somehow",distal comparison with and without,with_introduction,35,1,350000,1,10000,4 per treatment,,"",plot,Europe,48.81,15.992,"",HAV,Equus caballus,"Introduced 5/2018, smaller herbivores such as roe deer have free access to control and treatment",likely kept artifically constant,0.23 Equus caballus,0,individuals,hectare,4,,1460,1,2022,cumulative,soil_conditions,soil,soil,higher_level,soil,fine particles,%,mean,SD,"","",37.4,10.9,4,45.9,2,4,"","",JT,soil_fine_particles,69,300,300,16.5793987575298,0.0217095307146628,-0.204794412646013,0.5554856234455,-0.942215461095818,0.805303847022896,-0.942215461095818,1
dp_107,Kaštovská et al 2025 Science of The Total Environment,Trophic rewilding by large herbivores reduces plant nitrogen and water limitation across seven sites irrespective of their edaphic conditions,https://doi.org/10.1016/j.scitotenv.2025.179141,Mix,Rewilding in six areas for a couple of years,"",each area compared with one nearby control,Unkown,"no feeding or drugs, but likely population control somehow",distal comparison with and without,with_introduction,29,1,290000,1,10000,4 per treatment,,"",plot,Europe,48.845,15.971,"",MAS,Equus caballus,"Introduced 5/2018, smaller herbivores such as roe deer have free access to control and treatment",likely kept artifically constant,0.31 Equus caballus,0,individuals,hectare,4,,1460,1,2022,cumulative,soil_conditions,soil,soil,higher_level,soil,fine particles,%,mean,SD,"","",88.6,2,4,44.9,6.4,4,"","",JT,soil_fine_particles,93,300,300,22.3461461514532,0.00520672906837547,0.679694062862827,4.50601823214922,8.00601597015567,9.61765672529392,8.00601597015567,1
dp_108,Kaštovská et al 2025 Science of The Total Environment,Trophic rewilding by large herbivores reduces plant nitrogen and water limitation across seven sites irrespective of their edaphic conditions,https://doi.org/10.1016/j.scitotenv.2025.179141,Mix,Rewilding in six areas for a couple of years,"",each area compared with one nearby control,Unkown,"no feeding or drugs, but likely population control somehow",distal comparison with and without,with_introduction,18,1,180000,1,10000,4 per treatment,,"",plot,Europe,50.1878,15.861,"",HRK,Equus caballus,"Introduced 1/2018, smaller herbivores such as roe deer have free access to control and treatment",likely kept artifically constant,0.17 Equus caballus,0,individuals,hectare,4,,1460,1,2022,cumulative,soil_conditions,soil,soil,higher_level,soil,fine particles,%,mean,SD,"","",19.1,21.1,4,27.5,20.1,4,"","",JT,soil_fine_particles,51,300,300,12.2543382120872,0.438654198664719,-0.364497669619941,0.507836365944218,-0.354093003471537,0.677139747362389,-0.354093003471537,1
dp_109,Kaštovská et al 2025 Science of The Total Environment,Trophic rewilding by large herbivores reduces plant nitrogen and water limitation across seven sites irrespective of their edaphic conditions,https://doi.org/10.1016/j.scitotenv.2025.179141,Mix,Rewilding in six areas for a couple of years,"",each area compared with one nearby control,Unkown,"no feeding or drugs, but likely population control somehow",distal comparison with and without,with_introduction,100,1,1000000,1,10000,4 per treatment,,"",plot,Europe,50.237,14.889,"",MBV,Equus caballus; Bos taurus,"Introduced 3/2015, smaller herbivores such as roe deer have free access to control and treatment",likely kept artifically constant,0.25 Equus caballus; 0.09 Bos taurus,0,individuals,hectare,7,,2555,1,2022,cumulative,soil_conditions,soil,soil,higher_level,soil,pH,"",mean,SD,"","",7.29,0.34,4,7.84,0.33,4,"","",JT,soil_ph,142.5,419.117647058824,750,30.9195633007696,0.000986735166217959,-0.0727352883417496,0.627082392900235,-1.4259446996303,0.836260775198201,-1.4259446996303,2
dp_110,Kaštovská et al 2025 Science of The Total Environment,Trophic rewilding by large herbivores reduces plant nitrogen and water limitation across seven sites irrespective of their edaphic conditions,https://doi.org/10.1016/j.scitotenv.2025.179141,Mix,Rewilding in six areas for a couple of years,"",each area compared with one nearby control,Unkown,"no feeding or drugs, but likely population control somehow",distal comparison with and without,with_introduction,250,1,2500000,1,10000,4 per treatment,,"",plot,Europe,50.279,14.882,"",MTR,Equus caballus; Bison bonasus; Bos taurus,"Introduced 12/2015, smaller herbivores such as roe deer have free access to control and treatment",likely kept artifically constant,0.16 Equus caballus; 0.12 Bison bonasus; 0.02 Bos taurus,0,individuals,hectare,7,,2555,1,2022,cumulative,soil_conditions,soil,soil,higher_level,soil,pH,"",mean,SD,"","",8.06,0.09,4,7.86,0.3,4,"","",JT,soil_ph,123,410,750,27.0882783257467,0.000395369192648831,0.0251269500774219,0.538456285566056,0.78441096949042,0.753680176144862,0.78441096949042,2
dp_111,Kaštovská et al 2025 Science of The Total Environment,Trophic rewilding by large herbivores reduces plant nitrogen and water limitation across seven sites irrespective of their edaphic conditions,https://doi.org/10.1016/j.scitotenv.2025.179141,Mix,Rewilding in six areas for a couple of years,"",each area compared with one nearby control,Unkown,"no feeding or drugs, but likely population control somehow",distal comparison with and without,with_introduction,30,1,300000,1,10000,4 per treatment,,"",plot,Europe,49.664,13.317,"",DOB,Equus caballus,"Introduced 1/2018, smaller herbivores such as roe deer have free access to control and treatment",likely kept artifically constant,0.2 Equus caballus,0,individuals,hectare,4,,1460,1,2022,cumulative,soil_conditions,soil,soil,higher_level,soil,pH,"",mean,SD,"","",6.53,0.19,4,6.56,0.27,4,"","",JT,soil_ph,60,300,300,14.4168684848085,0.000635157538477949,-0.00458365966765793,0.500778739782713,-0.111623637834473,0.667823337869624,-0.111623637834473,2
dp_112,Kaštovská et al 2025 Science of The Total Environment,Trophic rewilding by large herbivores reduces plant nitrogen and water limitation across seven sites irrespective of their edaphic conditions,https://doi.org/10.1016/j.scitotenv.2025.179141,Mix,Rewilding in six areas for a couple of years,"",each area compared with one nearby control,Unkown,"no feeding or drugs, but likely population control somehow",distal comparison with and without,with_introduction,35,1,350000,1,10000,4 per treatment,,"",plot,Europe,48.81,15.992,"",HAV,Equus caballus,"Introduced 5/2018, smaller herbivores such as roe deer have free access to control and treatment",likely kept artifically constant,0.23 Equus caballus,0,individuals,hectare,4,,1460,1,2022,cumulative,soil_conditions,soil,soil,higher_level,soil,pH,"",mean,SD,"","",5.26,0.08,4,5.94,0.14,4,"","",JT,soil_ph,69,300,300,16.5793987575298,0.000196704092430039,-0.121578106624935,2.17733893300724,-5.18048481593333,3.47956736568062,-5.18048481593333,2
dp_113,Kaštovská et al 2025 Science of The Total Environment,Trophic rewilding by large herbivores reduces plant nitrogen and water limitation across seven sites irrespective of their edaphic conditions,https://doi.org/10.1016/j.scitotenv.2025.179141,Mix,Rewilding in six areas for a couple of years,"",each area compared with one nearby control,Unkown,"no feeding or drugs, but likely population control somehow",distal comparison with and without,with_introduction,29,1,290000,1,10000,4 per treatment,,"",plot,Europe,48.845,15.971,"",MAS,Equus caballus,"Introduced 5/2018, smaller herbivores such as roe deer have free access to control and treatment",likely kept artifically constant,0.31 Equus caballus,0,individuals,hectare,4,,1460,1,2022,cumulative,soil_conditions,soil,soil,higher_level,soil,pH,"",mean,SD,"","",6.71,0.49,4,5.58,0.04,4,"","",JT,soil_ph,93,300,300,22.3461461514532,0.00134602159998987,0.184410174590371,0.998260645940737,2.8235032025928,1.97788684434329,2.8235032025928,2
dp_114,Kaštovská et al 2025 Science of The Total Environment,Trophic rewilding by large herbivores reduces plant nitrogen and water limitation across seven sites irrespective of their edaphic conditions,https://doi.org/10.1016/j.scitotenv.2025.179141,Mix,Rewilding in six areas for a couple of years,"",each area compared with one nearby control,Unkown,"no feeding or drugs, but likely population control somehow",distal comparison with and without,with_introduction,18,1,180000,1,10000,4 per treatment,,"",plot,Europe,50.1878,15.861,"",HRK,Equus caballus,"Introduced 1/2018, smaller herbivores such as roe deer have free access to control and treatment",likely kept artifically constant,0.17 Equus caballus,0,individuals,hectare,4,,1460,1,2022,cumulative,soil_conditions,soil,soil,higher_level,soil,pH,"",mean,SD,"","",6.63,0.3,4,7.28,0.55,4,"","",JT,soil_ph,51,300,300,12.2543382120872,0.00193879490100948,-0.0935260580108235,0.601522756810683,-1.27450543701113,0.841707512168646,-1.27450543701113,2
dp_115,Kaštovská et al 2025 Science of The Total Environment,Trophic rewilding by large herbivores reduces plant nitrogen and water limitation across seven sites irrespective of their edaphic conditions,https://doi.org/10.1016/j.scitotenv.2025.179141,Mix,Rewilding in six areas for a couple of years,"",each area compared with one nearby control,Unkown,"no feeding or drugs, but likely population control somehow",distal comparison with and without,with_introduction,100,1,1000000,1,10000,4 per treatment,,"",plot,Europe,50.237,14.889,"",MBV,Equus caballus; Bos taurus,"Introduced 3/2015, smaller herbivores such as roe deer have free access to control and treatment",likely kept artifically constant,0.25 Equus caballus; 0.09 Bos taurus,0,individuals,hectare,7,,2555,1,2022,cumulative,soil_nutrients,soil,soil,higher_level,soil,soil C content,mg/g,mean,SD,"","",24.4,4.7,4,24.1,1.7,4,"","",JT,soil_n,142.5,419.117647058824,750,30.9195633007696,0.0105198527069071,0.0123712918025468,0.500339802387173,0.0737349184224074,0.667387396071164,0.0737349184224074,1
dp_116,Kaštovská et al 2025 Science of The Total Environment,Trophic rewilding by large herbivores reduces plant nitrogen and water limitation across seven sites irrespective of their edaphic conditions,https://doi.org/10.1016/j.scitotenv.2025.179141,Mix,Rewilding in six areas for a couple of years,"",each area compared with one nearby control,Unkown,"no feeding or drugs, but likely population control somehow",distal comparison with and without,with_introduction,250,1,2500000,1,10000,4 per treatment,,"",plot,Europe,50.279,14.882,"",MTR,Equus caballus; Bison bonasus; Bos taurus,"Introduced 12/2015, smaller herbivores such as roe deer have free access to control and treatment",likely kept artifically constant,0.16 Equus caballus; 0.12 Bison bonasus; 0.02 Bos taurus,0,individuals,hectare,7,,2555,1,2022,cumulative,soil_nutrients,soil,soil,higher_level,soil,soil C content,mg/g,mean,SD,"","",25.3,5.9,4,19.4,4,4,"","",JT,soil_n,123,410,750,27.0882783257467,0.0242238663592917,0.265531329664192,0.564614677122805,1.0167766883465,0.764626829218123,1.0167766883465,1
dp_117,Kaštovská et al 2025 Science of The Total Environment,Trophic rewilding by large herbivores reduces plant nitrogen and water limitation across seven sites irrespective of their edaphic conditions,https://doi.org/10.1016/j.scitotenv.2025.179141,Mix,Rewilding in six areas for a couple of years,"",each area compared with one nearby control,Unkown,"no feeding or drugs, but likely population control somehow",distal comparison with and without,with_introduction,30,1,300000,1,10000,4 per treatment,,"",plot,Europe,49.664,13.317,"",DOB,Equus caballus,"Introduced 1/2018, smaller herbivores such as roe deer have free access to control and treatment",likely kept artifically constant,0.2 Equus caballus,0,individuals,hectare,4,,1460,1,2022,cumulative,soil_nutrients,soil,soil,higher_level,soil,soil C content,mg/g,mean,SD,"","",24.6,8.8,4,23,9.8,4,"","",JT,soil_n,60,300,300,14.4168684848085,0.077379063057079,0.0672522270091675,0.501391768176723,0.149225637299929,0.668543689624226,0.149225637299929,1
dp_118,Kaštovská et al 2025 Science of The Total Environment,Trophic rewilding by large herbivores reduces plant nitrogen and water limitation across seven sites irrespective of their edaphic conditions,https://doi.org/10.1016/j.scitotenv.2025.179141,Mix,Rewilding in six areas for a couple of years,"",each area compared with one nearby control,Unkown,"no feeding or drugs, but likely population control somehow",distal comparison with and without,with_introduction,35,1,350000,1,10000,4 per treatment,,"",plot,Europe,48.81,15.992,"",HAV,Equus caballus,"Introduced 5/2018, smaller herbivores such as roe deer have free access to control and treatment",likely kept artifically constant,0.23 Equus caballus,0,individuals,hectare,4,,1460,1,2022,cumulative,soil_nutrients,soil,soil,higher_level,soil,soil C content,mg/g,mean,SD,"","",27.8,10.4,4,21.6,3.6,4,"","",JT,soil_n,69,300,300,16.5793987575298,0.0419322815129192,0.252342706006472,0.52993256036231,0.692041159033878,0.731232869476148,0.692041159033878,1
dp_119,Kaštovská et al 2025 Science of The Total Environment,Trophic rewilding by large herbivores reduces plant nitrogen and water limitation across seven sites irrespective of their edaphic conditions,https://doi.org/10.1016/j.scitotenv.2025.179141,Mix,Rewilding in six areas for a couple of years,"",each area compared with one nearby control,Unkown,"no feeding or drugs, but likely population control somehow",distal comparison with and without,with_introduction,29,1,290000,1,10000,4 per treatment,,"",plot,Europe,48.845,15.971,"",MAS,Equus caballus,"Introduced 5/2018, smaller herbivores such as roe deer have free access to control and treatment",likely kept artifically constant,0.31 Equus caballus,0,individuals,hectare,4,,1460,1,2022,cumulative,soil_nutrients,soil,soil,higher_level,soil,soil C content,mg/g,mean,SD,"","",23.2,3.2,4,18.4,0.9,4,"","",JT,soil_n,93,300,300,22.3461461514532,0.00535436402394755,0.231801614057324,0.696651175536773,1.77381476163335,1.11982458759888,1.77381476163335,1
dp_120,Kaštovská et al 2025 Science of The Total Environment,Trophic rewilding by large herbivores reduces plant nitrogen and water limitation across seven sites irrespective of their edaphic conditions,https://doi.org/10.1016/j.scitotenv.2025.179141,Mix,Rewilding in six areas for a couple of years,"",each area compared with one nearby control,Unkown,"no feeding or drugs, but likely population control somehow",distal comparison with and without,with_introduction,18,1,180000,1,10000,4 per treatment,,"",plot,Europe,50.1878,15.861,"",HRK,Equus caballus,"Introduced 1/2018, smaller herbivores such as roe deer have free access to control and treatment",likely kept artifically constant,0.17 Equus caballus,0,individuals,hectare,4,,1460,1,2022,cumulative,soil_nutrients,soil,soil,higher_level,soil,soil C content,mg/g,mean,SD,"","",21,5.6,4,21.3,5.6,4,"","",JT,soil_n,51,300,300,12.2543382120872,0.0350582997200732,-0.0141846349919564,0.500135335835963,-0.046533572562183,0.66684711444795,-0.046533572562183,1
dp_121,Kaštovská et al 2025 Science of The Total Environment,Trophic rewilding by large herbivores reduces plant nitrogen and water limitation across seven sites irrespective of their edaphic conditions,https://doi.org/10.1016/j.scitotenv.2025.179141,Mix,Rewilding in six areas for a couple of years,"",each area compared with one nearby control,Unkown,"no feeding or drugs, but likely population control somehow",distal comparison with and without,with_introduction,100,1,1000000,1,10000,4 per treatment,,"",plot,Europe,50.237,14.889,"",MBV,Equus caballus; Bos taurus,"Introduced 3/2015, smaller herbivores such as roe deer have free access to control and treatment",likely kept artifically constant,0.25 Equus caballus; 0.09 Bos taurus,0,individuals,hectare,7,,2555,1,2022,cumulative,soil_nutrients,soil,soil,higher_level,soil,soil N content,mg/g,mean,SD,"","",2.03,0.31,4,2.05,0.08,4,"","",JT,soil_n,142.5,419.117647058824,750,30.9195633007696,0.00621076288628899,-0.00980400009662086,0.500368054791613,-0.0767390165808965,0.667533233726925,-0.0767390165808965,1
dp_122,Kaštovská et al 2025 Science of The Total Environment,Trophic rewilding by large herbivores reduces plant nitrogen and water limitation across seven sites irrespective of their edaphic conditions,https://doi.org/10.1016/j.scitotenv.2025.179141,Mix,Rewilding in six areas for a couple of years,"",each area compared with one nearby control,Unkown,"no feeding or drugs, but likely population control somehow",distal comparison with and without,with_introduction,250,1,2500000,1,10000,4 per treatment,,"",plot,Europe,50.279,14.882,"",MTR,Equus caballus; Bison bonasus; Bos taurus,"Introduced 12/2015, smaller herbivores such as roe deer have free access to control and treatment",likely kept artifically constant,0.16 Equus caballus; 0.12 Bison bonasus; 0.02 Bos taurus,0,individuals,hectare,7,,2555,1,2022,cumulative,soil_nutrients,soil,soil,higher_level,soil,soil N content,mg/g,mean,SD,"","",2.13,0.49,4,1.63,0.3,4,"","",JT,soil_n,123,410,750,27.0882783257467,0.0216989155516988,0.267541964902663,0.571428385603418,1.06904357706068,0.78159606433694,1.06904357706068,1
dp_123,Kaštovská et al 2025 Science of The Total Environment,Trophic rewilding by large herbivores reduces plant nitrogen and water limitation across seven sites irrespective of their edaphic conditions,https://doi.org/10.1016/j.scitotenv.2025.179141,Mix,Rewilding in six areas for a couple of years,"",each area compared with one nearby control,Unkown,"no feeding or drugs, but likely population control somehow",distal comparison with and without,with_introduction,30,1,300000,1,10000,4 per treatment,,"",plot,Europe,49.664,13.317,"",DOB,Equus caballus,"Introduced 1/2018, smaller herbivores such as roe deer have free access to control and treatment",likely kept artifically constant,0.2 Equus caballus,0,individuals,hectare,4,,1460,1,2022,cumulative,soil_nutrients,soil,soil,higher_level,soil,soil N content,mg/g,mean,SD,"","",1.87,0.56,4,1.84,0.8,4,"","",JT,soil_n,60,300,300,14.4168684848085,0.0696788367941987,0.016172859245601,0.500089012831707,0.0377386447465993,0.666799255063705,0.0377386447465993,1
dp_124,Kaštovská et al 2025 Science of The Total Environment,Trophic rewilding by large herbivores reduces plant nitrogen and water limitation across seven sites irrespective of their edaphic conditions,https://doi.org/10.1016/j.scitotenv.2025.179141,Mix,Rewilding in six areas for a couple of years,"",each area compared with one nearby control,Unkown,"no feeding or drugs, but likely population control somehow",distal comparison with and without,with_introduction,35,1,350000,1,10000,4 per treatment,,"",plot,Europe,48.81,15.992,"",HAV,Equus caballus,"Introduced 5/2018, smaller herbivores such as roe deer have free access to control and treatment",likely kept artifically constant,0.23 Equus caballus,0,individuals,hectare,4,,1460,1,2022,cumulative,soil_nutrients,soil,soil,higher_level,soil,soil N content,mg/g,mean,SD,"","",2.06,0.73,4,1.93,0.3,4,"","",JT,soil_n,69,300,300,16.5793987575298,0.0374347656141731,0.0651859798846956,0.502558849385018,0.202340283088386,0.671803342958245,0.202340283088386,1
dp_125,Kaštovská et al 2025 Science of The Total Environment,Trophic rewilding by large herbivores reduces plant nitrogen and water limitation across seven sites irrespective of their edaphic conditions,https://doi.org/10.1016/j.scitotenv.2025.179141,Mix,Rewilding in six areas for a couple of years,"",each area compared with one nearby control,Unkown,"no feeding or drugs, but likely population control somehow",distal comparison with and without,with_introduction,29,1,290000,1,10000,4 per treatment,,"",plot,Europe,48.845,15.971,"",MAS,Equus caballus,"Introduced 5/2018, smaller herbivores such as roe deer have free access to control and treatment",likely kept artifically constant,0.31 Equus caballus,0,individuals,hectare,4,,1460,1,2022,cumulative,soil_nutrients,soil,soil,higher_level,soil,soil N content,mg/g,mean,SD,"","",2.12,0.32,4,1.53,0.02,4,"","",JT,soil_n,93,300,300,22.3461461514532,0.0057386958285906,0.326148353279577,0.819364955701333,2.26049536412295,1.51170478894147,2.26049536412295,1
dp_126,Kaštovská et al 2025 Science of The Total Environment,Trophic rewilding by large herbivores reduces plant nitrogen and water limitation across seven sites irrespective of their edaphic conditions,https://doi.org/10.1016/j.scitotenv.2025.179141,Mix,Rewilding in six areas for a couple of years,"",each area compared with one nearby control,Unkown,"no feeding or drugs, but likely population control somehow",distal comparison with and without,with_introduction,18,1,180000,1,10000,4 per treatment,,"",plot,Europe,50.1878,15.861,"",HRK,Equus caballus,"Introduced 1/2018, smaller herbivores such as roe deer have free access to control and treatment",likely kept artifically constant,0.17 Equus caballus,0,individuals,hectare,4,,1460,1,2022,cumulative,soil_nutrients,soil,soil,higher_level,soil,soil N content,mg/g,mean,SD,"","",1.38,0.35,4,1.54,0.48,4,"","",JT,soil_n,51,300,300,12.2543382120872,0.0403685813350582,-0.109698917256424,0.506841709926266,-0.330858517829383,0.676641738271334,-0.330858517829383,1
dp_127,Kaštovská et al 2025 Science of The Total Environment,Trophic rewilding by large herbivores reduces plant nitrogen and water limitation across seven sites irrespective of their edaphic conditions,https://doi.org/10.1016/j.scitotenv.2025.179141,Mix,Rewilding in six areas for a couple of years,"",each area compared with one nearby control,Unkown,"no feeding or drugs, but likely population control somehow",distal comparison with and without,with_introduction,100,1,1000000,1,10000,4 per treatment,,"",plot,Europe,50.237,14.889,"",MBV,Equus caballus; Bos taurus,"Introduced 3/2015, smaller herbivores such as roe deer have free access to control and treatment",likely kept artifically constant,0.25 Equus caballus; 0.09 Bos taurus,0,individuals,hectare,7,,2555,1,2022,cumulative,soil_nutrients,soil,soil,higher_level,soil,soil P content,mg/g,mean,SD,"","",0.64,0.17,4,0.67,0.24,4,"","",JT,soil_p,142.5,419.117647058824,750,30.9195633007696,0.049717574056896,-0.0458095360312942,0.500981302153939,-0.125302970687113,0.668119106206909,-0.125302970687113,2
dp_128,Kaštovská et al 2025 Science of The Total Environment,Trophic rewilding by large herbivores reduces plant nitrogen and water limitation across seven sites irrespective of their edaphic conditions,https://doi.org/10.1016/j.scitotenv.2025.179141,Mix,Rewilding in six areas for a couple of years,"",each area compared with one nearby control,Unkown,"no feeding or drugs, but likely population control somehow",distal comparison with and without,with_introduction,250,1,2500000,1,10000,4 per treatment,,"",plot,Europe,50.279,14.882,"",MTR,Equus caballus; Bison bonasus; Bos taurus,"Introduced 12/2015, smaller herbivores such as roe deer have free access to control and treatment",likely kept artifically constant,0.16 Equus caballus; 0.12 Bison bonasus; 0.02 Bos taurus,0,individuals,hectare,7,,2555,1,2022,cumulative,soil_nutrients,soil,soil,higher_level,soil,soil P content,mg/g,mean,SD,"","",0.22,0.02,4,0.7,0.51,4,"","",JT,soil_p,123,410,750,27.0882783257467,0.134770197335132,-1.15745278869104,0.583416333577019,-1.15527543782091,0.888428143817299,-1.15527543782091,2
dp_129,Kaštovská et al 2025 Science of The Total Environment,Trophic rewilding by large herbivores reduces plant nitrogen and water limitation across seven sites irrespective of their edaphic conditions,https://doi.org/10.1016/j.scitotenv.2025.179141,Mix,Rewilding in six areas for a couple of years,"",each area compared with one nearby control,Unkown,"no feeding or drugs, but likely population control somehow",distal comparison with and without,with_introduction,30,1,300000,1,10000,4 per treatment,,"",plot,Europe,49.664,13.317,"",DOB,Equus caballus,"Introduced 1/2018, smaller herbivores such as roe deer have free access to control and treatment",likely kept artifically constant,0.2 Equus caballus,0,individuals,hectare,4,,1460,1,2022,cumulative,soil_nutrients,soil,soil,higher_level,soil,soil P content,mg/g,mean,SD,"","",0.98,0.49,4,0.9,0.41,4,"","",JT,soil_p,60,300,300,14.4168684848085,0.114382716049383,0.0851578083403068,0.501478711068704,0.153816049550292,0.668699621040879,0.153816049550292,2
dp_130,Kaštovská et al 2025 Science of The Total Environment,Trophic rewilding by large herbivores reduces plant nitrogen and water limitation across seven sites irrespective of their edaphic conditions,https://doi.org/10.1016/j.scitotenv.2025.179141,Mix,Rewilding in six areas for a couple of years,"",each area compared with one nearby control,Unkown,"no feeding or drugs, but likely population control somehow",distal comparison with and without,with_introduction,35,1,350000,1,10000,4 per treatment,,"",plot,Europe,48.81,15.992,"",HAV,Equus caballus,"Introduced 5/2018, smaller herbivores such as roe deer have free access to control and treatment",likely kept artifically constant,0.23 Equus caballus,0,individuals,hectare,4,,1460,1,2022,cumulative,soil_nutrients,soil,soil,higher_level,soil,soil P content,mg/g,mean,SD,"","",0.28,0.04,4,0.37,0.04,4,"","",JT,soil_p,69,300,300,16.5793987575298,0.00802388157600513,-0.278713402469021,0.738732414637843,-1.95441004761168,0.984976552850457,-1.95441004761168,2
dp_131,Kaštovská et al 2025 Science of The Total Environment,Trophic rewilding by large herbivores reduces plant nitrogen and water limitation across seven sites irrespective of their edaphic conditions,https://doi.org/10.1016/j.scitotenv.2025.179141,Mix,Rewilding in six areas for a couple of years,"",each area compared with one nearby control,Unkown,"no feeding or drugs, but likely population control somehow",distal comparison with and without,with_introduction,29,1,290000,1,10000,4 per treatment,,"",plot,Europe,48.845,15.971,"",MAS,Equus caballus,"Introduced 5/2018, smaller herbivores such as roe deer have free access to control and treatment",likely kept artifically constant,0.31 Equus caballus,0,individuals,hectare,4,,1460,1,2022,cumulative,soil_nutrients,soil,soil,higher_level,soil,soil P content,mg/g,mean,SD,"","",0.6,0.38,4,0.29,0.01,4,"","",JT,soil_p,93,300,300,22.3461461514532,0.100575042938301,0.727048732235627,0.562723732025656,1.00178825727321,0.833698606003001,1.00178825727321,2
dp_132,Kaštovská et al 2025 Science of The Total Environment,Trophic rewilding by large herbivores reduces plant nitrogen and water limitation across seven sites irrespective of their edaphic conditions,https://doi.org/10.1016/j.scitotenv.2025.179141,Mix,Rewilding in six areas for a couple of years,"",each area compared with one nearby control,Unkown,"no feeding or drugs, but likely population control somehow",distal comparison with and without,with_introduction,18,1,180000,1,10000,4 per treatment,,"",plot,Europe,50.1878,15.861,"",HRK,Equus caballus,"Introduced 1/2018, smaller herbivores such as roe deer have free access to control and treatment",likely kept artifically constant,0.17 Equus caballus,0,individuals,hectare,4,,1460,1,2022,cumulative,soil_nutrients,soil,soil,higher_level,soil,soil P content,mg/g,mean,SD,"","",0.16,0.07,4,0.27,0.08,4,"","",JT,soil_p,51,300,300,12.2543382120872,0.0697994362997257,-0.523248143764548,0.600991140552576,-1.2711641313541,0.803694247039985,-1.2711641313541,2
dp_133,Kaštovská et al 2025 Science of The Total Environment,Trophic rewilding by large herbivores reduces plant nitrogen and water limitation across seven sites irrespective of their edaphic conditions,https://doi.org/10.1016/j.scitotenv.2025.179141,Mix,Rewilding in six areas for a couple of years,"",each area compared with one nearby control,Unkown,"no feeding or drugs, but likely population control somehow",distal comparison with and without,with_introduction,100,1,1000000,1,10000,4 per treatment,0.0625,16 per treatment,subplot,Europe,50.237,14.889,"",MBV,Equus caballus; Bos taurus,"Introduced 3/2015, smaller herbivores such as roe deer have free access to control and treatment",likely kept artifically constant,0.25 Equus caballus; 0.09 Bos taurus,0,individuals,hectare,7,,2555,1,2022,cumulative,plant_nutrients,vegetation,plants,higher_level,all plants,Aboveground C/N ratio,"",mean,SD,"","",35.1,3.5,4,40.3,4.9,4,"","",JT,plant_cn,142.5,419.117647058824,750,30.9195633007696,0.00618169114452959,-0.138150338480817,0.57033236765263,-1.06081001241602,0.770307155839716,-1.06081001241602,1
dp_134,Kaštovská et al 2025 Science of The Total Environment,Trophic rewilding by large herbivores reduces plant nitrogen and water limitation across seven sites irrespective of their edaphic conditions,https://doi.org/10.1016/j.scitotenv.2025.179141,Mix,Rewilding in six areas for a couple of years,"",each area compared with one nearby control,Unkown,"no feeding or drugs, but likely population control somehow",distal comparison with and without,with_introduction,250,1,2500000,1,10000,4 per treatment,0.0625,16 per treatment,subplot,Europe,50.279,14.882,"",MTR,Equus caballus; Bison bonasus; Bos taurus,"Introduced 12/2015, smaller herbivores such as roe deer have free access to control and treatment",likely kept artifically constant,0.16 Equus caballus; 0.12 Bison bonasus; 0.02 Bos taurus,0,individuals,hectare,7,,2555,1,2022,cumulative,plant_nutrients,vegetation,plants,higher_level,all plants,Aboveground C/N ratio,"",mean,SD,"","",36.1,3.1,4,41.6,2.1,4,"","",JT,plant_cn,123,410,750,27.0882783257467,0.00248060185036346,-0.141807301928382,0.703494987204727,-1.80441674656262,0.975318599521042,-1.80441674656262,1
dp_135,Kaštovská et al 2025 Science of The Total Environment,Trophic rewilding by large herbivores reduces plant nitrogen and water limitation across seven sites irrespective of their edaphic conditions,https://doi.org/10.1016/j.scitotenv.2025.179141,Mix,Rewilding in six areas for a couple of years,"",each area compared with one nearby control,Unkown,"no feeding or drugs, but likely population control somehow",distal comparison with and without,with_introduction,30,1,300000,1,10000,4 per treatment,0.0625,16 per treatment,subplot,Europe,49.664,13.317,"",DOB,Equus caballus,"Introduced 1/2018, smaller herbivores such as roe deer have free access to control and treatment",likely kept artifically constant,0.2 Equus caballus,0,individuals,hectare,4,,1460,1,2022,cumulative,plant_nutrients,vegetation,plants,higher_level,all plants,Aboveground C/N ratio,"",mean,SD,"","",20.3,1.5,4,23.3,3.8,4,"","",JT,plant_cn,60,300,300,14.4168684848085,0.00801459060839541,-0.137832474523913,0.550858380057326,-0.902072104056666,0.770651795359106,-0.902072104056666,1
dp_136,Kaštovská et al 2025 Science of The Total Environment,Trophic rewilding by large herbivores reduces plant nitrogen and water limitation across seven sites irrespective of their edaphic conditions,https://doi.org/10.1016/j.scitotenv.2025.179141,Mix,Rewilding in six areas for a couple of years,"",each area compared with one nearby control,Unkown,"no feeding or drugs, but likely population control somehow",distal comparison with and without,with_introduction,35,1,350000,1,10000,4 per treatment,0.0625,16 per treatment,subplot,Europe,48.81,15.992,"",HAV,Equus caballus,"Introduced 5/2018, smaller herbivores such as roe deer have free access to control and treatment",likely kept artifically constant,0.23 Equus caballus,0,individuals,hectare,4,,1460,1,2022,cumulative,plant_nutrients,vegetation,plants,higher_level,all plants,Aboveground C/N ratio,"",mean,SD,"","",24.2,2.6,4,28,2,4,"","",JT,plant_cn,69,300,300,16.5793987575298,0.00416124205299906,-0.145851877012563,0.626570143370341,-1.42306791613242,0.84653045327377,-1.42306791613242,1
dp_137,Kaštovská et al 2025 Science of The Total Environment,Trophic rewilding by large herbivores reduces plant nitrogen and water limitation across seven sites irrespective of their edaphic conditions,https://doi.org/10.1016/j.scitotenv.2025.179141,Mix,Rewilding in six areas for a couple of years,"",each area compared with one nearby control,Unkown,"no feeding or drugs, but likely population control somehow",distal comparison with and without,with_introduction,29,1,290000,1,10000,4 per treatment,0.0625,16 per treatment,subplot,Europe,48.845,15.971,"",MAS,Equus caballus,"Introduced 5/2018, smaller herbivores such as roe deer have free access to control and treatment",likely kept artifically constant,0.31 Equus caballus,0,individuals,hectare,4,,1460,1,2022,cumulative,plant_nutrients,vegetation,plants,higher_level,all plants,Aboveground C/N ratio,"",mean,SD,"","",21.2,1.5,4,24.5,3.3,4,"","",JT,plant_cn,93,300,300,22.3461461514532,0.00578716765620234,-0.144671935872715,0.578164375907131,-1.11831570431345,0.815945125739446,-1.11831570431345,1
dp_138,Kaštovská et al 2025 Science of The Total Environment,Trophic rewilding by large herbivores reduces plant nitrogen and water limitation across seven sites irrespective of their edaphic conditions,https://doi.org/10.1016/j.scitotenv.2025.179141,Mix,Rewilding in six areas for a couple of years,"",each area compared with one nearby control,Unkown,"no feeding or drugs, but likely population control somehow",distal comparison with and without,with_introduction,18,1,180000,1,10000,4 per treatment,0.0625,16 per treatment,subplot,Europe,50.1878,15.861,"",HRK,Equus caballus,"Introduced 1/2018, smaller herbivores such as roe deer have free access to control and treatment",likely kept artifically constant,0.17 Equus caballus,0,individuals,hectare,4,,1460,1,2022,cumulative,plant_nutrients,vegetation,plants,higher_level,all plants,Aboveground C/N ratio,"",mean,SD,"","",22.1,3.5,4,25.2,2,4,"","",JT,plant_cn,51,300,300,12.2543382120872,0.00784505059065562,-0.13126638599367,0.555775872478199,-0.944676642905488,0.760202914824189,-0.944676642905488,1
dp_139,Kaštovská et al 2025 Science of The Total Environment,Trophic rewilding by large herbivores reduces plant nitrogen and water limitation across seven sites irrespective of their edaphic conditions,https://doi.org/10.1016/j.scitotenv.2025.179141,Mix,Rewilding in six areas for a couple of years,"",each area compared with one nearby control,Unkown,"no feeding or drugs, but likely population control somehow",distal comparison with and without,with_introduction,100,1,1000000,1,10000,4 per treatment,0.0625,16 per treatment,subplot,Europe,50.237,14.889,"",MBV,Equus caballus; Bos taurus,"Introduced 3/2015, smaller herbivores such as roe deer have free access to control and treatment",likely kept artifically constant,0.25 Equus caballus; 0.09 Bos taurus,0,individuals,hectare,7,,2555,1,2022,cumulative,plant_nutrients,vegetation,plants,higher_level,all plants,Aboveground C/P ratio,"",mean,SD,"","",828,296,4,1243,691,4,"","",JT,plant_cp,142.5,419.117647058824,750,30.9195633007696,0.109209251142355,-0.406269937125451,0.528744154719293,-0.678164047637952,0.723234135736226,-0.678164047637952,1
dp_140,Kaštovská et al 2025 Science of The Total Environment,Trophic rewilding by large herbivores reduces plant nitrogen and water limitation across seven sites irrespective of their edaphic conditions,https://doi.org/10.1016/j.scitotenv.2025.179141,Mix,Rewilding in six areas for a couple of years,"",each area compared with one nearby control,Unkown,"no feeding or drugs, but likely population control somehow",distal comparison with and without,with_introduction,250,1,2500000,1,10000,4 per treatment,0.0625,16 per treatment,subplot,Europe,50.279,14.882,"",MTR,Equus caballus; Bison bonasus; Bos taurus,"Introduced 12/2015, smaller herbivores such as roe deer have free access to control and treatment",likely kept artifically constant,0.16 Equus caballus; 0.12 Bison bonasus; 0.02 Bos taurus,0,individuals,hectare,7,,2555,1,2022,cumulative,plant_nutrients,vegetation,plants,higher_level,all plants,Aboveground C/P ratio,"",mean,SD,"","",1068,189,4,844,181,4,"","",JT,plant_cp,123,410,750,27.0882783257467,0.0193270013533018,0.235390524924183,0.569102848757913,1.05149682839588,0.758975931780548,1.05149682839588,1
dp_141,Kaštovská et al 2025 Science of The Total Environment,Trophic rewilding by large herbivores reduces plant nitrogen and water limitation across seven sites irrespective of their edaphic conditions,https://doi.org/10.1016/j.scitotenv.2025.179141,Mix,Rewilding in six areas for a couple of years,"",each area compared with one nearby control,Unkown,"no feeding or drugs, but likely population control somehow",distal comparison with and without,with_introduction,30,1,300000,1,10000,4 per treatment,0.0625,16 per treatment,subplot,Europe,49.664,13.317,"",DOB,Equus caballus,"Introduced 1/2018, smaller herbivores such as roe deer have free access to control and treatment",likely kept artifically constant,0.2 Equus caballus,0,individuals,hectare,4,,1460,1,2022,cumulative,plant_nutrients,vegetation,plants,higher_level,all plants,Aboveground C/P ratio,"",mean,SD,"","",365,52,4,393,121,4,"","",JT,plant_cp,60,300,300,14.4168684848085,0.0287728841281544,-0.0739122582867697,0.504263027249063,-0.261167448172626,0.675042849097033,-0.261167448172626,1
dp_142,Kaštovská et al 2025 Science of The Total Environment,Trophic rewilding by large herbivores reduces plant nitrogen and water limitation across seven sites irrespective of their edaphic conditions,https://doi.org/10.1016/j.scitotenv.2025.179141,Mix,Rewilding in six areas for a couple of years,"",each area compared with one nearby control,Unkown,"no feeding or drugs, but likely population control somehow",distal comparison with and without,with_introduction,35,1,350000,1,10000,4 per treatment,0.0625,16 per treatment,subplot,Europe,48.81,15.992,"",HAV,Equus caballus,"Introduced 5/2018, smaller herbivores such as roe deer have free access to control and treatment",likely kept artifically constant,0.23 Equus caballus,0,individuals,hectare,4,,1460,1,2022,cumulative,plant_nutrients,vegetation,plants,higher_level,all plants,Aboveground C/P ratio,"",mean,SD,"","",532,111,4,436,104,4,"","",JT,plant_cp,69,300,300,16.5793987575298,0.0251077445347435,0.19900124599261,0.537567454547804,0.775293023807684,0.716968544347386,0.775293023807684,1
dp_143,Kaštovská et al 2025 Science of The Total Environment,Trophic rewilding by large herbivores reduces plant nitrogen and water limitation across seven sites irrespective of their edaphic conditions,https://doi.org/10.1016/j.scitotenv.2025.179141,Mix,Rewilding in six areas for a couple of years,"",each area compared with one nearby control,Unkown,"no feeding or drugs, but likely population control somehow",distal comparison with and without,with_introduction,29,1,290000,1,10000,4 per treatment,0.0625,16 per treatment,subplot,Europe,48.845,15.971,"",MAS,Equus caballus,"Introduced 5/2018, smaller herbivores such as roe deer have free access to control and treatment",likely kept artifically constant,0.31 Equus caballus,0,individuals,hectare,4,,1460,1,2022,cumulative,plant_nutrients,vegetation,plants,higher_level,all plants,Aboveground C/P ratio,"",mean,SD,"","",329,65,4,447,60,4,"","",JT,plant_cp,93,300,300,22.3461461514532,0.0142626186967544,-0.306500843848197,0.667824753718068,-1.63865678514114,0.891860537763023,-1.63865678514114,1
dp_144,Kaštovská et al 2025 Science of The Total Environment,Trophic rewilding by large herbivores reduces plant nitrogen and water limitation across seven sites irrespective of their edaphic conditions,https://doi.org/10.1016/j.scitotenv.2025.179141,Mix,Rewilding in six areas for a couple of years,"",each area compared with one nearby control,Unkown,"no feeding or drugs, but likely population control somehow",distal comparison with and without,with_introduction,18,1,180000,1,10000,4 per treatment,0.0625,16 per treatment,subplot,Europe,50.1878,15.861,"",HRK,Equus caballus,"Introduced 1/2018, smaller herbivores such as roe deer have free access to control and treatment",likely kept artifically constant,0.17 Equus caballus,0,individuals,hectare,4,,1460,1,2022,cumulative,plant_nutrients,vegetation,plants,higher_level,all plants,Aboveground C/P ratio,"",mean,SD,"","",706,89,4,455,83,4,"","",JT,plant_cp,51,300,300,12.2543382120872,0.0122919709104153,0.439317818542292,0.901207215134218,2.53363680154585,1.20420712731126,2.53363680154585,1
dp_145,Kaštovská et al 2025 Science of The Total Environment,Trophic rewilding by large herbivores reduces plant nitrogen and water limitation across seven sites irrespective of their edaphic conditions,https://doi.org/10.1016/j.scitotenv.2025.179141,Mix,Rewilding in six areas for a couple of years,"",each area compared with one nearby control,Unkown,"no feeding or drugs, but likely population control somehow",distal comparison with and without,with_introduction,100,1,1000000,1,10000,4 per treatment,0.0625,16 per treatment,subplot,Europe,50.237,14.889,"",MBV,Equus caballus; Bos taurus,"Introduced 3/2015, smaller herbivores such as roe deer have free access to control and treatment",likely kept artifically constant,0.25 Equus caballus; 0.09 Bos taurus,0,individuals,hectare,7,,2555,1,2022,cumulative,plant_nutrients,vegetation,plants,higher_level,all plants,Aboveground N/P ratio,"",mean,SD,"","",23.3,6.7,4,28.9,11.6,4,"","",JT,plant_np,142.5,419.117647058824,750,30.9195633007696,0.0609490706598655,-0.215388234546732,0.516481963251043,-0.513528394557382,0.694129872028295,-0.513528394557382,1
dp_146,Kaštovská et al 2025 Science of The Total Environment,Trophic rewilding by large herbivores reduces plant nitrogen and water limitation across seven sites irrespective of their edaphic conditions,https://doi.org/10.1016/j.scitotenv.2025.179141,Mix,Rewilding in six areas for a couple of years,"",each area compared with one nearby control,Unkown,"no feeding or drugs, but likely population control somehow",distal comparison with and without,with_introduction,250,1,2500000,1,10000,4 per treatment,0.0625,16 per treatment,subplot,Europe,50.279,14.882,"",MTR,Equus caballus; Bison bonasus; Bos taurus,"Introduced 12/2015, smaller herbivores such as roe deer have free access to control and treatment",likely kept artifically constant,0.16 Equus caballus; 0.12 Bison bonasus; 0.02 Bos taurus,0,individuals,hectare,7,,2555,1,2022,cumulative,plant_nutrients,vegetation,plants,higher_level,all plants,Aboveground N/P ratio,"",mean,SD,"","",29.5,3.5,4,20,3.4,4,"","",JT,plant_np,123,410,750,27.0882783257467,0.0107441037058317,0.388657989791783,0.857490220145126,2.39161943509456,1.14372059048744,2.39161943509456,1
dp_147,Kaštovská et al 2025 Science of The Total Environment,Trophic rewilding by large herbivores reduces plant nitrogen and water limitation across seven sites irrespective of their edaphic conditions,https://doi.org/10.1016/j.scitotenv.2025.179141,Mix,Rewilding in six areas for a couple of years,"",each area compared with one nearby control,Unkown,"no feeding or drugs, but likely population control somehow",distal comparison with and without,with_introduction,30,1,300000,1,10000,4 per treatment,0.0625,16 per treatment,subplot,Europe,49.664,13.317,"",DOB,Equus caballus,"Introduced 1/2018, smaller herbivores such as roe deer have free access to control and treatment",likely kept artifically constant,0.2 Equus caballus,0,individuals,hectare,4,,1460,1,2022,cumulative,plant_nutrients,vegetation,plants,higher_level,all plants,Aboveground N/P ratio,"",mean,SD,"","",18.3,3.6,4,17,2.5,4,"","",JT,plant_np,60,300,300,14.4168684848085,0.015081392991615,0.0736877157911591,0.508297278927266,0.364357602962049,0.679079490670058,0.364357602962049,1
dp_148,Kaštovská et al 2025 Science of The Total Environment,Trophic rewilding by large herbivores reduces plant nitrogen and water limitation across seven sites irrespective of their edaphic conditions,https://doi.org/10.1016/j.scitotenv.2025.179141,Mix,Rewilding in six areas for a couple of years,"",each area compared with one nearby control,Unkown,"no feeding or drugs, but likely population control somehow",distal comparison with and without,with_introduction,35,1,350000,1,10000,4 per treatment,0.0625,16 per treatment,subplot,Europe,48.81,15.992,"",HAV,Equus caballus,"Introduced 5/2018, smaller herbivores such as roe deer have free access to control and treatment",likely kept artifically constant,0.23 Equus caballus,0,individuals,hectare,4,,1460,1,2022,cumulative,plant_nutrients,vegetation,plants,higher_level,all plants,Aboveground N/P ratio,"",mean,SD,"","",22.3,3.5,4,15.3,3,4,"","",JT,plant_np,69,300,300,16.5793987575298,0.0157700662233674,0.376733850067683,0.717477081279383,1.86537752223782,0.963418784586806,1.86537752223782,1
dp_149,Kaštovská et al 2025 Science of The Total Environment,Trophic rewilding by large herbivores reduces plant nitrogen and water limitation across seven sites irrespective of their edaphic conditions,https://doi.org/10.1016/j.scitotenv.2025.179141,Mix,Rewilding in six areas for a couple of years,"",each area compared with one nearby control,Unkown,"no feeding or drugs, but likely population control somehow",distal comparison with and without,with_introduction,29,1,290000,1,10000,4 per treatment,0.0625,16 per treatment,subplot,Europe,48.845,15.971,"",MAS,Equus caballus,"Introduced 5/2018, smaller herbivores such as roe deer have free access to control and treatment",likely kept artifically constant,0.31 Equus caballus,0,individuals,hectare,4,,1460,1,2022,cumulative,plant_nutrients,vegetation,plants,higher_level,all plants,Aboveground N/P ratio,"",mean,SD,"","",16,3,4,18.7,0.6,4,"","",JT,plant_np,93,300,300,22.3461461514532,0.00904643331414967,-0.15593480162076,0.573456127580875,-1.08411163691476,0.848061285465987,-1.08411163691476,1
dp_150,Kaštovská et al 2025 Science of The Total Environment,Trophic rewilding by large herbivores reduces plant nitrogen and water limitation across seven sites irrespective of their edaphic conditions,https://doi.org/10.1016/j.scitotenv.2025.179141,Mix,Rewilding in six areas for a couple of years,"",each area compared with one nearby control,Unkown,"no feeding or drugs, but likely population control somehow",distal comparison with and without,with_introduction,18,1,180000,1,10000,4 per treatment,0.0625,16 per treatment,subplot,Europe,50.1878,15.861,"",HRK,Equus caballus,"Introduced 1/2018, smaller herbivores such as roe deer have free access to control and treatment",likely kept artifically constant,0.17 Equus caballus,0,individuals,hectare,4,,1460,1,2022,cumulative,plant_nutrients,vegetation,plants,higher_level,all plants,Aboveground N/P ratio,"",mean,SD,"","",33.1,2.8,4,18.3,2.9,4,"","",JT,plant_np,51,300,300,12.2543382120872,0.0080671386447835,0.592632222535642,1.7712952245187,4.51006913387137,2.36381255216936,4.51006913387137,1
dp_151,Kaštovská et al 2025 Science of The Total Environment,Trophic rewilding by large herbivores reduces plant nitrogen and water limitation across seven sites irrespective of their edaphic conditions,https://doi.org/10.1016/j.scitotenv.2025.179141,Mix,Rewilding in six areas for a couple of years,"",each area compared with one nearby control,Unkown,"no feeding or drugs, but likely population control somehow",distal comparison with and without,with_introduction,100,1,1000000,1,10000,4 per treatment,0.0625,16 per treatment,subplot,Europe,50.237,14.889,"",MBV,Equus caballus; Bos taurus,"Introduced 3/2015, smaller herbivores such as roe deer have free access to control and treatment",likely kept artifically constant,0.25 Equus caballus; 0.09 Bos taurus,0,individuals,hectare,7,,2555,1,2022,cumulative,biomass,vegetation,plants,higher_level,all plants,Aboveground dry biomass,g/m2,mean,SD,"","",159,25,4,202,84,4,"","",JT,plant_biomass,142.5,419.117647058824,750,30.9195633007696,0.0494115866122774,-0.239363495180973,0.522703640230249,-0.602709087109181,0.718158692307139,-0.602709087109181,5
dp_152,Kaštovská et al 2025 Science of The Total Environment,Trophic rewilding by large herbivores reduces plant nitrogen and water limitation across seven sites irrespective of their edaphic conditions,https://doi.org/10.1016/j.scitotenv.2025.179141,Mix,Rewilding in six areas for a couple of years,"",each area compared with one nearby control,Unkown,"no feeding or drugs, but likely population control somehow",distal comparison with and without,with_introduction,250,1,2500000,1,10000,4 per treatment,0.0625,16 per treatment,subplot,Europe,50.279,14.882,"",MTR,Equus caballus; Bison bonasus; Bos taurus,"Introduced 12/2015, smaller herbivores such as roe deer have free access to control and treatment",likely kept artifically constant,0.16 Equus caballus; 0.12 Bison bonasus; 0.02 Bos taurus,0,individuals,hectare,7,,2555,1,2022,cumulative,biomass,vegetation,plants,higher_level,all plants,Aboveground dry biomass,g/m2,mean,SD,"","",116,18,4,197,16,4,"","",JT,plant_biomass,123,410,750,27.0882783257467,0.00766872151301433,-0.529613537631624,1.56688692886429,-4.13160874984898,2.10873582254862,-4.13160874984898,5
dp_153,Kaštovská et al 2025 Science of The Total Environment,Trophic rewilding by large herbivores reduces plant nitrogen and water limitation across seven sites irrespective of their edaphic conditions,https://doi.org/10.1016/j.scitotenv.2025.179141,Mix,Rewilding in six areas for a couple of years,"",each area compared with one nearby control,Unkown,"no feeding or drugs, but likely population control somehow",distal comparison with and without,with_introduction,30,1,300000,1,10000,4 per treatment,0.0625,16 per treatment,subplot,Europe,49.664,13.317,"",DOB,Equus caballus,"Introduced 1/2018, smaller herbivores such as roe deer have free access to control and treatment",likely kept artifically constant,0.2 Equus caballus,0,individuals,hectare,4,,1460,1,2022,cumulative,biomass,vegetation,plants,higher_level,all plants,Aboveground dry biomass,g/m2,mean,SD,"","",227,50,4,256,37,4,"","",JT,plant_biomass,60,300,300,14.4168684848085,0.0173514129124015,-0.12022742699816,0.520500932523904,-0.572725868441838,0.696337067294434,-0.572725868441838,5
dp_154,Kaštovská et al 2025 Science of The Total Environment,Trophic rewilding by large herbivores reduces plant nitrogen and water limitation across seven sites irrespective of their edaphic conditions,https://doi.org/10.1016/j.scitotenv.2025.179141,Mix,Rewilding in six areas for a couple of years,"",each area compared with one nearby control,Unkown,"no feeding or drugs, but likely population control somehow",distal comparison with and without,with_introduction,35,1,350000,1,10000,4 per treatment,0.0625,16 per treatment,subplot,Europe,48.81,15.992,"",HAV,Equus caballus,"Introduced 5/2018, smaller herbivores such as roe deer have free access to control and treatment",likely kept artifically constant,0.23 Equus caballus,0,individuals,hectare,4,,1460,1,2022,cumulative,biomass,vegetation,plants,higher_level,all plants,Aboveground dry biomass,g/m2,mean,SD,"","",78,19,4,91,15,4,"","",JT,plant_biomass,69,300,300,16.5793987575298,0.0216266486870882,-0.154150679827258,0.52719978296805,-0.659694268194592,0.704886424061913,-0.659694268194592,5
dp_155,Kaštovská et al 2025 Science of The Total Environment,Trophic rewilding by large herbivores reduces plant nitrogen and water limitation across seven sites irrespective of their edaphic conditions,https://doi.org/10.1016/j.scitotenv.2025.179141,Mix,Rewilding in six areas for a couple of years,"",each area compared with one nearby control,Unkown,"no feeding or drugs, but likely population control somehow",distal comparison with and without,with_introduction,29,1,290000,1,10000,4 per treatment,0.0625,16 per treatment,subplot,Europe,48.845,15.971,"",MAS,Equus caballus,"Introduced 5/2018, smaller herbivores such as roe deer have free access to control and treatment",likely kept artifically constant,0.31 Equus caballus,0,individuals,hectare,4,,1460,1,2022,cumulative,biomass,vegetation,plants,higher_level,all plants,Aboveground dry biomass,g/m2,mean,SD,"","",64,20,4,105,11,4,"","",JT,plant_biomass,93,300,300,22.3461461514532,0.0271578266723356,-0.495077266797851,0.804303074529013,-2.20654689332998,1.18875722030517,-2.20654689332998,5
dp_156,Kaštovská et al 2025 Science of The Total Environment,Trophic rewilding by large herbivores reduces plant nitrogen and water limitation across seven sites irrespective of their edaphic conditions,https://doi.org/10.1016/j.scitotenv.2025.179141,Mix,Rewilding in six areas for a couple of years,"",each area compared with one nearby control,Unkown,"no feeding or drugs, but likely population control somehow",distal comparison with and without,with_introduction,18,1,180000,1,10000,4 per treatment,0.0625,16 per treatment,subplot,Europe,50.1878,15.861,"",HRK,Equus caballus,"Introduced 1/2018, smaller herbivores such as roe deer have free access to control and treatment",likely kept artifically constant,0.17 Equus caballus,0,individuals,hectare,4,,1460,1,2022,cumulative,biomass,vegetation,plants,higher_level,all plants,Aboveground dry biomass,g/m2,mean,SD,"","",75,6,4,148,29,4,"","",JT,plant_biomass,51,300,300,12.2543382120872,0.0111987034331629,-0.679724160227805,1.07308953367065,-3.02810708838549,2.07459021828501,-3.02810708838549,5
dp_157,Kaštovská et al 2025 Science of The Total Environment,Trophic rewilding by large herbivores reduces plant nitrogen and water limitation across seven sites irrespective of their edaphic conditions,https://doi.org/10.1016/j.scitotenv.2025.179141,Mix,Rewilding in six areas for a couple of years,"",each area compared with one nearby control,Unkown,"no feeding or drugs, but likely population control somehow",distal comparison with and without,with_introduction,100,1,1000000,1,10000,4 per treatment,0.0625,16 per treatment,subplot,Europe,50.237,14.889,"",MBV,Equus caballus; Bos taurus,"Introduced 3/2015, smaller herbivores such as roe deer have free access to control and treatment",likely kept artifically constant,0.25 Equus caballus; 0.09 Bos taurus,0,individuals,hectare,7,,2555,1,2022,cumulative,biomass,vegetation,plants,higher_level,all plants,Aboveground fresh biomass,g/m2,mean,SD,"","",410,60,4,502,226,4,"","",JT,plant_biomass,142.5,419.117647058824,750,30.9195633007696,0.0560237866161931,-0.202442959993376,0.51460008116045,-0.483323182319245,0.700810829689542,-0.483323182319245,5
dp_158,Kaštovská et al 2025 Science of The Total Environment,Trophic rewilding by large herbivores reduces plant nitrogen and water limitation across seven sites irrespective of their edaphic conditions,https://doi.org/10.1016/j.scitotenv.2025.179141,Mix,Rewilding in six areas for a couple of years,"",each area compared with one nearby control,Unkown,"no feeding or drugs, but likely population control somehow",distal comparison with and without,with_introduction,250,1,2500000,1,10000,4 per treatment,0.0625,16 per treatment,subplot,Europe,50.279,14.882,"",MTR,Equus caballus; Bison bonasus; Bos taurus,"Introduced 12/2015, smaller herbivores such as roe deer have free access to control and treatment",likely kept artifically constant,0.16 Equus caballus; 0.12 Bison bonasus; 0.02 Bos taurus,0,individuals,hectare,7,,2555,1,2022,cumulative,biomass,vegetation,plants,higher_level,all plants,Aboveground fresh biomass,g/m2,mean,SD,"","",260,38,4,407,16,4,"","",JT,plant_biomass,123,410,750,27.0882783257467,0.00572659579510836,-0.448131554427067,1.6988424105526,-4.3796664905951,3.04573638273401,-4.3796664905951,5
dp_159,Kaštovská et al 2025 Science of The Total Environment,Trophic rewilding by large herbivores reduces plant nitrogen and water limitation across seven sites irrespective of their edaphic conditions,https://doi.org/10.1016/j.scitotenv.2025.179141,Mix,Rewilding in six areas for a couple of years,"",each area compared with one nearby control,Unkown,"no feeding or drugs, but likely population control somehow",distal comparison with and without,with_introduction,30,1,300000,1,10000,4 per treatment,0.0625,16 per treatment,subplot,Europe,49.664,13.317,"",DOB,Equus caballus,"Introduced 1/2018, smaller herbivores such as roe deer have free access to control and treatment",likely kept artifically constant,0.2 Equus caballus,0,individuals,hectare,4,,1460,1,2022,cumulative,biomass,vegetation,plants,higher_level,all plants,Aboveground fresh biomass,g/m2,mean,SD,"","",821,109,4,708,198,4,"","",JT,plant_biomass,60,300,300,14.4168684848085,0.023959202150892,0.148079015758708,0.52357435609746,0.614157713913426,0.707090980931396,0.614157713913426,5
dp_160,Kaštovská et al 2025 Science of The Total Environment,Trophic rewilding by large herbivores reduces plant nitrogen and water limitation across seven sites irrespective of their edaphic conditions,https://doi.org/10.1016/j.scitotenv.2025.179141,Mix,Rewilding in six areas for a couple of years,"",each area compared with one nearby control,Unkown,"no feeding or drugs, but likely population control somehow",distal comparison with and without,with_introduction,35,1,350000,1,10000,4 per treatment,0.0625,16 per treatment,subplot,Europe,48.81,15.992,"",HAV,Equus caballus,"Introduced 5/2018, smaller herbivores such as roe deer have free access to control and treatment",likely kept artifically constant,0.23 Equus caballus,0,individuals,hectare,4,,1460,1,2022,cumulative,biomass,vegetation,plants,higher_level,all plants,Aboveground fresh biomass,g/m2,mean,SD,"","",228,17,4,274,76,4,"","",JT,plant_biomass,69,300,300,16.5793987575298,0.0206236937623532,-0.183782477433629,0.53290494796079,-0.72558884181928,0.74644933939643,-0.72558884181928,5
dp_161,Kaštovská et al 2025 Science of The Total Environment,Trophic rewilding by large herbivores reduces plant nitrogen and water limitation across seven sites irrespective of their edaphic conditions,https://doi.org/10.1016/j.scitotenv.2025.179141,Mix,Rewilding in six areas for a couple of years,"",each area compared with one nearby control,Unkown,"no feeding or drugs, but likely population control somehow",distal comparison with and without,with_introduction,29,1,290000,1,10000,4 per treatment,0.0625,16 per treatment,subplot,Europe,48.845,15.971,"",MAS,Equus caballus,"Introduced 5/2018, smaller herbivores such as roe deer have free access to control and treatment",likely kept artifically constant,0.31 Equus caballus,0,individuals,hectare,4,,1460,1,2022,cumulative,biomass,vegetation,plants,higher_level,all plants,Aboveground fresh biomass,g/m2,mean,SD,"","",228,91,4,347,5,4,"","",JT,plant_biomass,93,300,300,22.3461461514532,0.0398766601893463,-0.419979150992418,0.660797149699857,-1.60398079639306,1.09288561421206,-1.60398079639306,5
dp_162,Kaštovská et al 2025 Science of The Total Environment,Trophic rewilding by large herbivores reduces plant nitrogen and water limitation across seven sites irrespective of their edaphic conditions,https://doi.org/10.1016/j.scitotenv.2025.179141,Mix,Rewilding in six areas for a couple of years,"",each area compared with one nearby control,Unkown,"no feeding or drugs, but likely population control somehow",distal comparison with and without,with_introduction,18,1,180000,1,10000,4 per treatment,0.0625,16 per treatment,subplot,Europe,50.1878,15.861,"",HRK,Equus caballus,"Introduced 1/2018, smaller herbivores such as roe deer have free access to control and treatment",likely kept artifically constant,0.17 Equus caballus,0,individuals,hectare,4,,1460,1,2022,cumulative,biomass,vegetation,plants,higher_level,all plants,Aboveground fresh biomass,g/m2,mean,SD,"","",213,57,4,508,84,4,"","",JT,plant_biomass,51,300,300,12.2543382120872,0.0247387074817792,-0.869189281869057,1.29647543537353,-3.5698188982043,1.87357145321311,-3.5698188982043,5
dp_163,Kaštovská et al 2025 Science of The Total Environment,Trophic rewilding by large herbivores reduces plant nitrogen and water limitation across seven sites irrespective of their edaphic conditions,https://doi.org/10.1016/j.scitotenv.2025.179141,Mix,Rewilding in six areas for a couple of years,"",each area compared with one nearby control,Unkown,"no feeding or drugs, but likely population control somehow",distal comparison with and without,with_introduction,100,1,1000000,1,10000,4 per treatment,0.0625,16 per treatment,subplot,Europe,50.237,14.889,"",MBV,Equus caballus; Bos taurus,"Introduced 3/2015, smaller herbivores such as roe deer have free access to control and treatment",likely kept artifically constant,0.25 Equus caballus; 0.09 Bos taurus,0,individuals,hectare,7,,2555,1,2022,cumulative,plant_nutrients,vegetation,plants,higher_level,all plants,Aboveground-C content,mg/g,mean,SD,"","",432,2.5,4,430,6.2,4,"","",JT,plant_c,142.5,419.117647058824,750,30.9195633007696,6.03464894386429e-05,0.0046403795565023,0.508441623660842,0.367513235916022,0.683761803439086,0.367513235916022,2
dp_164,Kaštovská et al 2025 Science of The Total Environment,Trophic rewilding by large herbivores reduces plant nitrogen and water limitation across seven sites irrespective of their edaphic conditions,https://doi.org/10.1016/j.scitotenv.2025.179141,Mix,Rewilding in six areas for a couple of years,"",each area compared with one nearby control,Unkown,"no feeding or drugs, but likely population control somehow",distal comparison with and without,with_introduction,250,1,2500000,1,10000,4 per treatment,0.0625,16 per treatment,subplot,Europe,50.279,14.882,"",MTR,Equus caballus; Bison bonasus; Bos taurus,"Introduced 12/2015, smaller herbivores such as roe deer have free access to control and treatment",likely kept artifically constant,0.16 Equus caballus; 0.12 Bison bonasus; 0.02 Bos taurus,0,individuals,hectare,7,,2555,1,2022,cumulative,plant_nutrients,vegetation,plants,higher_level,all plants,Aboveground-C content,mg/g,mean,SD,"","",435,1.7,4,436,2.3,4,"","",JT,plant_c,123,410,750,27.0882783257467,1.07752170339528e-05,-0.00229621226035027,0.511529833783711,-0.429508254332056,0.683363137329072,-0.429508254332056,2
dp_165,Kaštovská et al 2025 Science of The Total Environment,Trophic rewilding by large herbivores reduces plant nitrogen and water limitation across seven sites irrespective of their edaphic conditions,https://doi.org/10.1016/j.scitotenv.2025.179141,Mix,Rewilding in six areas for a couple of years,"",each area compared with one nearby control,Unkown,"no feeding or drugs, but likely population control somehow",distal comparison with and without,with_introduction,30,1,300000,1,10000,4 per treatment,0.0625,16 per treatment,subplot,Europe,49.664,13.317,"",DOB,Equus caballus,"Introduced 1/2018, smaller herbivores such as roe deer have free access to control and treatment",likely kept artifically constant,0.2 Equus caballus,0,individuals,hectare,4,,1460,1,2022,cumulative,plant_nutrients,vegetation,plants,higher_level,all plants,Aboveground-C content,mg/g,mean,SD,"","",423,6,4,423,3.4,4,"","",JT,plant_c,60,300,300,14.4168684848085,6.64509386404663e-05,0,0.5,0,0.666666666666667,0,2
dp_166,Kaštovská et al 2025 Science of The Total Environment,Trophic rewilding by large herbivores reduces plant nitrogen and water limitation across seven sites irrespective of their edaphic conditions,https://doi.org/10.1016/j.scitotenv.2025.179141,Mix,Rewilding in six areas for a couple of years,"",each area compared with one nearby control,Unkown,"no feeding or drugs, but likely population control somehow",distal comparison with and without,with_introduction,35,1,350000,1,10000,4 per treatment,0.0625,16 per treatment,subplot,Europe,48.81,15.992,"",HAV,Equus caballus,"Introduced 5/2018, smaller herbivores such as roe deer have free access to control and treatment",likely kept artifically constant,0.23 Equus caballus,0,individuals,hectare,4,,1460,1,2022,cumulative,plant_nutrients,vegetation,plants,higher_level,all plants,Aboveground-C content,mg/g,mean,SD,"","",439,2.8,4,436,3.8,4,"","",JT,plant_c,69,300,300,16.5793987575298,2.91605471781809e-05,0.00685716972613705,0.538098131200932,0.780749703307609,0.721921762751439,0.780749703307609,2
dp_167,Kaštovská et al 2025 Science of The Total Environment,Trophic rewilding by large herbivores reduces plant nitrogen and water limitation across seven sites irrespective of their edaphic conditions,https://doi.org/10.1016/j.scitotenv.2025.179141,Mix,Rewilding in six areas for a couple of years,"",each area compared with one nearby control,Unkown,"no feeding or drugs, but likely population control somehow",distal comparison with and without,with_introduction,29,1,290000,1,10000,4 per treatment,0.0625,16 per treatment,subplot,Europe,48.845,15.971,"",MAS,Equus caballus,"Introduced 5/2018, smaller herbivores such as roe deer have free access to control and treatment",likely kept artifically constant,0.31 Equus caballus,0,individuals,hectare,4,,1460,1,2022,cumulative,plant_nutrients,vegetation,plants,higher_level,all plants,Aboveground-C content,mg/g,mean,SD,"","",430,3.8,4,442,3.6,4,"","",JT,plant_c,93,300,300,22.3461461514532,3.61084940815613e-05,-0.02752467339009,0.995665029580599,-2.81613928513658,1.32948156053195,-2.81613928513658,2
dp_168,Kaštovská et al 2025 Science of The Total Environment,Trophic rewilding by large herbivores reduces plant nitrogen and water limitation across seven sites irrespective of their edaphic conditions,https://doi.org/10.1016/j.scitotenv.2025.179141,Mix,Rewilding in six areas for a couple of years,"",each area compared with one nearby control,Unkown,"no feeding or drugs, but likely population control somehow",distal comparison with and without,with_introduction,18,1,180000,1,10000,4 per treatment,0.0625,16 per treatment,subplot,Europe,50.1878,15.861,"",HRK,Equus caballus,"Introduced 1/2018, smaller herbivores such as roe deer have free access to control and treatment",likely kept artifically constant,0.17 Equus caballus,0,individuals,hectare,4,,1460,1,2022,cumulative,plant_nutrients,vegetation,plants,higher_level,all plants,Aboveground-C content,mg/g,mean,SD,"","",436,3.6,4,425,5,4,"","",JT,plant_c,51,300,300,12.2543382120872,5.16460959882153e-05,0.0255530744246175,0.800632215027426,2.1931975379429,1.1078346612238,2.1931975379429,2
dp_169,Kaštovská et al 2025 Science of The Total Environment,Trophic rewilding by large herbivores reduces plant nitrogen and water limitation across seven sites irrespective of their edaphic conditions,https://doi.org/10.1016/j.scitotenv.2025.179141,Mix,Rewilding in six areas for a couple of years,"",each area compared with one nearby control,Unkown,"no feeding or drugs, but likely population control somehow",distal comparison with and without,with_introduction,100,1,1000000,1,10000,4 per treatment,0.0625,16 per treatment,subplot,Europe,50.237,14.889,"",MBV,Equus caballus; Bos taurus,"Introduced 3/2015, smaller herbivores such as roe deer have free access to control and treatment",likely kept artifically constant,0.25 Equus caballus; 0.09 Bos taurus,0,individuals,hectare,7,,2555,1,2022,cumulative,plant_nutrients,vegetation,plants,higher_level,all plants,Aboveground-N content,mg/g,mean,SD,"","",14.7,1.5,4,12.8,1.5,4,"","",JT,plant_n,142.5,419.117647058824,750,30.9195633007696,0.00603630958820869,0.138402322859119,0.575660819036937,1.10026047124806,0.767547758715916,1.10026047124806,2
dp_170,Kaštovská et al 2025 Science of The Total Environment,Trophic rewilding by large herbivores reduces plant nitrogen and water limitation across seven sites irrespective of their edaphic conditions,https://doi.org/10.1016/j.scitotenv.2025.179141,Mix,Rewilding in six areas for a couple of years,"",each area compared with one nearby control,Unkown,"no feeding or drugs, but likely population control somehow",distal comparison with and without,with_introduction,250,1,2500000,1,10000,4 per treatment,0.0625,16 per treatment,subplot,Europe,50.279,14.882,"",MTR,Equus caballus; Bison bonasus; Bos taurus,"Introduced 12/2015, smaller herbivores such as roe deer have free access to control and treatment",likely kept artifically constant,0.16 Equus caballus; 0.12 Bison bonasus; 0.02 Bos taurus,0,individuals,hectare,7,,2555,1,2022,cumulative,plant_nutrients,vegetation,plants,higher_level,all plants,Aboveground-N content,mg/g,mean,SD,"","",14.4,1.4,4,12.4,0.8,4,"","",JT,plant_n,123,410,750,27.0882783257467,0.00340362284978353,0.149531733970964,0.645098523616543,1.52367200468627,0.909997176961991,1.52367200468627,2
dp_171,Kaštovská et al 2025 Science of The Total Environment,Trophic rewilding by large herbivores reduces plant nitrogen and water limitation across seven sites irrespective of their edaphic conditions,https://doi.org/10.1016/j.scitotenv.2025.179141,Mix,Rewilding in six areas for a couple of years,"",each area compared with one nearby control,Unkown,"no feeding or drugs, but likely population control somehow",distal comparison with and without,with_introduction,30,1,300000,1,10000,4 per treatment,0.0625,16 per treatment,subplot,Europe,49.664,13.317,"",DOB,Equus caballus,"Introduced 1/2018, smaller herbivores such as roe deer have free access to control and treatment",likely kept artifically constant,0.2 Equus caballus,0,individuals,hectare,4,,1460,1,2022,cumulative,plant_nutrients,vegetation,plants,higher_level,all plants,Aboveground-N content,mg/g,mean,SD,"","",24.7,2.1,4,22.3,3.8,4,"","",JT,plant_n,60,300,300,14.4168684848085,0.00906645607977219,0.102216565167858,0.528819568828665,0.679053091634697,0.715972169158624,0.679053091634697,2
dp_172,Kaštovská et al 2025 Science of The Total Environment,Trophic rewilding by large herbivores reduces plant nitrogen and water limitation across seven sites irrespective of their edaphic conditions,https://doi.org/10.1016/j.scitotenv.2025.179141,Mix,Rewilding in six areas for a couple of years,"",each area compared with one nearby control,Unkown,"no feeding or drugs, but likely population control somehow",distal comparison with and without,with_introduction,35,1,350000,1,10000,4 per treatment,0.0625,16 per treatment,subplot,Europe,48.81,15.992,"",HAV,Equus caballus,"Introduced 5/2018, smaller herbivores such as roe deer have free access to control and treatment",likely kept artifically constant,0.23 Equus caballus,0,individuals,hectare,4,,1460,1,2022,cumulative,plant_nutrients,vegetation,plants,higher_level,all plants,Aboveground-N content,mg/g,mean,SD,"","",22,2.9,4,18.5,1.2,4,"","",JT,plant_n,69,300,300,16.5793987575298,0.00539587093794711,0.173271721274037,0.617294111096114,1.36992911405584,0.901367158828408,1.36992911405584,2
dp_173,Kaštovská et al 2025 Science of The Total Environment,Trophic rewilding by large herbivores reduces plant nitrogen and water limitation across seven sites irrespective of their edaphic conditions,https://doi.org/10.1016/j.scitotenv.2025.179141,Mix,Rewilding in six areas for a couple of years,"",each area compared with one nearby control,Unkown,"no feeding or drugs, but likely population control somehow",distal comparison with and without,with_introduction,29,1,290000,1,10000,4 per treatment,0.0625,16 per treatment,subplot,Europe,48.845,15.971,"",MAS,Equus caballus,"Introduced 5/2018, smaller herbivores such as roe deer have free access to control and treatment",likely kept artifically constant,0.31 Equus caballus,0,individuals,hectare,4,,1460,1,2022,cumulative,plant_nutrients,vegetation,plants,higher_level,all plants,Aboveground-N content,mg/g,mean,SD,"","",24.5,2.3,4,22.9,3,4,"","",JT,plant_n,93,300,300,22.3461461514532,0.00649378467736547,0.0675362069904875,0.516896007228686,0.519938569120412,0.690713146195881,0.519938569120412,2
dp_174,Kaštovská et al 2025 Science of The Total Environment,Trophic rewilding by large herbivores reduces plant nitrogen and water limitation across seven sites irrespective of their edaphic conditions,https://doi.org/10.1016/j.scitotenv.2025.179141,Mix,Rewilding in six areas for a couple of years,"",each area compared with one nearby control,Unkown,"no feeding or drugs, but likely population control somehow",distal comparison with and without,with_introduction,18,1,180000,1,10000,4 per treatment,0.0625,16 per treatment,subplot,Europe,50.1878,15.861,"",HRK,Equus caballus,"Introduced 1/2018, smaller herbivores such as roe deer have free access to control and treatment",likely kept artifically constant,0.17 Equus caballus,0,individuals,hectare,4,,1460,1,2022,cumulative,plant_nutrients,vegetation,plants,higher_level,all plants,Aboveground-N content,mg/g,mean,SD,"","",24.2,4.6,4,20.1,2,4,"","",JT,plant_n,51,300,300,12.2543382120872,0.011508039204969,0.185632818097611,0.563013474495078,1.0040993934473,0.789767413462392,1.0040993934473,2
dp_175,Kaštovská et al 2025 Science of The Total Environment,Trophic rewilding by large herbivores reduces plant nitrogen and water limitation across seven sites irrespective of their edaphic conditions,https://doi.org/10.1016/j.scitotenv.2025.179141,Mix,Rewilding in six areas for a couple of years,"",each area compared with one nearby control,Unkown,"no feeding or drugs, but likely population control somehow",distal comparison with and without,with_introduction,100,1,1000000,1,10000,4 per treatment,0.0625,16 per treatment,subplot,Europe,50.237,14.889,"",MBV,Equus caballus; Bos taurus,"Introduced 3/2015, smaller herbivores such as roe deer have free access to control and treatment",likely kept artifically constant,0.25 Equus caballus; 0.09 Bos taurus,0,individuals,hectare,7,,2555,1,2022,cumulative,plant_nutrients,vegetation,plants,higher_level,all plants,Aboveground-P content,mg/g,mean,SD,"","",1.6,0.6,4,1.2,0.5,4,"","",JT,plant_p,142.5,419.117647058824,750,30.9195633007696,0.0785590277777778,0.287682072451781,0.52473810894446,0.629134121719174,0.700723394988664,0.629134121719174,2
dp_176,Kaštovská et al 2025 Science of The Total Environment,Trophic rewilding by large herbivores reduces plant nitrogen and water limitation across seven sites irrespective of their edaphic conditions,https://doi.org/10.1016/j.scitotenv.2025.179141,Mix,Rewilding in six areas for a couple of years,"",each area compared with one nearby control,Unkown,"no feeding or drugs, but likely population control somehow",distal comparison with and without,with_introduction,250,1,2500000,1,10000,4 per treatment,0.0625,16 per treatment,subplot,Europe,50.279,14.882,"",MTR,Equus caballus; Bison bonasus; Bos taurus,"Introduced 12/2015, smaller herbivores such as roe deer have free access to control and treatment",likely kept artifically constant,0.16 Equus caballus; 0.12 Bison bonasus; 0.02 Bos taurus,0,individuals,hectare,7,,2555,1,2022,cumulative,plant_nutrients,vegetation,plants,higher_level,all plants,Aboveground-P content,mg/g,mean,SD,"","",1.1,0.2,4,1.5,0.3,4,"","",JT,plant_p,123,410,750,27.0882783257467,0.0182644628099174,-0.310154928303839,0.616078818893234,-1.36281367115675,0.844333655741913,-1.36281367115675,2
dp_177,Kaštovská et al 2025 Science of The Total Environment,Trophic rewilding by large herbivores reduces plant nitrogen and water limitation across seven sites irrespective of their edaphic conditions,https://doi.org/10.1016/j.scitotenv.2025.179141,Mix,Rewilding in six areas for a couple of years,"",each area compared with one nearby control,Unkown,"no feeding or drugs, but likely population control somehow",distal comparison with and without,with_introduction,30,1,300000,1,10000,4 per treatment,0.0625,16 per treatment,subplot,Europe,49.664,13.317,"",DOB,Equus caballus,"Introduced 1/2018, smaller herbivores such as roe deer have free access to control and treatment",likely kept artifically constant,0.2 Equus caballus,0,individuals,hectare,4,,1460,1,2022,cumulative,plant_nutrients,vegetation,plants,higher_level,all plants,Aboveground-P content,mg/g,mean,SD,"","",3.1,0.4,4,3,0.7,4,"","",JT,plant_p,60,300,300,14.4168684848085,0.0177734420164181,0.032789822822991,0.501450985236165,0.152367200468627,0.66909997176962,0.152367200468627,2
dp_178,Kaštovská et al 2025 Science of The Total Environment,Trophic rewilding by large herbivores reduces plant nitrogen and water limitation across seven sites irrespective of their edaphic conditions,https://doi.org/10.1016/j.scitotenv.2025.179141,Mix,Rewilding in six areas for a couple of years,"",each area compared with one nearby control,Unkown,"no feeding or drugs, but likely population control somehow",distal comparison with and without,with_introduction,35,1,350000,1,10000,4 per treatment,0.0625,16 per treatment,subplot,Europe,48.81,15.992,"",HAV,Equus caballus,"Introduced 5/2018, smaller herbivores such as roe deer have free access to control and treatment",likely kept artifically constant,0.23 Equus caballus,0,individuals,hectare,4,,1460,1,2022,cumulative,plant_nutrients,vegetation,plants,higher_level,all plants,Aboveground-P content,mg/g,mean,SD,"","",2.4,0.4,4,2.9,0.6,4,"","",JT,plant_p,69,300,300,16.5793987575298,0.0176459902232792,-0.189241999638528,0.54534328863017,-0.851758544472971,0.736067834274185,-0.851758544472971,2
dp_179,Kaštovská et al 2025 Science of The Total Environment,Trophic rewilding by large herbivores reduces plant nitrogen and water limitation across seven sites irrespective of their edaphic conditions,https://doi.org/10.1016/j.scitotenv.2025.179141,Mix,Rewilding in six areas for a couple of years,"",each area compared with one nearby control,Unkown,"no feeding or drugs, but likely population control somehow",distal comparison with and without,with_introduction,29,1,290000,1,10000,4 per treatment,0.0625,16 per treatment,subplot,Europe,48.845,15.971,"",MAS,Equus caballus,"Introduced 5/2018, smaller herbivores such as roe deer have free access to control and treatment",likely kept artifically constant,0.31 Equus caballus,0,individuals,hectare,4,,1460,1,2022,cumulative,plant_nutrients,vegetation,plants,higher_level,all plants,Aboveground-P content,mg/g,mean,SD,"","",3.6,0.8,4,2.8,0.2,4,"","",JT,plant_p,93,300,300,22.3461461514532,0.0136211892164273,0.251314428280906,0.588766155624238,1.1917459838354,0.87716633905817,1.1917459838354,2
dp_180,Kaštovská et al 2025 Science of The Total Environment,Trophic rewilding by large herbivores reduces plant nitrogen and water limitation across seven sites irrespective of their edaphic conditions,https://doi.org/10.1016/j.scitotenv.2025.179141,Mix,Rewilding in six areas for a couple of years,"",each area compared with one nearby control,Unkown,"no feeding or drugs, but likely population control somehow",distal comparison with and without,with_introduction,18,1,180000,1,10000,4 per treatment,0.0625,16 per treatment,subplot,Europe,50.1878,15.861,"",HRK,Equus caballus,"Introduced 1/2018, smaller herbivores such as roe deer have free access to control and treatment",likely kept artifically constant,0.17 Equus caballus,0,individuals,hectare,4,,1460,1,2022,cumulative,plant_nutrients,vegetation,plants,higher_level,all plants,Aboveground-P content,mg/g,mean,SD,"","",1.7,0.2,4,2.5,0.4,4,"","",JT,plant_p,51,300,300,12.2543382120872,0.00986020761245675,-0.385662480811985,0.801804929122409,-2.19747101595415,1.21393960480864,-2.19747101595415,2
dp_181,Kaštovská et al 2025 Science of The Total Environment,Trophic rewilding by large herbivores reduces plant nitrogen and water limitation across seven sites irrespective of their edaphic conditions,https://doi.org/10.1016/j.scitotenv.2025.179141,Mix,Rewilding in six areas for a couple of years,"",each area compared with one nearby control,Unkown,"no feeding or drugs, but likely population control somehow",distal comparison with and without,with_introduction,100,1,1000000,1,10000,4 per treatment,0.007854,16 per treatment,subplot,Europe,50.237,14.889,"",MBV,Equus caballus; Bos taurus,"Introduced 3/2015, smaller herbivores such as roe deer have free access to control and treatment",likely kept artifically constant,0.25 Equus caballus; 0.09 Bos taurus,0,individuals,hectare,7,,2555,1,2022,cumulative,plant_conditions,vegetation,plants,higher_level,all plants,Aboveground/Belowground,"",mean,SD,"","",0.41,0.09,4,0.61,0.14,4,"","",JT,plant_above_below_ratio,142.5,419.117647058824,750,30.9195633007696,0.0252149040423814,-0.397301797469004,0.636193560073289,-1.47617646681304,0.879557151408771,-1.47617646681304,1
dp_182,Kaštovská et al 2025 Science of The Total Environment,Trophic rewilding by large herbivores reduces plant nitrogen and water limitation across seven sites irrespective of their edaphic conditions,https://doi.org/10.1016/j.scitotenv.2025.179141,Mix,Rewilding in six areas for a couple of years,"",each area compared with one nearby control,Unkown,"no feeding or drugs, but likely population control somehow",distal comparison with and without,with_introduction,250,1,2500000,1,10000,4 per treatment,0.007854,16 per treatment,subplot,Europe,50.279,14.882,"",MTR,Equus caballus; Bison bonasus; Bos taurus,"Introduced 12/2015, smaller herbivores such as roe deer have free access to control and treatment",likely kept artifically constant,0.16 Equus caballus; 0.12 Bison bonasus; 0.02 Bos taurus,0,individuals,hectare,7,,2555,1,2022,cumulative,plant_conditions,vegetation,plants,higher_level,all plants,Aboveground/Belowground,"",mean,SD,"","",0.5,0.21,4,0.6,0.17,4,"","",JT,plant_above_below_ratio,123,410,750,27.0882783257467,0.0641694444444445,-0.182321556793955,0.512919731554898,-0.45465998820917,0.684639825917181,-0.45465998820917,1
dp_183,Kaštovská et al 2025 Science of The Total Environment,Trophic rewilding by large herbivores reduces plant nitrogen and water limitation across seven sites irrespective of their edaphic conditions,https://doi.org/10.1016/j.scitotenv.2025.179141,Mix,Rewilding in six areas for a couple of years,"",each area compared with one nearby control,Unkown,"no feeding or drugs, but likely population control somehow",distal comparison with and without,with_introduction,30,1,300000,1,10000,4 per treatment,0.007854,16 per treatment,subplot,Europe,49.664,13.317,"",DOB,Equus caballus,"Introduced 1/2018, smaller herbivores such as roe deer have free access to control and treatment",likely kept artifically constant,0.2 Equus caballus,0,individuals,hectare,4,,1460,1,2022,cumulative,plant_conditions,vegetation,plants,higher_level,all plants,Aboveground/Belowground,"",mean,SD,"","",0.79,0.33,4,0.9,0.23,4,"","",JT,plant_above_below_ratio,60,300,300,14.4168684848085,0.0599499773501002,-0.130361817863244,0.507053151348851,-0.335932168125676,0.677197393789781,-0.335932168125676,1
dp_184,Kaštovská et al 2025 Science of The Total Environment,Trophic rewilding by large herbivores reduces plant nitrogen and water limitation across seven sites irrespective of their edaphic conditions,https://doi.org/10.1016/j.scitotenv.2025.179141,Mix,Rewilding in six areas for a couple of years,"",each area compared with one nearby control,Unkown,"no feeding or drugs, but likely population control somehow",distal comparison with and without,with_introduction,35,1,350000,1,10000,4 per treatment,0.007854,16 per treatment,subplot,Europe,48.81,15.992,"",HAV,Equus caballus,"Introduced 5/2018, smaller herbivores such as roe deer have free access to control and treatment",likely kept artifically constant,0.23 Equus caballus,0,individuals,hectare,4,,1460,1,2022,cumulative,plant_conditions,vegetation,plants,higher_level,all plants,Aboveground/Belowground,"",mean,SD,"","",0.24,0.07,4,0.32,0.07,4,"","",JT,plant_above_below_ratio,69,300,300,16.5793987575298,0.0332302517361111,-0.287682072451781,0.561592842678043,-0.992716214659901,0.748790456904057,-0.992716214659901,1
dp_185,Kaštovská et al 2025 Science of The Total Environment,Trophic rewilding by large herbivores reduces plant nitrogen and water limitation across seven sites irrespective of their edaphic conditions,https://doi.org/10.1016/j.scitotenv.2025.179141,Mix,Rewilding in six areas for a couple of years,"",each area compared with one nearby control,Unkown,"no feeding or drugs, but likely population control somehow",distal comparison with and without,with_introduction,29,1,290000,1,10000,4 per treatment,0.007854,16 per treatment,subplot,Europe,48.845,15.971,"",MAS,Equus caballus,"Introduced 5/2018, smaller herbivores such as roe deer have free access to control and treatment",likely kept artifically constant,0.31 Equus caballus,0,individuals,hectare,4,,1460,1,2022,cumulative,plant_conditions,vegetation,plants,higher_level,all plants,Aboveground/Belowground,"",mean,SD,"","",0.24,0.11,4,0.23,0.02,4,"","",JT,plant_above_below_ratio,93,300,300,22.3461461514532,0.0544077202793531,0.0425596144187959,0.500754512322806,0.109873550797707,0.668554050067689,0.109873550797707,1
dp_186,Kaštovská et al 2025 Science of The Total Environment,Trophic rewilding by large herbivores reduces plant nitrogen and water limitation across seven sites irrespective of their edaphic conditions,https://doi.org/10.1016/j.scitotenv.2025.179141,Mix,Rewilding in six areas for a couple of years,"",each area compared with one nearby control,Unkown,"no feeding or drugs, but likely population control somehow",distal comparison with and without,with_introduction,18,1,180000,1,10000,4 per treatment,0.007854,16 per treatment,subplot,Europe,50.1878,15.861,"",HRK,Equus caballus,"Introduced 1/2018, smaller herbivores such as roe deer have free access to control and treatment",likely kept artifically constant,0.17 Equus caballus,0,individuals,hectare,4,,1460,1,2022,cumulative,plant_conditions,vegetation,plants,higher_level,all plants,Aboveground/Belowground,"",mean,SD,"","",0.2,0.03,4,0.48,0.22,4,"","",JT,plant_above_below_ratio,51,300,300,12.2543382120872,0.0581423611111111,-0.8754687373539,0.649984193985781,-1.54911171442621,1.05228817855435,-1.54911171442621,1
dp_187,Kaštovská et al 2025 Science of The Total Environment,Trophic rewilding by large herbivores reduces plant nitrogen and water limitation across seven sites irrespective of their edaphic conditions,https://doi.org/10.1016/j.scitotenv.2025.179141,Mix,Rewilding in six areas for a couple of years,"",each area compared with one nearby control,Unkown,"no feeding or drugs, but likely population control somehow",distal comparison with and without,with_introduction,100,1,1000000,1,10000,4 per treatment,0.007854,16 per treatment,subplot,Europe,50.237,14.889,"",MBV,Equus caballus; Bos taurus,"Introduced 3/2015, smaller herbivores such as roe deer have free access to control and treatment",likely kept artifically constant,0.25 Equus caballus; 0.09 Bos taurus,0,individuals,hectare,7,,2555,1,2022,cumulative,plant_nutrients,vegetation,plants,higher_level,all plants,Belowground C/N ratio,"",mean,SD,"","",53.5,1.9,4,58.4,10.5,4,"","",JT,plant_cn,142.5,419.117647058824,750,30.9195633007696,0.008396828785673,-0.0876342359322205,0.519888284813118,-0.564103321218624,0.716445679685616,-0.564103321218624,1
dp_188,Kaštovská et al 2025 Science of The Total Environment,Trophic rewilding by large herbivores reduces plant nitrogen and water limitation across seven sites irrespective of their edaphic conditions,https://doi.org/10.1016/j.scitotenv.2025.179141,Mix,Rewilding in six areas for a couple of years,"",each area compared with one nearby control,Unkown,"no feeding or drugs, but likely population control somehow",distal comparison with and without,with_introduction,250,1,2500000,1,10000,4 per treatment,0.007854,16 per treatment,subplot,Europe,50.279,14.882,"",MTR,Equus caballus; Bison bonasus; Bos taurus,"Introduced 12/2015, smaller herbivores such as roe deer have free access to control and treatment",likely kept artifically constant,0.16 Equus caballus; 0.12 Bison bonasus; 0.02 Bos taurus,0,individuals,hectare,7,,2555,1,2022,cumulative,plant_nutrients,vegetation,plants,higher_level,all plants,Belowground C/N ratio,"",mean,SD,"","",57.5,10.5,4,63.6,10.2,4,"","",JT,plant_cn,123,410,750,27.0882783257467,0.01476670821105,-0.100828522542772,0.51637699118695,-0.511890475581642,0.688520992927511,-0.511890475581642,1
dp_189,Kaštovská et al 2025 Science of The Total Environment,Trophic rewilding by large herbivores reduces plant nitrogen and water limitation across seven sites irrespective of their edaphic conditions,https://doi.org/10.1016/j.scitotenv.2025.179141,Mix,Rewilding in six areas for a couple of years,"",each area compared with one nearby control,Unkown,"no feeding or drugs, but likely population control somehow",distal comparison with and without,with_introduction,30,1,300000,1,10000,4 per treatment,0.007854,16 per treatment,subplot,Europe,49.664,13.317,"",DOB,Equus caballus,"Introduced 1/2018, smaller herbivores such as roe deer have free access to control and treatment",likely kept artifically constant,0.2 Equus caballus,0,individuals,hectare,4,,1460,1,2022,cumulative,plant_nutrients,vegetation,plants,higher_level,all plants,Belowground C/N ratio,"",mean,SD,"","",40.6,14.4,4,42.2,8.9,4,"","",JT,plant_cn,60,300,300,14.4168684848085,0.0425691931325268,-0.0386521544342792,0.500842530422926,-0.116105498434903,0.668014687294281,-0.116105498434903,1
dp_190,Kaštovská et al 2025 Science of The Total Environment,Trophic rewilding by large herbivores reduces plant nitrogen and water limitation across seven sites irrespective of their edaphic conditions,https://doi.org/10.1016/j.scitotenv.2025.179141,Mix,Rewilding in six areas for a couple of years,"",each area compared with one nearby control,Unkown,"no feeding or drugs, but likely population control somehow",distal comparison with and without,with_introduction,35,1,350000,1,10000,4 per treatment,0.007854,16 per treatment,subplot,Europe,48.81,15.992,"",HAV,Equus caballus,"Introduced 5/2018, smaller herbivores such as roe deer have free access to control and treatment",likely kept artifically constant,0.23 Equus caballus,0,individuals,hectare,4,,1460,1,2022,cumulative,plant_nutrients,vegetation,plants,higher_level,all plants,Belowground C/N ratio,"",mean,SD,"","",47.3,4.3,4,43,4.9,4,"","",JT,plant_cn,69,300,300,16.5793987575298,0.00531246508052153,0.0953101798043247,0.541032155437304,0.810255815774785,0.722299125774518,0.810255815774785,1
dp_191,Kaštovská et al 2025 Science of The Total Environment,Trophic rewilding by large herbivores reduces plant nitrogen and water limitation across seven sites irrespective of their edaphic conditions,https://doi.org/10.1016/j.scitotenv.2025.179141,Mix,Rewilding in six areas for a couple of years,"",each area compared with one nearby control,Unkown,"no feeding or drugs, but likely population control somehow",distal comparison with and without,with_introduction,29,1,290000,1,10000,4 per treatment,0.007854,16 per treatment,subplot,Europe,48.845,15.971,"",MAS,Equus caballus,"Introduced 5/2018, smaller herbivores such as roe deer have free access to control and treatment",likely kept artifically constant,0.31 Equus caballus,0,individuals,hectare,4,,1460,1,2022,cumulative,plant_nutrients,vegetation,plants,higher_level,all plants,Belowground C/N ratio,"",mean,SD,"","",46.4,3.8,4,42.3,0.6,4,"","",JT,plant_cn,93,300,300,22.3461461514532,0.00172706057679639,0.0925123731799773,0.607122906641632,1.30918543616484,0.938768761078785,1.30918543616484,1
dp_192,Kaštovská et al 2025 Science of The Total Environment,Trophic rewilding by large herbivores reduces plant nitrogen and water limitation across seven sites irrespective of their edaphic conditions,https://doi.org/10.1016/j.scitotenv.2025.179141,Mix,Rewilding in six areas for a couple of years,"",each area compared with one nearby control,Unkown,"no feeding or drugs, but likely population control somehow",distal comparison with and without,with_introduction,18,1,180000,1,10000,4 per treatment,0.007854,16 per treatment,subplot,Europe,50.1878,15.861,"",HRK,Equus caballus,"Introduced 1/2018, smaller herbivores such as roe deer have free access to control and treatment",likely kept artifically constant,0.17 Equus caballus,0,individuals,hectare,4,,1460,1,2022,cumulative,plant_nutrients,vegetation,plants,higher_level,all plants,Belowground C/N ratio,"",mean,SD,"","",55.8,11.1,4,53.2,13.1,4,"","",JT,plant_cn,51,300,300,12.2543382120872,0.0250513706262702,0.0477154730396664,0.502162549734655,0.186012891366393,0.669627777166652,0.186012891366393,1
dp_193,Kaštovská et al 2025 Science of The Total Environment,Trophic rewilding by large herbivores reduces plant nitrogen and water limitation across seven sites irrespective of their edaphic conditions,https://doi.org/10.1016/j.scitotenv.2025.179141,Mix,Rewilding in six areas for a couple of years,"",each area compared with one nearby control,Unkown,"no feeding or drugs, but likely population control somehow",distal comparison with and without,with_introduction,100,1,1000000,1,10000,4 per treatment,0.007854,16 per treatment,subplot,Europe,50.237,14.889,"",MBV,Equus caballus; Bos taurus,"Introduced 3/2015, smaller herbivores such as roe deer have free access to control and treatment",likely kept artifically constant,0.25 Equus caballus; 0.09 Bos taurus,0,individuals,hectare,7,,2555,1,2022,cumulative,plant_nutrients,vegetation,plants,higher_level,all plants,Belowground C/P ratio,"",mean,SD,"","",1053,343,4,1381,376,4,"","",JT,plant_cp,142.5,419.117647058824,750,30.9195633007696,0.0450582423441804,-0.271164641275317,0.539172596147458,-0.791682725818451,0.719335046339405,-0.791682725818451,1
dp_194,Kaštovská et al 2025 Science of The Total Environment,Trophic rewilding by large herbivores reduces plant nitrogen and water limitation across seven sites irrespective of their edaphic conditions,https://doi.org/10.1016/j.scitotenv.2025.179141,Mix,Rewilding in six areas for a couple of years,"",each area compared with one nearby control,Unkown,"no feeding or drugs, but likely population control somehow",distal comparison with and without,with_introduction,250,1,2500000,1,10000,4 per treatment,0.007854,16 per treatment,subplot,Europe,50.279,14.882,"",MTR,Equus caballus; Bison bonasus; Bos taurus,"Introduced 12/2015, smaller herbivores such as roe deer have free access to control and treatment",likely kept artifically constant,0.16 Equus caballus; 0.12 Bison bonasus; 0.02 Bos taurus,0,individuals,hectare,7,,2555,1,2022,cumulative,plant_nutrients,vegetation,plants,higher_level,all plants,Belowground C/P ratio,"",mean,SD,"","",1579,321,4,1522,370,4,"","",JT,plant_cp,123,410,750,27.0882783257467,0.0251065799382665,0.0367664758340109,0.501277090272607,0.14294559930866,0.668403361500436,0.14294559930866,1
dp_195,Kaštovská et al 2025 Science of The Total Environment,Trophic rewilding by large herbivores reduces plant nitrogen and water limitation across seven sites irrespective of their edaphic conditions,https://doi.org/10.1016/j.scitotenv.2025.179141,Mix,Rewilding in six areas for a couple of years,"",each area compared with one nearby control,Unkown,"no feeding or drugs, but likely population control somehow",distal comparison with and without,with_introduction,30,1,300000,1,10000,4 per treatment,0.007854,16 per treatment,subplot,Europe,49.664,13.317,"",DOB,Equus caballus,"Introduced 1/2018, smaller herbivores such as roe deer have free access to control and treatment",likely kept artifically constant,0.2 Equus caballus,0,individuals,hectare,4,,1460,1,2022,cumulative,plant_nutrients,vegetation,plants,higher_level,all plants,Belowground C/P ratio,"",mean,SD,"","",553,90,4,564,214,4,"","",JT,plant_cp,60,300,300,14.4168684848085,0.0426140593219452,-0.019696249975724,0.500211741110332,-0.0582053070201363,0.667087096959762,-0.0582053070201363,1
dp_196,Kaštovská et al 2025 Science of The Total Environment,Trophic rewilding by large herbivores reduces plant nitrogen and water limitation across seven sites irrespective of their edaphic conditions,https://doi.org/10.1016/j.scitotenv.2025.179141,Mix,Rewilding in six areas for a couple of years,"",each area compared with one nearby control,Unkown,"no feeding or drugs, but likely population control somehow",distal comparison with and without,with_introduction,35,1,350000,1,10000,4 per treatment,0.007854,16 per treatment,subplot,Europe,48.81,15.992,"",HAV,Equus caballus,"Introduced 5/2018, smaller herbivores such as roe deer have free access to control and treatment",likely kept artifically constant,0.23 Equus caballus,0,individuals,hectare,4,,1460,1,2022,cumulative,plant_nutrients,vegetation,plants,higher_level,all plants,Belowground C/P ratio,"",mean,SD,"","",779,232,4,928,186,4,"","",JT,plant_cp,69,300,300,16.5793987575298,0.0322169977407798,-0.175020686915452,0.52368090940768,-0.615544109323515,0.699734365569703,-0.615544109323515,1
dp_197,Kaštovská et al 2025 Science of The Total Environment,Trophic rewilding by large herbivores reduces plant nitrogen and water limitation across seven sites irrespective of their edaphic conditions,https://doi.org/10.1016/j.scitotenv.2025.179141,Mix,Rewilding in six areas for a couple of years,"",each area compared with one nearby control,Unkown,"no feeding or drugs, but likely population control somehow",distal comparison with and without,with_introduction,29,1,290000,1,10000,4 per treatment,0.007854,16 per treatment,subplot,Europe,48.845,15.971,"",MAS,Equus caballus,"Introduced 5/2018, smaller herbivores such as roe deer have free access to control and treatment",likely kept artifically constant,0.31 Equus caballus,0,individuals,hectare,4,,1460,1,2022,cumulative,plant_nutrients,vegetation,plants,higher_level,all plants,Belowground C/P ratio,"",mean,SD,"","",1190,248,4,1129,112,4,"","",JT,plant_cp,93,300,300,22.3461461514532,0.013318290841522,0.0526210219559131,0.504739392612159,0.275372986682689,0.675748454073049,0.275372986682689,1
dp_198,Kaštovská et al 2025 Science of The Total Environment,Trophic rewilding by large herbivores reduces plant nitrogen and water limitation across seven sites irrespective of their edaphic conditions,https://doi.org/10.1016/j.scitotenv.2025.179141,Mix,Rewilding in six areas for a couple of years,"",each area compared with one nearby control,Unkown,"no feeding or drugs, but likely population control somehow",distal comparison with and without,with_introduction,18,1,180000,1,10000,4 per treatment,0.007854,16 per treatment,subplot,Europe,50.1878,15.861,"",HRK,Equus caballus,"Introduced 1/2018, smaller herbivores such as roe deer have free access to control and treatment",likely kept artifically constant,0.17 Equus caballus,0,individuals,hectare,4,,1460,1,2022,cumulative,plant_nutrients,vegetation,plants,higher_level,all plants,Belowground C/P ratio,"",mean,SD,"","",1765,218,4,936,303,4,"","",JT,plant_cp,51,300,300,12.2543382120872,0.0300121773024693,0.634290492889805,0.965191127763643,2.72819684850971,1.34957935266787,2.72819684850971,1
dp_199,Kaštovská et al 2025 Science of The Total Environment,Trophic rewilding by large herbivores reduces plant nitrogen and water limitation across seven sites irrespective of their edaphic conditions,https://doi.org/10.1016/j.scitotenv.2025.179141,Mix,Rewilding in six areas for a couple of years,"",each area compared with one nearby control,Unkown,"no feeding or drugs, but likely population control somehow",distal comparison with and without,with_introduction,100,1,1000000,1,10000,4 per treatment,0.007854,16 per treatment,subplot,Europe,50.237,14.889,"",MBV,Equus caballus; Bos taurus,"Introduced 3/2015, smaller herbivores such as roe deer have free access to control and treatment",likely kept artifically constant,0.25 Equus caballus; 0.09 Bos taurus,0,individuals,hectare,7,,2555,1,2022,cumulative,plant_nutrients,vegetation,plants,higher_level,all plants,Belowground N/P ratio,"",mean,SD,"","",20.4,6.3,4,23.8,2.2,4,"","",JT,plant_np,142.5,419.117647058824,750,30.9195633007696,0.0259791416566627,-0.154150679827258,0.524483950290921,-0.625893924443058,0.719306887305243,-0.625893924443058,1
dp_200,Kaštovská et al 2025 Science of The Total Environment,Trophic rewilding by large herbivores reduces plant nitrogen and water limitation across seven sites irrespective of their edaphic conditions,https://doi.org/10.1016/j.scitotenv.2025.179141,Mix,Rewilding in six areas for a couple of years,"",each area compared with one nearby control,Unkown,"no feeding or drugs, but likely population control somehow",distal comparison with and without,with_introduction,250,1,2500000,1,10000,4 per treatment,0.007854,16 per treatment,subplot,Europe,50.279,14.882,"",MTR,Equus caballus; Bison bonasus; Bos taurus,"Introduced 12/2015, smaller herbivores such as roe deer have free access to control and treatment",likely kept artifically constant,0.16 Equus caballus; 0.12 Bison bonasus; 0.02 Bos taurus,0,individuals,hectare,7,,2555,1,2022,cumulative,plant_nutrients,vegetation,plants,higher_level,all plants,Belowground N/P ratio,"",mean,SD,"","",29,8.2,4,23.9,5.4,4,"","",JT,plant_np,123,410,750,27.0882783257467,0.0327504910045453,0.193417371049009,0.525447180389244,0.638086895514943,0.705890658401028,0.638086895514943,1
dp_201,Kaštovská et al 2025 Science of The Total Environment,Trophic rewilding by large herbivores reduces plant nitrogen and water limitation across seven sites irrespective of their edaphic conditions,https://doi.org/10.1016/j.scitotenv.2025.179141,Mix,Rewilding in six areas for a couple of years,"",each area compared with one nearby control,Unkown,"no feeding or drugs, but likely population control somehow",distal comparison with and without,with_introduction,30,1,300000,1,10000,4 per treatment,0.007854,16 per treatment,subplot,Europe,49.664,13.317,"",DOB,Equus caballus,"Introduced 1/2018, smaller herbivores such as roe deer have free access to control and treatment",likely kept artifically constant,0.2 Equus caballus,0,individuals,hectare,4,,1460,1,2022,cumulative,plant_nutrients,vegetation,plants,higher_level,all plants,Belowground N/P ratio,"",mean,SD,"","",15.5,5.5,4,13.4,2.4,4,"","",JT,plant_np,60,300,300,14.4168684848085,0.0394972309465455,0.145585316968335,0.511550261536985,0.429888572297236,0.689189997964571,0.429888572297236,1
dp_202,Kaštovská et al 2025 Science of The Total Environment,Trophic rewilding by large herbivores reduces plant nitrogen and water limitation across seven sites irrespective of their edaphic conditions,https://doi.org/10.1016/j.scitotenv.2025.179141,Mix,Rewilding in six areas for a couple of years,"",each area compared with one nearby control,Unkown,"no feeding or drugs, but likely population control somehow",distal comparison with and without,with_introduction,35,1,350000,1,10000,4 per treatment,0.007854,16 per treatment,subplot,Europe,48.81,15.992,"",HAV,Equus caballus,"Introduced 5/2018, smaller herbivores such as roe deer have free access to control and treatment",likely kept artifically constant,0.23 Equus caballus,0,individuals,hectare,4,,1460,1,2022,cumulative,plant_nutrients,vegetation,plants,higher_level,all plants,Belowground N/P ratio,"",mean,SD,"","",17.7,7.7,4,22.1,4.6,4,"","",JT,plant_np,69,300,300,16.5793987575298,0.0581434583323196,-0.222012968943924,0.52269633090355,-0.602612059667574,0.703726358944389,-0.602612059667574,1
dp_203,Kaštovská et al 2025 Science of The Total Environment,Trophic rewilding by large herbivores reduces plant nitrogen and water limitation across seven sites irrespective of their edaphic conditions,https://doi.org/10.1016/j.scitotenv.2025.179141,Mix,Rewilding in six areas for a couple of years,"",each area compared with one nearby control,Unkown,"no feeding or drugs, but likely population control somehow",distal comparison with and without,with_introduction,29,1,290000,1,10000,4 per treatment,0.007854,16 per treatment,subplot,Europe,48.845,15.971,"",MAS,Equus caballus,"Introduced 5/2018, smaller herbivores such as roe deer have free access to control and treatment",likely kept artifically constant,0.31 Equus caballus,0,individuals,hectare,4,,1460,1,2022,cumulative,plant_nutrients,vegetation,plants,higher_level,all plants,Belowground N/P ratio,"",mean,SD,"","",27,7.7,4,26.8,2.3,4,"","",JT,plant_np,93,300,300,22.3461461514532,0.0221739539893433,0.00743497848751799,0.500058416872314,0.0305723724467371,0.666799014680945,0.0305723724467371,1
dp_204,Kaštovská et al 2025 Science of The Total Environment,Trophic rewilding by large herbivores reduces plant nitrogen and water limitation across seven sites irrespective of their edaphic conditions,https://doi.org/10.1016/j.scitotenv.2025.179141,Mix,Rewilding in six areas for a couple of years,"",each area compared with one nearby control,Unkown,"no feeding or drugs, but likely population control somehow",distal comparison with and without,with_introduction,18,1,180000,1,10000,4 per treatment,0.007854,16 per treatment,subplot,Europe,50.1878,15.861,"",HRK,Equus caballus,"Introduced 1/2018, smaller herbivores such as roe deer have free access to control and treatment",likely kept artifically constant,0.17 Equus caballus,0,individuals,hectare,4,,1460,1,2022,cumulative,plant_nutrients,vegetation,plants,higher_level,all plants,Belowground N/P ratio,"",mean,SD,"","",33,4.7,4,17.9,4.4,4,"","",JT,plant_np,51,300,300,12.2543382120872,0.0201768120987318,0.611706848619771,1.01880685984017,2.88112994456043,1.36140983327382,2.88112994456043,1
dp_205,Kaštovská et al 2025 Science of The Total Environment,Trophic rewilding by large herbivores reduces plant nitrogen and water limitation across seven sites irrespective of their edaphic conditions,https://doi.org/10.1016/j.scitotenv.2025.179141,Mix,Rewilding in six areas for a couple of years,"",each area compared with one nearby control,Unkown,"no feeding or drugs, but likely population control somehow",distal comparison with and without,with_introduction,100,1,1000000,1,10000,4 per treatment,0.007854,16 per treatment,subplot,Europe,50.237,14.889,"",MBV,Equus caballus; Bos taurus,"Introduced 3/2015, smaller herbivores such as roe deer have free access to control and treatment",likely kept artifically constant,0.25 Equus caballus; 0.09 Bos taurus,0,individuals,hectare,7,,2555,1,2022,cumulative,plant_nutrients,vegetation,plants,higher_level,all plants,Belowground dry biomass,g/m2,mean,SD,"","",486,111,4,402,111,4,"","",JT,plant_biomass,142.5,419.117647058824,750,30.9195633007696,0.0321015572316879,0.189756535281473,0.527005919516067,0.657339115112637,0.702674559354755,0.657339115112637,5
dp_206,Kaštovská et al 2025 Science of The Total Environment,Trophic rewilding by large herbivores reduces plant nitrogen and water limitation across seven sites irrespective of their edaphic conditions,https://doi.org/10.1016/j.scitotenv.2025.179141,Mix,Rewilding in six areas for a couple of years,"",each area compared with one nearby control,Unkown,"no feeding or drugs, but likely population control somehow",distal comparison with and without,with_introduction,250,1,2500000,1,10000,4 per treatment,0.007854,16 per treatment,subplot,Europe,50.279,14.882,"",MTR,Equus caballus; Bison bonasus; Bos taurus,"Introduced 12/2015, smaller herbivores such as roe deer have free access to control and treatment",likely kept artifically constant,0.16 Equus caballus; 0.12 Bison bonasus; 0.02 Bos taurus,0,individuals,hectare,7,,2555,1,2022,cumulative,plant_nutrients,vegetation,plants,higher_level,all plants,Belowground dry biomass,g/m2,mean,SD,"","",325,94,4,417,159,4,"","",JT,plant_biomass,123,410,750,27.0882783257467,0.0572600718658822,-0.249261039469064,0.523398131064536,-0.611857905916541,0.705112638824799,-0.611857905916541,5
dp_207,Kaštovská et al 2025 Science of The Total Environment,Trophic rewilding by large herbivores reduces plant nitrogen and water limitation across seven sites irrespective of their edaphic conditions,https://doi.org/10.1016/j.scitotenv.2025.179141,Mix,Rewilding in six areas for a couple of years,"",each area compared with one nearby control,Unkown,"no feeding or drugs, but likely population control somehow",distal comparison with and without,with_introduction,30,1,300000,1,10000,4 per treatment,0.007854,16 per treatment,subplot,Europe,49.664,13.317,"",DOB,Equus caballus,"Introduced 1/2018, smaller herbivores such as roe deer have free access to control and treatment",likely kept artifically constant,0.2 Equus caballus,0,individuals,hectare,4,,1460,1,2022,cumulative,plant_nutrients,vegetation,plants,higher_level,all plants,Belowground dry biomass,g/m2,mean,SD,"","",399,56,4,509,212,4,"","",JT,plant_biomass,60,300,300,14.4168684848085,0.0482932683877209,-0.243486599660659,0.523735438607407,-0.616252397738545,0.722242990606102,-0.616252397738545,5
dp_208,Kaštovská et al 2025 Science of The Total Environment,Trophic rewilding by large herbivores reduces plant nitrogen and water limitation across seven sites irrespective of their edaphic conditions,https://doi.org/10.1016/j.scitotenv.2025.179141,Mix,Rewilding in six areas for a couple of years,"",each area compared with one nearby control,Unkown,"no feeding or drugs, but likely population control somehow",distal comparison with and without,with_introduction,35,1,350000,1,10000,4 per treatment,0.007854,16 per treatment,subplot,Europe,48.81,15.992,"",HAV,Equus caballus,"Introduced 5/2018, smaller herbivores such as roe deer have free access to control and treatment",likely kept artifically constant,0.23 Equus caballus,0,individuals,hectare,4,,1460,1,2022,cumulative,plant_nutrients,vegetation,plants,higher_level,all plants,Belowground dry biomass,g/m2,mean,SD,"","",424,122,4,372,58,4,"","",JT,plant_biomass,69,300,300,16.5793987575298,0.0267752718805867,0.130839600958811,0.513975513212869,0.472872299258379,0.69272712836652,0.472872299258379,5
dp_209,Kaštovská et al 2025 Science of The Total Environment,Trophic rewilding by large herbivores reduces plant nitrogen and water limitation across seven sites irrespective of their edaphic conditions,https://doi.org/10.1016/j.scitotenv.2025.179141,Mix,Rewilding in six areas for a couple of years,"",each area compared with one nearby control,Unkown,"no feeding or drugs, but likely population control somehow",distal comparison with and without,with_introduction,29,1,290000,1,10000,4 per treatment,0.007854,16 per treatment,subplot,Europe,48.845,15.971,"",MAS,Equus caballus,"Introduced 5/2018, smaller herbivores such as roe deer have free access to control and treatment",likely kept artifically constant,0.31 Equus caballus,0,individuals,hectare,4,,1460,1,2022,cumulative,plant_nutrients,vegetation,plants,higher_level,all plants,Belowground dry biomass,g/m2,mean,SD,"","",380,91,4,551,86,4,"","",JT,plant_biomass,93,300,300,22.3461461514532,0.0204271416266745,-0.371563556432483,0.675916109835834,-1.67769417873859,0.901968969070106,-1.67769417873859,5
dp_210,Kaštovská et al 2025 Science of The Total Environment,Trophic rewilding by large herbivores reduces plant nitrogen and water limitation across seven sites irrespective of their edaphic conditions,https://doi.org/10.1016/j.scitotenv.2025.179141,Mix,Rewilding in six areas for a couple of years,"",each area compared with one nearby control,Unkown,"no feeding or drugs, but likely population control somehow",distal comparison with and without,with_introduction,18,1,180000,1,10000,4 per treatment,0.007854,16 per treatment,subplot,Europe,50.1878,15.861,"",HRK,Equus caballus,"Introduced 1/2018, smaller herbivores such as roe deer have free access to control and treatment",likely kept artifically constant,0.17 Equus caballus,0,individuals,hectare,4,,1460,1,2022,cumulative,plant_nutrients,vegetation,plants,higher_level,all plants,Belowground dry biomass,g/m2,mean,SD,"","",393,13,4,393,81,4,"","",JT,plant_biomass,51,300,300,12.2543382120872,0.0108935635711465,0,0.5,0,0.666666666666667,0,5
dp_211,Kaštovská et al 2025 Science of The Total Environment,Trophic rewilding by large herbivores reduces plant nitrogen and water limitation across seven sites irrespective of their edaphic conditions,https://doi.org/10.1016/j.scitotenv.2025.179141,Mix,Rewilding in six areas for a couple of years,"",each area compared with one nearby control,Unkown,"no feeding or drugs, but likely population control somehow",distal comparison with and without,with_introduction,100,1,1000000,1,10000,4 per treatment,0.007854,16 per treatment,subplot,Europe,50.237,14.889,"",MBV,Equus caballus; Bos taurus,"Introduced 3/2015, smaller herbivores such as roe deer have free access to control and treatment",likely kept artifically constant,0.25 Equus caballus; 0.09 Bos taurus,0,individuals,hectare,7,,2555,1,2022,cumulative,plant_nutrients,vegetation,plants,higher_level,all plants,Belowground-C content,mg/g,mean,SD,"","",407,5,4,383,22,4,"","",JT,plant_c,142.5,419.117647058824,750,30.9195633007696,0.000862604775837075,0.0607781962619491,0.60672865862875,1.3067740960319,0.924691856393734,1.3067740960319,2
dp_212,Kaštovská et al 2025 Science of The Total Environment,Trophic rewilding by large herbivores reduces plant nitrogen and water limitation across seven sites irrespective of their edaphic conditions,https://doi.org/10.1016/j.scitotenv.2025.179141,Mix,Rewilding in six areas for a couple of years,"",each area compared with one nearby control,Unkown,"no feeding or drugs, but likely population control somehow",distal comparison with and without,with_introduction,250,1,2500000,1,10000,4 per treatment,0.007854,16 per treatment,subplot,Europe,50.279,14.882,"",MTR,Equus caballus; Bison bonasus; Bos taurus,"Introduced 12/2015, smaller herbivores such as roe deer have free access to control and treatment",likely kept artifically constant,0.16 Equus caballus; 0.12 Bison bonasus; 0.02 Bos taurus,0,individuals,hectare,7,,2555,1,2022,cumulative,plant_nutrients,vegetation,plants,higher_level,all plants,Belowground-C content,mg/g,mean,SD,"","",352,50,4,389,23,4,"","",JT,plant_c,123,410,750,27.0882783257467,0.00591819769429251,-0.0999481680203493,0.542626583440139,-0.825848251824887,0.747567559950039,-0.825848251824887,2
dp_213,Kaštovská et al 2025 Science of The Total Environment,Trophic rewilding by large herbivores reduces plant nitrogen and water limitation across seven sites irrespective of their edaphic conditions,https://doi.org/10.1016/j.scitotenv.2025.179141,Mix,Rewilding in six areas for a couple of years,"",each area compared with one nearby control,Unkown,"no feeding or drugs, but likely population control somehow",distal comparison with and without,with_introduction,30,1,300000,1,10000,4 per treatment,0.007854,16 per treatment,subplot,Europe,49.664,13.317,"",DOB,Equus caballus,"Introduced 1/2018, smaller herbivores such as roe deer have free access to control and treatment",likely kept artifically constant,0.2 Equus caballus,0,individuals,hectare,4,,1460,1,2022,cumulative,plant_nutrients,vegetation,plants,higher_level,all plants,Belowground-C content,mg/g,mean,SD,"","",333,38,4,292,42,4,"","",JT,plant_c,60,300,300,14.4168684848085,0.00842767889906274,0.131388687712162,0.549420792340903,0.889231509481328,0.733216717947068,0.889231509481328,2
dp_214,Kaštovská et al 2025 Science of The Total Environment,Trophic rewilding by large herbivores reduces plant nitrogen and water limitation across seven sites irrespective of their edaphic conditions,https://doi.org/10.1016/j.scitotenv.2025.179141,Mix,Rewilding in six areas for a couple of years,"",each area compared with one nearby control,Unkown,"no feeding or drugs, but likely population control somehow",distal comparison with and without,with_introduction,35,1,350000,1,10000,4 per treatment,0.007854,16 per treatment,subplot,Europe,48.81,15.992,"",HAV,Equus caballus,"Introduced 5/2018, smaller herbivores such as roe deer have free access to control and treatment",likely kept artifically constant,0.23 Equus caballus,0,individuals,hectare,4,,1460,1,2022,cumulative,plant_nutrients,vegetation,plants,higher_level,all plants,Belowground-C content,mg/g,mean,SD,"","",396,10,4,403,19,4,"","",JT,plant_c,69,300,300,16.5793987575298,0.000715118312942792,-0.0175223506922025,0.510024702770471,-0.400493750672252,0.684317331055349,-0.400493750672252,2
dp_215,Kaštovská et al 2025 Science of The Total Environment,Trophic rewilding by large herbivores reduces plant nitrogen and water limitation across seven sites irrespective of their edaphic conditions,https://doi.org/10.1016/j.scitotenv.2025.179141,Mix,Rewilding in six areas for a couple of years,"",each area compared with one nearby control,Unkown,"no feeding or drugs, but likely population control somehow",distal comparison with and without,with_introduction,29,1,290000,1,10000,4 per treatment,0.007854,16 per treatment,subplot,Europe,48.845,15.971,"",MAS,Equus caballus,"Introduced 5/2018, smaller herbivores such as roe deer have free access to control and treatment",likely kept artifically constant,0.31 Equus caballus,0,individuals,hectare,4,,1460,1,2022,cumulative,plant_nutrients,vegetation,plants,higher_level,all plants,Belowground-C content,mg/g,mean,SD,"","",419,12,4,409,5,4,"","",JT,plant_c,93,300,300,22.3461461514532,0.000242419214404938,0.024155763879336,0.555807124467901,0.944941263511345,0.777969584235737,0.944941263511345,2
dp_216,Kaštovská et al 2025 Science of The Total Environment,Trophic rewilding by large herbivores reduces plant nitrogen and water limitation across seven sites irrespective of their edaphic conditions,https://doi.org/10.1016/j.scitotenv.2025.179141,Mix,Rewilding in six areas for a couple of years,"",each area compared with one nearby control,Unkown,"no feeding or drugs, but likely population control somehow",distal comparison with and without,with_introduction,18,1,180000,1,10000,4 per treatment,0.007854,16 per treatment,subplot,Europe,50.1878,15.861,"",HRK,Equus caballus,"Introduced 1/2018, smaller herbivores such as roe deer have free access to control and treatment",likely kept artifically constant,0.17 Equus caballus,0,individuals,hectare,4,,1460,1,2022,cumulative,plant_nutrients,vegetation,plants,higher_level,all plants,Belowground-C content,mg/g,mean,SD,"","",416,2,4,395,17,4,"","",JT,plant_c,51,300,300,12.2543382120872,0.000468845292546711,0.0517994953601415,0.641953896910177,1.50707078485479,1.0350158281381,1.50707078485479,2
dp_217,Kaštovská et al 2025 Science of The Total Environment,Trophic rewilding by large herbivores reduces plant nitrogen and water limitation across seven sites irrespective of their edaphic conditions,https://doi.org/10.1016/j.scitotenv.2025.179141,Mix,Rewilding in six areas for a couple of years,"",each area compared with one nearby control,Unkown,"no feeding or drugs, but likely population control somehow",distal comparison with and without,with_introduction,100,1,1000000,1,10000,4 per treatment,0.007854,16 per treatment,subplot,Europe,50.237,14.889,"",MBV,Equus caballus; Bos taurus,"Introduced 3/2015, smaller herbivores such as roe deer have free access to control and treatment",likely kept artifically constant,0.25 Equus caballus; 0.09 Bos taurus,0,individuals,hectare,7,,2555,1,2022,cumulative,plant_nutrients,vegetation,plants,higher_level,all plants,Belowground-N content,mg/g,mean,SD,"","",9.2,0.2,4,8.4,1.7,4,"","",JT,plant_n,142.5,419.117647058824,750,30.9195633007696,0.0103576599196705,0.0909717782057266,0.520601019052724,0.574122203754206,0.72012323431785,0.574122203754206,2
dp_218,Kaštovská et al 2025 Science of The Total Environment,Trophic rewilding by large herbivores reduces plant nitrogen and water limitation across seven sites irrespective of their edaphic conditions,https://doi.org/10.1016/j.scitotenv.2025.179141,Mix,Rewilding in six areas for a couple of years,"",each area compared with one nearby control,Unkown,"no feeding or drugs, but likely population control somehow",distal comparison with and without,with_introduction,250,1,2500000,1,10000,4 per treatment,0.007854,16 per treatment,subplot,Europe,50.279,14.882,"",MTR,Equus caballus; Bison bonasus; Bos taurus,"Introduced 12/2015, smaller herbivores such as roe deer have free access to control and treatment",likely kept artifically constant,0.16 Equus caballus; 0.12 Bison bonasus; 0.02 Bos taurus,0,individuals,hectare,7,,2555,1,2022,cumulative,plant_nutrients,vegetation,plants,higher_level,all plants,Belowground-N content,mg/g,mean,SD,"","",7.7,1.4,4,7.4,0.9,4,"","",JT,plant_n,123,410,750,27.0882783257467,0.0119624175213856,0.0397403286495141,0.503064355101649,0.221426470021956,0.671456702573364,0.221426470021956,2
dp_219,Kaštovská et al 2025 Science of The Total Environment,Trophic rewilding by large herbivores reduces plant nitrogen and water limitation across seven sites irrespective of their edaphic conditions,https://doi.org/10.1016/j.scitotenv.2025.179141,Mix,Rewilding in six areas for a couple of years,"",each area compared with one nearby control,Unkown,"no feeding or drugs, but likely population control somehow",distal comparison with and without,with_introduction,30,1,300000,1,10000,4 per treatment,0.007854,16 per treatment,subplot,Europe,49.664,13.317,"",DOB,Equus caballus,"Introduced 1/2018, smaller herbivores such as roe deer have free access to control and treatment",likely kept artifically constant,0.2 Equus caballus,0,individuals,hectare,4,,1460,1,2022,cumulative,plant_nutrients,vegetation,plants,higher_level,all plants,Belowground-N content,mg/g,mean,SD,"","",10.5,2.4,4,8.7,2.2,4,"","",JT,plant_n,60,300,300,14.4168684848085,0.0290474842334873,0.18805223150294,0.528828065163815,0.67915318052781,0.70539363327591,0.67915318052781,2
dp_220,Kaštovská et al 2025 Science of The Total Environment,Trophic rewilding by large herbivores reduces plant nitrogen and water limitation across seven sites irrespective of their edaphic conditions,https://doi.org/10.1016/j.scitotenv.2025.179141,Mix,Rewilding in six areas for a couple of years,"",each area compared with one nearby control,Unkown,"no feeding or drugs, but likely population control somehow",distal comparison with and without,with_introduction,35,1,350000,1,10000,4 per treatment,0.007854,16 per treatment,subplot,Europe,48.81,15.992,"",HAV,Equus caballus,"Introduced 5/2018, smaller herbivores such as roe deer have free access to control and treatment",likely kept artifically constant,0.23 Equus caballus,0,individuals,hectare,4,,1460,1,2022,cumulative,plant_nutrients,vegetation,plants,higher_level,all plants,Belowground-N content,mg/g,mean,SD,"","",10.4,1.5,4,11.3,1.1,4,"","",JT,plant_n,69,300,300,16.5793987575298,0.00756964741543059,-0.0829969195709679,0.522079298463616,-0.594364177434886,0.69876546701697,-0.594364177434886,2
dp_221,Kaštovská et al 2025 Science of The Total Environment,Trophic rewilding by large herbivores reduces plant nitrogen and water limitation across seven sites irrespective of their edaphic conditions,https://doi.org/10.1016/j.scitotenv.2025.179141,Mix,Rewilding in six areas for a couple of years,"",each area compared with one nearby control,Unkown,"no feeding or drugs, but likely population control somehow",distal comparison with and without,with_introduction,29,1,290000,1,10000,4 per treatment,0.007854,16 per treatment,subplot,Europe,48.845,15.971,"",MAS,Equus caballus,"Introduced 5/2018, smaller herbivores such as roe deer have free access to control and treatment",likely kept artifically constant,0.31 Equus caballus,0,individuals,hectare,4,,1460,1,2022,cumulative,plant_nutrients,vegetation,plants,higher_level,all plants,Belowground-N content,mg/g,mean,SD,"","",11,1.2,4,11.3,0.1,4,"","",JT,plant_n,93,300,300,22.3461461514532,0.00299478527865459,-0.0269074529199244,0.505853974918323,-0.306045092581407,0.682063432787159,-0.306045092581407,2
dp_222,Kaštovská et al 2025 Science of The Total Environment,Trophic rewilding by large herbivores reduces plant nitrogen and water limitation across seven sites irrespective of their edaphic conditions,https://doi.org/10.1016/j.scitotenv.2025.179141,Mix,Rewilding in six areas for a couple of years,"",each area compared with one nearby control,Unkown,"no feeding or drugs, but likely population control somehow",distal comparison with and without,with_introduction,18,1,180000,1,10000,4 per treatment,0.007854,16 per treatment,subplot,Europe,50.1878,15.861,"",HRK,Equus caballus,"Introduced 1/2018, smaller herbivores such as roe deer have free access to control and treatment",likely kept artifically constant,0.17 Equus caballus,0,individuals,hectare,4,,1460,1,2022,cumulative,plant_nutrients,vegetation,plants,higher_level,all plants,Belowground-N content,mg/g,mean,SD,"","",9.1,1.6,4,9.7,2.1,4,"","",JT,plant_n,51,300,300,12.2543382120872,0.0194460397180145,-0.0638514719865328,0.504871313418403,-0.279179180266818,0.673619326668783,-0.279179180266818,2
dp_223,Kaštovská et al 2025 Science of The Total Environment,Trophic rewilding by large herbivores reduces plant nitrogen and water limitation across seven sites irrespective of their edaphic conditions,https://doi.org/10.1016/j.scitotenv.2025.179141,Mix,Rewilding in six areas for a couple of years,"",each area compared with one nearby control,Unkown,"no feeding or drugs, but likely population control somehow",distal comparison with and without,with_introduction,100,1,1000000,1,10000,4 per treatment,0.007854,16 per treatment,subplot,Europe,50.237,14.889,"",MBV,Equus caballus; Bos taurus,"Introduced 3/2015, smaller herbivores such as roe deer have free access to control and treatment",likely kept artifically constant,0.25 Equus caballus; 0.09 Bos taurus,0,individuals,hectare,7,,2555,1,2022,cumulative,plant_nutrients,vegetation,plants,higher_level,all plants,Belowground-P content,mg/g,mean,SD,"","",1.1,0.34,4,0.8,0.22,4,"","",JT,plant_p,142.5,419.117647058824,750,30.9195633007696,0.0427905475206612,0.318453731118535,0.551757705070535,0.910012791738974,0.747263769107815,0.910012791738974,2
dp_224,Kaštovská et al 2025 Science of The Total Environment,Trophic rewilding by large herbivores reduces plant nitrogen and water limitation across seven sites irrespective of their edaphic conditions,https://doi.org/10.1016/j.scitotenv.2025.179141,Mix,Rewilding in six areas for a couple of years,"",each area compared with one nearby control,Unkown,"no feeding or drugs, but likely population control somehow",distal comparison with and without,with_introduction,250,1,2500000,1,10000,4 per treatment,0.007854,16 per treatment,subplot,Europe,50.279,14.882,"",MTR,Equus caballus; Bison bonasus; Bos taurus,"Introduced 12/2015, smaller herbivores such as roe deer have free access to control and treatment",likely kept artifically constant,0.16 Equus caballus; 0.12 Bison bonasus; 0.02 Bos taurus,0,individuals,hectare,7,,2555,1,2022,cumulative,plant_nutrients,vegetation,plants,higher_level,all plants,Belowground-P content,mg/g,mean,SD,"","",0.6,0.07,4,0.8,0.22,4,"","",JT,plant_p,123,410,750,27.0882783257467,0.0223090277777778,-0.287682072451781,0.570779767617826,-1.06417868888886,0.823899341076276,-1.06417868888886,2
dp_225,Kaštovská et al 2025 Science of The Total Environment,Trophic rewilding by large herbivores reduces plant nitrogen and water limitation across seven sites irrespective of their edaphic conditions,https://doi.org/10.1016/j.scitotenv.2025.179141,Mix,Rewilding in six areas for a couple of years,"",each area compared with one nearby control,Unkown,"no feeding or drugs, but likely population control somehow",distal comparison with and without,with_introduction,30,1,300000,1,10000,4 per treatment,0.007854,16 per treatment,subplot,Europe,49.664,13.317,"",DOB,Equus caballus,"Introduced 1/2018, smaller herbivores such as roe deer have free access to control and treatment",likely kept artifically constant,0.2 Equus caballus,0,individuals,hectare,4,,1460,1,2022,cumulative,plant_nutrients,vegetation,plants,higher_level,all plants,Belowground-P content,mg/g,mean,SD,"","",1.6,0.36,4,1.6,0.55,4,"","",JT,plant_p,60,300,300,14.4168684848085,0.042197265625,0,0.5,0,0.666666666666667,0,2
dp_226,Kaštovská et al 2025 Science of The Total Environment,Trophic rewilding by large herbivores reduces plant nitrogen and water limitation across seven sites irrespective of their edaphic conditions,https://doi.org/10.1016/j.scitotenv.2025.179141,Mix,Rewilding in six areas for a couple of years,"",each area compared with one nearby control,Unkown,"no feeding or drugs, but likely population control somehow",distal comparison with and without,with_introduction,35,1,350000,1,10000,4 per treatment,0.007854,16 per treatment,subplot,Europe,48.81,15.992,"",HAV,Equus caballus,"Introduced 5/2018, smaller herbivores such as roe deer have free access to control and treatment",likely kept artifically constant,0.23 Equus caballus,0,individuals,hectare,4,,1460,1,2022,cumulative,plant_nutrients,vegetation,plants,higher_level,all plants,Belowground-P content,mg/g,mean,SD,"","",1.6,0.35,4,1.2,0.22,4,"","",JT,plant_p,69,300,300,16.5793987575298,0.0203656684027778,0.287682072451781,0.588298691960916,1.18860383281169,0.806531511436632,1.18860383281169,2
dp_227,Kaštovská et al 2025 Science of The Total Environment,Trophic rewilding by large herbivores reduces plant nitrogen and water limitation across seven sites irrespective of their edaphic conditions,https://doi.org/10.1016/j.scitotenv.2025.179141,Mix,Rewilding in six areas for a couple of years,"",each area compared with one nearby control,Unkown,"no feeding or drugs, but likely population control somehow",distal comparison with and without,with_introduction,29,1,290000,1,10000,4 per treatment,0.007854,16 per treatment,subplot,Europe,48.845,15.971,"",MAS,Equus caballus,"Introduced 5/2018, smaller herbivores such as roe deer have free access to control and treatment",likely kept artifically constant,0.31 Equus caballus,0,individuals,hectare,4,,1460,1,2022,cumulative,plant_nutrients,vegetation,plants,higher_level,all plants,Belowground-P content,mg/g,mean,SD,"","",1,0.13,4,1,0.1,4,"","",JT,plant_p,93,300,300,22.3461461514532,0.006725,0,0.5,0,0.666666666666667,0,2
dp_228,Kaštovská et al 2025 Science of The Total Environment,Trophic rewilding by large herbivores reduces plant nitrogen and water limitation across seven sites irrespective of their edaphic conditions,https://doi.org/10.1016/j.scitotenv.2025.179141,Mix,Rewilding in six areas for a couple of years,"",each area compared with one nearby control,Unkown,"no feeding or drugs, but likely population control somehow",distal comparison with and without,with_introduction,18,1,180000,1,10000,4 per treatment,0.007854,16 per treatment,subplot,Europe,50.1878,15.861,"",HRK,Equus caballus,"Introduced 1/2018, smaller herbivores such as roe deer have free access to control and treatment",likely kept artifically constant,0.17 Equus caballus,0,individuals,hectare,4,,1460,1,2022,cumulative,plant_nutrients,vegetation,plants,higher_level,all plants,Belowground-P content,mg/g,mean,SD,"","",0.7,0.1,4,1.3,0.41,4,"","",JT,plant_p,51,300,300,12.2543382120872,0.029968904721652,-0.619039208406224,0.690640395992538,-1.7464954439908,1.12115783683359,-1.7464954439908,2
dp_229,Kaštovská et al 2025 Science of The Total Environment,Trophic rewilding by large herbivores reduces plant nitrogen and water limitation across seven sites irrespective of their edaphic conditions,https://doi.org/10.1016/j.scitotenv.2025.179141,Mix,Rewilding in six areas for a couple of years,"",each area compared with one nearby control,Unkown,"no feeding or drugs, but likely population control somehow",distal comparison with and without,with_introduction,100,1,1000000,1,10000,4 per treatment,0.0625,16 per treatment,subplot,Europe,50.237,14.889,"",MBV,Equus caballus; Bos taurus,"Introduced 3/2015, smaller herbivores such as roe deer have free access to control and treatment",likely kept artifically constant,0.25 Equus caballus; 0.09 Bos taurus,0,individuals,hectare,7,,2555,1,2022,cumulative,plant_conditions,vegetation,plants,higher_level,all plants,relative leaf water content,"",mean,SD,"","",0.61,0.03,4,0.59,0.03,4,"","",JT,plant_relative_water_content,142.5,419.117647058824,750,30.9195633007696,0.00125104214910736,0.0333364202675919,0.520958675633501,0.579084458551609,0.694611567511334,0.579084458551609,1
dp_230,Kaštovská et al 2025 Science of The Total Environment,Trophic rewilding by large herbivores reduces plant nitrogen and water limitation across seven sites irrespective of their edaphic conditions,https://doi.org/10.1016/j.scitotenv.2025.179141,Mix,Rewilding in six areas for a couple of years,"",each area compared with one nearby control,Unkown,"no feeding or drugs, but likely population control somehow",distal comparison with and without,with_introduction,250,1,2500000,1,10000,4 per treatment,0.0625,16 per treatment,subplot,Europe,50.279,14.882,"",MTR,Equus caballus; Bison bonasus; Bos taurus,"Introduced 12/2015, smaller herbivores such as roe deer have free access to control and treatment",likely kept artifically constant,0.16 Equus caballus; 0.12 Bison bonasus; 0.02 Bos taurus,0,individuals,hectare,7,,2555,1,2022,cumulative,plant_conditions,vegetation,plants,higher_level,all plants,relative leaf water content,"",mean,SD,"","",0.55,0.01,4,0.51,0.02,4,"","",JT,plant_relative_water_content,123,410,750,27.0882783257467,0.000467112140594368,0.0755075525081453,0.80180492912241,2.19747101595415,1.21393960480864,2.19747101595415,1
dp_231,Kaštovská et al 2025 Science of The Total Environment,Trophic rewilding by large herbivores reduces plant nitrogen and water limitation across seven sites irrespective of their edaphic conditions,https://doi.org/10.1016/j.scitotenv.2025.179141,Mix,Rewilding in six areas for a couple of years,"",each area compared with one nearby control,Unkown,"no feeding or drugs, but likely population control somehow",distal comparison with and without,with_introduction,30,1,300000,1,10000,4 per treatment,0.0625,16 per treatment,subplot,Europe,49.664,13.317,"",DOB,Equus caballus,"Introduced 1/2018, smaller herbivores such as roe deer have free access to control and treatment",likely kept artifically constant,0.2 Equus caballus,0,individuals,hectare,4,,1460,1,2022,cumulative,plant_conditions,vegetation,plants,higher_level,all plants,relative leaf water content,"",mean,SD,"","",0.71,0.06,4,0.56,0.12,4,"","",JT,plant_relative_water_content,60,300,300,14.4168684848085,0.0132649518843443,0.237328186306166,0.617892550438441,1.37341938497134,0.880445158128373,1.37341938497134,1
dp_232,Kaštovská et al 2025 Science of The Total Environment,Trophic rewilding by large herbivores reduces plant nitrogen and water limitation across seven sites irrespective of their edaphic conditions,https://doi.org/10.1016/j.scitotenv.2025.179141,Mix,Rewilding in six areas for a couple of years,"",each area compared with one nearby control,Unkown,"no feeding or drugs, but likely population control somehow",distal comparison with and without,with_introduction,35,1,350000,1,10000,4 per treatment,0.0625,16 per treatment,subplot,Europe,48.81,15.992,"",HAV,Equus caballus,"Introduced 5/2018, smaller herbivores such as roe deer have free access to control and treatment",likely kept artifically constant,0.23 Equus caballus,0,individuals,hectare,4,,1460,1,2022,cumulative,plant_conditions,vegetation,plants,higher_level,all plants,relative leaf water content,"",mean,SD,"","",0.65,0.05,4,0.65,0.04,4,"","",JT,plant_relative_water_content,69,300,300,16.5793987575298,0.00242603550295858,0,0.5,0,0.666666666666667,0,1
dp_233,Kaštovská et al 2025 Science of The Total Environment,Trophic rewilding by large herbivores reduces plant nitrogen and water limitation across seven sites irrespective of their edaphic conditions,https://doi.org/10.1016/j.scitotenv.2025.179141,Mix,Rewilding in six areas for a couple of years,"",each area compared with one nearby control,Unkown,"no feeding or drugs, but likely population control somehow",distal comparison with and without,with_introduction,29,1,290000,1,10000,4 per treatment,0.0625,16 per treatment,subplot,Europe,48.845,15.971,"",MAS,Equus caballus,"Introduced 5/2018, smaller herbivores such as roe deer have free access to control and treatment",likely kept artifically constant,0.31 Equus caballus,0,individuals,hectare,4,,1460,1,2022,cumulative,plant_conditions,vegetation,plants,higher_level,all plants,relative leaf water content,"",mean,SD,"","",0.71,0.03,4,0.67,0.03,4,"","",JT,plant_relative_water_content,93,300,300,22.3461461514532,0.000947565229099994,0.0579872576503493,0.583834702534002,1.15816891710322,0.778446270045336,1.15816891710322,1
dp_234,Kaštovská et al 2025 Science of The Total Environment,Trophic rewilding by large herbivores reduces plant nitrogen and water limitation across seven sites irrespective of their edaphic conditions,https://doi.org/10.1016/j.scitotenv.2025.179141,Mix,Rewilding in six areas for a couple of years,"",each area compared with one nearby control,Unkown,"no feeding or drugs, but likely population control somehow",distal comparison with and without,with_introduction,18,1,180000,1,10000,4 per treatment,0.0625,16 per treatment,subplot,Europe,50.1878,15.861,"",HRK,Equus caballus,"Introduced 1/2018, smaller herbivores such as roe deer have free access to control and treatment",likely kept artifically constant,0.17 Equus caballus,0,individuals,hectare,4,,1460,1,2022,cumulative,plant_conditions,vegetation,plants,higher_level,all plants,relative leaf water content,"",mean,SD,"","",0.63,0.09,4,0.7,0.03,4,"","",JT,plant_relative_water_content,51,300,300,12.2543382120872,0.00556122448979592,-0.105360515657826,0.551348755302077,-0.906410549824539,0.77894927826054,-0.906410549824539,1
dp_235,Gardiner & Crisp 2025 Journal of Orthoptera Research,Initial response of Orthoptera to beaver (Castor fiber) reintroductions in post-arable enclosures,https://doi.org/10.3897/jor.34.154843,Wild Native,"Beaver reintrodction, them comparing orthoptera abundance and diversity between introduction enclosures and nearby controls","","","formerly arable farmland, cropping ceased 2018, before than agriculture with N fertilizer","no conservation management, but deer was removed from beaver enclosures prior to reintroduction",distal comparison with and without,with_introduction,20,2,200000,2,100,4 per treatment,,"",plot/transect,Europe,51.97703171,0.437320884,"medium, capture estate, but not exact study sites",Spains Hall Estate,Castor fiber,Introduced 2023. Slightly unclear if they introduced one pair of beavers per enclosures or one for both. Assuming one per here.,"",0.2 Castor fiber,0,individuals,hectare,1.5,,547,1,2024,cumulative,diversity,arthropods,orthoptera,higher_level,orthoptera,species richness,"",mean,SE,"","",8.5,0.5,4,6,1,4,east of river,"",JT,invertebrate_richness,3.8,19,19,1.82009977668558,0.0312379853902345,0.348306694268216,0.617892550438441,1.37341938497134,0.880445158128373,1.37341938497134,4
dp_236,Gardiner & Crisp 2025 Journal of Orthoptera Research,Initial response of Orthoptera to beaver (Castor fiber) reintroductions in post-arable enclosures,https://doi.org/10.3897/jor.34.154843,Wild Native,"Beaver reintrodction, them comparing orthoptera abundance and diversity between introduction enclosures and nearby controls","","","formerly arable farmland, cropping ceased 2018, before than agriculture with N fertilizer","no conservation management, but deer was removed from beaver enclosures prior to reintroduction",distal comparison with and without,with_introduction,20,2,200000,2,100,4 per treatment,,"",plot/transect,Europe,51.97703171,0.437320884,"medium, capture estate, but not exact study sites",Spains Hall Estate,Castor fiber,Introduced 2023. Slightly unclear if they introduced one pair of beavers per enclosures or one for both. Assuming one per here.,"",0.2 Castor fiber,0,individuals,hectare,1.5,,547,1,2024,cumulative,diversity,arthropods,orthoptera,higher_level,orthoptera,species richness,"",mean,SE,"","",7.5,1.5,4,7,1,4,west of river,"",JT,invertebrate_richness,3.8,19,19,1.82009977668558,0.0604081632653061,0.0689928714869514,0.501813731545207,0.170351708894594,0.669442713370968,0.170351708894594,4
dp_237,Gardiner & Crisp 2025 Journal of Orthoptera Research,Initial response of Orthoptera to beaver (Castor fiber) reintroductions in post-arable enclosures,https://doi.org/10.3897/jor.34.154843,Wild Native,"Beaver reintrodction, them comparing orthoptera abundance and diversity between introduction enclosures and nearby controls","","","formerly arable farmland, cropping ceased 2018, before than agriculture with N fertilizer","no conservation management, but deer was removed from beaver enclosures prior to reintroduction",distal comparison with and without,with_introduction,20,2,200000,2,100,4 per treatment,,"",plot/transect,Europe,51.97703171,0.437320884,"medium, capture estate, but not exact study sites",Spains Hall Estate,Castor fiber,Introduced 2023. Slightly unclear if they introduced one pair of beavers per enclosures or one for both. Assuming one per here.,"",0.2 Castor fiber,0,individuals,hectare,1.5,,547,1,2024,cumulative,diversity,arthropods,orthoptera,higher_level,orthoptera,shannon diversity,"",mean,SE,"","",1.8,0.1,4,1.2,0,4,east of river,"",JT,invertebrate_diversity,3.8,19,19,1.82009977668558,0.00308641975308642,0.405465108108164,1.34882636315678,3.68527092769425,2.93020363508473,3.68527092769425,1
dp_238,Gardiner & Crisp 2025 Journal of Orthoptera Research,Initial response of Orthoptera to beaver (Castor fiber) reintroductions in post-arable enclosures,https://doi.org/10.3897/jor.34.154843,Wild Native,"Beaver reintrodction, them comparing orthoptera abundance and diversity between introduction enclosures and nearby controls","","","formerly arable farmland, cropping ceased 2018, before than agriculture with N fertilizer","no conservation management, but deer was removed from beaver enclosures prior to reintroduction",distal comparison with and without,with_introduction,20,2,200000,2,100,4 per treatment,,"",plot/transect,Europe,51.97703171,0.437320884,"medium, capture estate, but not exact study sites",Spains Hall Estate,Castor fiber,Introduced 2023. Slightly unclear if they introduced one pair of beavers per enclosures or one for both. Assuming one per here.,"",0.2 Castor fiber,0,individuals,hectare,1.5,,547,1,2024,cumulative,diversity,arthropods,orthoptera,higher_level,orthoptera,shannon diversity,"",mean,SE,"","",1.3,0.3,4,1.2,0,4,west of river,"",JT,invertebrate_diversity,3.8,19,19,1.82009977668558,0.0532544378698225,0.0800427076735366,0.502619834454188,0.204737273760792,0.673652891877834,0.204737273760792,1
dp_239,Gardiner & Crisp 2025 Journal of Orthoptera Research,Initial response of Orthoptera to beaver (Castor fiber) reintroductions in post-arable enclosures,https://doi.org/10.3897/jor.34.154843,Wild Native,"Beaver reintrodction, them comparing orthoptera abundance and diversity between introduction enclosures and nearby controls","","","formerly arable farmland, cropping ceased 2018, before than agriculture with N fertilizer","no conservation management, but deer was removed from beaver enclosures prior to reintroduction",distal comparison with and without,with_introduction,20,2,200000,2,100,4 per treatment,,"",plot/transect,Europe,51.97703171,0.437320884,"medium, capture estate, but not exact study sites",Spains Hall Estate,Castor fiber,Introduced 2023. Slightly unclear if they introduced one pair of beavers per enclosures or one for both. Assuming one per here.,"",0.2 Castor fiber,0,individuals,hectare,1.5,,547,1,2024,cumulative,vegetation_structure,vegetation,plants,higher_level,all plants,vegetation height,cm,mean,SE,"","",54.5,8.2,4,81.9,4.7,4,east of river,"",JT,plant_height,3.8,19,19,1.82009977668558,0.0259310994544428,-0.407298289189825,0.698161896713677,-1.78061515983068,0.998378791960343,-1.78061515983068,7
dp_240,Gardiner & Crisp 2025 Journal of Orthoptera Research,Initial response of Orthoptera to beaver (Castor fiber) reintroductions in post-arable enclosures,https://doi.org/10.3897/jor.34.154843,Wild Native,"Beaver reintrodction, them comparing orthoptera abundance and diversity between introduction enclosures and nearby controls","","","formerly arable farmland, cropping ceased 2018, before than agriculture with N fertilizer","no conservation management, but deer was removed from beaver enclosures prior to reintroduction",distal comparison with and without,with_introduction,20,2,200000,2,100,4 per treatment,,"",plot/transect,Europe,51.97703171,0.437320884,"medium, capture estate, but not exact study sites",Spains Hall Estate,Castor fiber,Introduced 2023. Slightly unclear if they introduced one pair of beavers per enclosures or one for both. Assuming one per here.,"",0.2 Castor fiber,0,individuals,hectare,1.5,,547,1,2024,cumulative,vegetation_structure,vegetation,plants,higher_level,all plants,vegetation height,cm,mean,SE,"","",74.1,2,4,78,2.4,4,west of river,"",JT,plant_height,3.8,19,19,1.82009977668558,0.00167523552991271,-0.0512932943875506,0.536744788773949,-0.766757210845244,0.717252881293384,-0.766757210845244,7
dp_241,Ribeiro et al 2025 Frontiers in Ecology and Evolution,"Semi-wild horse grazing as a rewilding strategy: assessing effects on vegetation structure and composition in the Côa Valley, Portuga",https://doi.org/10.3389/fevo.2025.1596560,Semi-Domestic,"Semi wild horses reindtroduced in 2020/2021, data collected in and outside exclosures established parallel to introductions","","","Site 1 and Site 2 were grazed by small ruminants (sheep and goats) for the 40–60 years prior to being grazed by cattle in 2010 and 2005, respectively (Supplementary Table S1). The sites were then acquisitioned by Rewilding Portugal in 2020 and 2021, respectively.",population ctntrol,inside vs outside exclosure,with_introduction,65,1,100,8,100,"8 per site, clustered in pairs (4 sites within sites, 2 exclosures at each)",1,4,plot,Europe,40.4792853,-6.944413619,ok,Vale Carapito (Site 1),Equus caballus,Introduced 2021,"10 horses introduced, in 22 reduced to 5-6",0.11 Equus caballus,0,individuals,hectare,2,,730,1,2023,cumulative,vegetation_structure,vegetation,shrubs,higher_level,shrubs,shrub cover,%,mean,SE,Fig_2,"focus on 2023, ignore baseline",34.8,5.714286,8,48.2,8.7,8,Vale Carapito (Site 1),"",JT,plant_cover,33,300,300,7.92927766664469,0.0595423300892409,-0.325741634276126,0.261569818668677,-0.608468731651555,0.301023342217999,-0.608468731651555,7
dp_242,Ribeiro et al 2025 Frontiers in Ecology and Evolution,"Semi-wild horse grazing as a rewilding strategy: assessing effects on vegetation structure and composition in the Côa Valley, Portuga",https://doi.org/10.3389/fevo.2025.1596560,Semi-Domestic,"Semi wild horses reindtroduced in 2020/2021, data collected in and outside exclosures established parallel to introductions","","","Site 1 and Site 2 were grazed by small ruminants (sheep and goats) for the 40–60 years prior to being grazed by cattle in 2010 and 2005, respectively (Supplementary Table S1). The sites were then acquisitioned by Rewilding Portugal in 2020 and 2021, respectively.",population ctntrol,inside vs outside exclosure,with_introduction,65,1,100,8,100,"8 per site, clustered in pairs (4 sites within sites, 2 exclosures at each)",1,4,plot,Europe,40.4792853,-6.944413619,ok,Vale Carapito (Site 1),Equus caballus,Introduced 2021,"10 horses introduced, in 22 reduced to 5-6",0.11 Equus caballus,0,individuals,hectare,3,,1095,2,2024,cumulative,vegetation_structure,vegetation,shrubs,higher_level,shrubs,shrub cover,%,mean,SE,Fig_2,ignore baseline,37.7,5.1,8,48.7,7.2,8,Vale Carapito (Site 1),"",JT,plant_cover,33,300,300,7.92927766664469,0.0401581078448295,-0.256018935634579,0.260850376909977,-0.589247028943949,0.299479828675165,-0.589247028943949,7
dp_243,Ribeiro et al 2025 Frontiers in Ecology and Evolution,"Semi-wild horse grazing as a rewilding strategy: assessing effects on vegetation structure and composition in the Côa Valley, Portuga",https://doi.org/10.3389/fevo.2025.1596560,Semi-Domestic,"Semi wild horses reindtroduced in 2020/2021, data collected in and outside exclosures established parallel to introductions","","","Site 1 and Site 2 were grazed by small ruminants (sheep and goats) for the 40–60 years prior to being grazed by cattle in 2010 and 2005, respectively (Supplementary Table S1). The sites were then acquisitioned by Rewilding Portugal in 2020 and 2021, respectively.",population ctntrol,inside vs outside exclosure,with_introduction,65,1,100,8,100,"8 per site, clustered in pairs (4 sites within sites, 2 exclosures at each)",5,4,plot,Europe,40.4792853,-6.944413619,ok,Vale Carapito (Site 1),Equus caballus,Introduced 2021,"10 horses introduced, in 22 reduced to 5-6",0.11 Equus caballus,0,individuals,hectare,2,,730,1,2023,cumulative,vegetation_structure,vegetation,shrubs,higher_level,shrubs,shrub height,cm,mean,SE,Fig_2,"focus on 2023, ignore baseline",85.6,2.8,8,85.2,11.1,8,Vale Carapito (Site 1),"",JT,plant_height,33,300,300,7.92927766664469,0.0180432812280899,0.00468384931242622,0.2500085231676,0.0165148830815772,0.285731575742946,0.0165148830815772,7
dp_244,Ribeiro et al 2025 Frontiers in Ecology and Evolution,"Semi-wild horse grazing as a rewilding strategy: assessing effects on vegetation structure and composition in the Côa Valley, Portuga",https://doi.org/10.3389/fevo.2025.1596560,Semi-Domestic,"Semi wild horses reindtroduced in 2020/2021, data collected in and outside exclosures established parallel to introductions","","","Site 1 and Site 2 were grazed by small ruminants (sheep and goats) for the 40–60 years prior to being grazed by cattle in 2010 and 2005, respectively (Supplementary Table S1). The sites were then acquisitioned by Rewilding Portugal in 2020 and 2021, respectively.",population ctntrol,inside vs outside exclosure,with_introduction,65,1,100,8,100,"8 per site, clustered in pairs (4 sites within sites, 2 exclosures at each)",5,4,plot,Europe,40.4792853,-6.944413619,ok,Vale Carapito (Site 1),Equus caballus,Introduced 2021,"10 horses introduced, in 22 reduced to 5-6",0.11 Equus caballus,0,individuals,hectare,3,,1095,2,2024,cumulative,vegetation_structure,vegetation,shrubs,higher_level,shrubs,shrub height,cm,mean,SE,Fig_2,ignore baseline,93.7,7.8,8,104.4,7.2,8,Vale Carapito (Site 1),"",JT,plant_height,33,300,300,7.92927766664469,0.0116858722022191,-0.108131486204162,0.257093144188117,-0.476424825150547,0.293872451875689,-0.476424825150547,7
dp_245,Ribeiro et al 2025 Frontiers in Ecology and Evolution,"Semi-wild horse grazing as a rewilding strategy: assessing effects on vegetation structure and composition in the Côa Valley, Portuga",https://doi.org/10.3389/fevo.2025.1596560,Semi-Domestic,"Semi wild horses reindtroduced in 2020/2021, data collected in and outside exclosures established parallel to introductions","","","Site 1 and Site 2 were grazed by small ruminants (sheep and goats) for the 40–60 years prior to being grazed by cattle in 2010 and 2005, respectively (Supplementary Table S1). The sites were then acquisitioned by Rewilding Portugal in 2020 and 2021, respectively.",population ctntrol,inside vs outside exclosure,with_introduction,65,1,100,4,100,"8 per site, clustered in pairs (4 sites within sites, 2 exclosures at each)",0.16,4,plot,Europe,40.4792853,-6.944413619,ok,Vale Carapito (Site 1),Equus caballus,Introduced 2021,"10 horses introduced, in 22 reduced to 5-6",0.11 Equus caballus,0,individuals,hectare,2,,730,1,2023,cumulative,biomass,vegetation,shrubs,higher_level,shrubs,shrub biomass,t/ha,mean,SE,Fig_2,"focus on 2023, ignore baseline",11,1.7,4,13.3,1.99,4,Vale Carapito (Site 1),"",JT,plant_biomass,33,300,300,7.92927766664469,0.0462716568965445,-0.189868762429338,0.518208539782466,-0.539756089840084,0.691537192979305,-0.539756089840084,5
dp_246,Ribeiro et al 2025 Frontiers in Ecology and Evolution,"Semi-wild horse grazing as a rewilding strategy: assessing effects on vegetation structure and composition in the Côa Valley, Portuga",https://doi.org/10.3389/fevo.2025.1596560,Semi-Domestic,"Semi wild horses reindtroduced in 2020/2021, data collected in and outside exclosures established parallel to introductions","","","Site 1 and Site 2 were grazed by small ruminants (sheep and goats) for the 40–60 years prior to being grazed by cattle in 2010 and 2005, respectively (Supplementary Table S1). The sites were then acquisitioned by Rewilding Portugal in 2020 and 2021, respectively.",population ctntrol,inside vs outside exclosure,with_introduction,65,1,100,4,100,"8 per site, clustered in pairs (4 sites within sites, 2 exclosures at each)",0.16,4,plot,Europe,40.4792853,-6.944413619,ok,Vale Carapito (Site 1),Equus caballus,Introduced 2021,"10 horses introduced, in 22 reduced to 5-6",0.11 Equus caballus,0,individuals,hectare,3,,1095,2,2024,cumulative,biomass,vegetation,shrubs,higher_level,shrubs,shrub biomass,t/ha,mean,SE,Fig_2,ignore baseline,12.6,1.3,4,14.4,1.99,4,Vale Carapito (Site 1),"",JT,plant_biomass,33,300,300,7.92927766664469,0.0297427032155455,-0.133531392624523,0.513520888600929,-0.465117423469457,0.687604710384787,-0.465117423469457,5
dp_247,Ribeiro et al 2025 Frontiers in Ecology and Evolution,"Semi-wild horse grazing as a rewilding strategy: assessing effects on vegetation structure and composition in the Côa Valley, Portuga",https://doi.org/10.3389/fevo.2025.1596560,Semi-Domestic,"Semi wild horses reindtroduced in 2020/2021, data collected in and outside exclosures established parallel to introductions","","","Site 1 and Site 2 were grazed by small ruminants (sheep and goats) for the 40–60 years prior to being grazed by cattle in 2010 and 2005, respectively (Supplementary Table S1). The sites were then acquisitioned by Rewilding Portugal in 2020 and 2021, respectively.",population ctntrol,inside vs outside exclosure,with_introduction,65,1,100,8,100,"8 per site, clustered in pairs (4 sites within sites, 2 exclosures at each)",5,4,plot,Europe,40.4792853,-6.944413619,ok,Vale Carapito (Site 1),Equus caballus,Introduced 2021,"10 horses introduced, in 22 reduced to 5-6",0.11 Equus caballus,0,individuals,hectare,3,,1095,2,2024,cumulative,vegetation_structure,vegetation,grass,higher_level,grass,grass height,cm,mean,SE,Fig_2,ignore baseline,31.8,5.2,8,55.8,10.4,8,Vale Carapito (Site 1),"",JT,plant_height,33,300,300,7.92927766664469,0.0614769262766194,-0.562307579601134,0.279741568123529,-0.975566594319899,0.331941180169142,-0.975566594319899,7
dp_248,Ribeiro et al 2025 Frontiers in Ecology and Evolution,"Semi-wild horse grazing as a rewilding strategy: assessing effects on vegetation structure and composition in the Côa Valley, Portuga",https://doi.org/10.3389/fevo.2025.1596560,Semi-Domestic,"Semi wild horses reindtroduced in 2020/2021, data collected in and outside exclosures established parallel to introductions","","","Site 1 and Site 2 were grazed by small ruminants (sheep and goats) for the 40–60 years prior to being grazed by cattle in 2010 and 2005, respectively (Supplementary Table S1). The sites were then acquisitioned by Rewilding Portugal in 2020 and 2021, respectively.",population ctntrol,inside vs outside exclosure,with_introduction,65,1,100,8,100,"8 per site, clustered in pairs (4 sites within sites, 2 exclosures at each)",5,4,plot,Europe,40.4792853,-6.944413619,ok,Vale Carapito (Site 1),Equus caballus,Introduced 2021,"10 horses introduced, in 22 reduced to 5-6",0.11 Equus caballus,0,individuals,hectare,2,,730,1,2023,cumulative,vegetation_structure,vegetation,grass,higher_level,grass,grass height,cm,mean,SE,Fig_2,"focus on 2023, ignore baseline",51.1,9.4,8,100.5,15.1,8,Vale Carapito (Site 1),"",JT,plant_height,33,300,300,7.92927766664469,0.0564134071938635,-0.676373230289472,0.303848879952548,-1.31269347468536,0.359246987313058,-1.31269347468536,7
dp_249,Ribeiro et al 2025 Frontiers in Ecology and Evolution,"Semi-wild horse grazing as a rewilding strategy: assessing effects on vegetation structure and composition in the Côa Valley, Portuga",https://doi.org/10.3389/fevo.2025.1596560,Semi-Domestic,"Semi wild horses reindtroduced in 2020/2021, data collected in and outside exclosures established parallel to introductions","","","Site 1 and Site 2 were grazed by small ruminants (sheep and goats) for the 40–60 years prior to being grazed by cattle in 2010 and 2005, respectively (Supplementary Table S1). The sites were then acquisitioned by Rewilding Portugal in 2020 and 2021, respectively.",population ctntrol,inside vs outside exclosure,with_introduction,330,1,100,12,100,"12 per site, clustered in pairs (4 sites within sites, 2 exclosures at each)",5,4,plot,Europe,40.77166087,-7.004062764,ok,Ermo das Águias (Site 2),Equus caballus,Introduced 2022,"",0.05 Equus caballus,0,individuals,hectare,1,,365,1,2023,cumulative,vegetation_structure,vegetation,shrubs,higher_level,shrubs,shrub height,cm,mean,SE,Fig_3,"focus on 2023, ignore baseline",75.6,2.97,12,69.2,4.5,12,Ermo das Águias (Site 2),"",JT,plant_height,15,300,300,3.60421712120213,0.00577212540768254,0.0884554205618634,0.171226711887282,0.467848448313697,0.187561667681754,0.467848448313697,7
dp_250,Ribeiro et al 2025 Frontiers in Ecology and Evolution,"Semi-wild horse grazing as a rewilding strategy: assessing effects on vegetation structure and composition in the Côa Valley, Portuga",https://doi.org/10.3389/fevo.2025.1596560,Semi-Domestic,"Semi wild horses reindtroduced in 2020/2021, data collected in and outside exclosures established parallel to introductions","","","Site 1 and Site 2 were grazed by small ruminants (sheep and goats) for the 40–60 years prior to being grazed by cattle in 2010 and 2005, respectively (Supplementary Table S1). The sites were then acquisitioned by Rewilding Portugal in 2020 and 2021, respectively.",population ctntrol,inside vs outside exclosure,with_introduction,330,1,100,12,100,"12 per site, clustered in pairs (4 sites within sites, 2 exclosures at each)",5,4,plot,Europe,40.77166087,-7.004062764,ok,Ermo das Águias (Site 2),Equus caballus,Introduced 2022,"",0.05 Equus caballus,0,individuals,hectare,2,,730,2,2024,cumulative,vegetation_structure,vegetation,shrubs,higher_level,shrubs,shrub height,cm,mean,SE,Fig_3,ignore baseline,84.7,5.6,12,78.9,5.3,12,Ermo das Águias (Site 2),"",JT,plant_height,15,300,300,3.60421712120213,0.0088835836914463,0.07093437380618,0.168498018581451,0.296487591493564,0.183822064656175,0.296487591493564,7
dp_251,Ribeiro et al 2025 Frontiers in Ecology and Evolution,"Semi-wild horse grazing as a rewilding strategy: assessing effects on vegetation structure and composition in the Côa Valley, Portuga",https://doi.org/10.3389/fevo.2025.1596560,Semi-Domestic,"Semi wild horses reindtroduced in 2020/2021, data collected in and outside exclosures established parallel to introductions","","","Site 1 and Site 2 were grazed by small ruminants (sheep and goats) for the 40–60 years prior to being grazed by cattle in 2010 and 2005, respectively (Supplementary Table S1). The sites were then acquisitioned by Rewilding Portugal in 2020 and 2021, respectively.",population ctntrol,inside vs outside exclosure,with_introduction,330,1,100,12,100,"12 per site, clustered in pairs (4 sites within sites, 2 exclosures at each)",5,4,plot,Europe,40.77166087,-7.004062764,ok,Ermo das Águias (Site 2),Equus caballus,Introduced 2022,"",0.05 Equus caballus,0,individuals,hectare,1,,365,1,2023,cumulative,vegetation_structure,vegetation,grass,higher_level,grass,grass height,cm,mean,SE,Fig_3,"focus on 2023, ignore baseline",25.3,3.6,12,34.2,3.3,12,Ermo das Águias (Site 2),"",JT,plant_height,15,300,300,3.60421712120213,0.029557709838636,-0.301421248335085,0.177415449996337,-0.718290748808711,0.19363245799345,-0.718290748808711,7
dp_252,Ribeiro et al 2025 Frontiers in Ecology and Evolution,"Semi-wild horse grazing as a rewilding strategy: assessing effects on vegetation structure and composition in the Côa Valley, Portuga",https://doi.org/10.3389/fevo.2025.1596560,Semi-Domestic,"Semi wild horses reindtroduced in 2020/2021, data collected in and outside exclosures established parallel to introductions","","","Site 1 and Site 2 were grazed by small ruminants (sheep and goats) for the 40–60 years prior to being grazed by cattle in 2010 and 2005, respectively (Supplementary Table S1). The sites were then acquisitioned by Rewilding Portugal in 2020 and 2021, respectively.",population ctntrol,inside vs outside exclosure,with_introduction,330,1,100,12,100,"12 per site, clustered in pairs (4 sites within sites, 2 exclosures at each)",5,4,plot,Europe,40.77166087,-7.004062764,ok,Ermo das Águias (Site 2),Equus caballus,Introduced 2022,"",0.05 Equus caballus,0,individuals,hectare,2,,730,2,2024,cumulative,vegetation_structure,vegetation,grass,higher_level,grass,grass height,cm,mean,SE,Fig_3,ignore baseline,38.67,4.4,12,60.9,8.4,12,Ermo das Águias (Site 2),"",JT,plant_height,15,300,300,3.60421712120213,0.0319716083906736,-0.454169069096646,0.184453158851594,-0.923986809903973,0.207512432388577,-0.923986809903973,7
dp_253,Ribeiro et al 2025 Frontiers in Ecology and Evolution,"Semi-wild horse grazing as a rewilding strategy: assessing effects on vegetation structure and composition in the Côa Valley, Portuga",https://doi.org/10.3389/fevo.2025.1596560,Semi-Domestic,"Semi wild horses reindtroduced in 2020/2021, data collected in and outside exclosures established parallel to introductions","","","Site 1 and Site 2 were grazed by small ruminants (sheep and goats) for the 40–60 years prior to being grazed by cattle in 2010 and 2005, respectively (Supplementary Table S1). The sites were then acquisitioned by Rewilding Portugal in 2020 and 2021, respectively.",population ctntrol,inside vs outside exclosure,with_introduction,65,1,100,8,100,"8 per site, clustered in pairs (4 sites within sites, 2 exclosures at each)",1,4,plot,Europe,40.4792853,-6.944413619,ok,Vale Carapito (Site 1),Equus caballus,Introduced 2021,"10 horses introduced, in 22 reduced to 5-6",0.11 Equus caballus,0,individuals,hectare,3,,1095,2,2024,cumulative,diversity,vegetation,plants,higher_level,all plants,species richness,species per 100m2,mean,SD,Fig_4a,ignore baseline,24.2,9.2,8,22.5,5.4,8,"","",JT,plant_richness,33,300,300,7.92927766664469,0.0252657058944061,0.0728373239522663,0.251418285421521,0.213037868672815,0.287720434509018,0.213037868672815,18
dp_254,Ribeiro et al 2025 Frontiers in Ecology and Evolution,"Semi-wild horse grazing as a rewilding strategy: assessing effects on vegetation structure and composition in the Côa Valley, Portuga",https://doi.org/10.3389/fevo.2025.1596560,Semi-Domestic,"Semi wild horses reindtroduced in 2020/2021, data collected in and outside exclosures established parallel to introductions","","","Site 1 and Site 2 were grazed by small ruminants (sheep and goats) for the 40–60 years prior to being grazed by cattle in 2010 and 2005, respectively (Supplementary Table S1). The sites were then acquisitioned by Rewilding Portugal in 2020 and 2021, respectively.",population ctntrol,inside vs outside exclosure,with_introduction,330,1,100,12,100,"12 per site, clustered in pairs (4 sites within sites, 2 exclosures at each)",1,4,plot,Europe,40.77166087,-7.004062764,ok,Ermo das Águias (Site 2),Equus caballus,Introduced 2022,"",0.05 Equus caballus,0,individuals,hectare,2,,730,2,2024,cumulative,diversity,vegetation,plants,higher_level,all plants,species richness,species per 100m2,mean,SD,Fig_4b,ignore baseline,29.3,5.6,12,28,7.8,12,"","",JT,plant_richness,15,300,300,3.60421712120213,0.00951094130589836,0.0453830058478178,0.167378543251539,0.184851497353592,0.182674168219027,0.184851497353592,18
dp_255,Alaniz et al 2024 Journal of Insect Conservation,Ground-dwelling invertebrate community responses to bison and prescribed fire management in tallgrass prairies,https://doi.org/10.1007/s10841-024-00614-y,Wild Native,"Bison were reintroduced into the grasslands in October 2014, they compared sites with and without bison and with varying fire regimes",unclear if abundance is standardized by trapdays,"",restored tallgrass prairies,artifical burning,distal comparison with and without,with_introduction,800,1,5.6 to 20.6 ha,8,0.045,"5 pitfalls per site/treatment, but pooled eventually. Plot size is the sum of pitfall areas.",0.009,5,treatment,North America,41.88436596,-89.3431613,visitor center of site,Nachusa Grasslands,Bison bison,Introduced 2014,"",0.16 Bison bison,0,individuals,hectare,3,,1095,1,2017,cumulative,abundance,invertebrates,ground-dwelling invertebrates,higher_level,All Arachnids,abundance,total captured individuals,mean,SD,"","",201.125,64.69585436,8,180.0833333,113.0498348,12,"","",JT,invertebrate_abundance,92.680848,579.2553,579.2553,18.8917632656944,0.0457745761723938,0.110506898778761,0.20940889753915,0.20741882323613,0.208892588984858,0.218782669167722,6
dp_256,Alaniz et al 2024 Journal of Insect Conservation,Ground-dwelling invertebrate community responses to bison and prescribed fire management in tallgrass prairies,https://doi.org/10.1007/s10841-024-00614-y,Wild Native,"Bison were reintroduced into the grasslands in October 2014, they compared sites with and without bison and with varying fire regimes",unclear if abundance is standardized by trapdays,"",restored tallgrass prairies,artifical burning,distal comparison with and without,with_introduction,800,1,5.6 to 20.6 ha,8,0.045,"5 pitfalls per site/treatment, but pooled eventually. Plot size is the sum of pitfall areas.",0.009,5,treatment,North America,41.88436596,-89.3431613,visitor center of site,Nachusa Grasslands,Bison bison,Introduced 2014,"",0.16 Bison bison,0,individuals,hectare,4,,1460,2,2018,cumulative,abundance,invertebrates,ground-dwelling invertebrates,higher_level,All Arachnids,abundance,total captured individuals,mean,SD,"","",189.6666667,137.0221393,8,197.4166667,101.9531607,12,"","",JT,invertebrate_abundance,92.680848,579.2553,579.2553,18.8917632656944,0.0874648775038376,-0.0400484089056646,0.20843419063846,-0.0635160783193012,0.24882485827984,-0.0614550107611987,6
dp_257,Alaniz et al 2024 Journal of Insect Conservation,Ground-dwelling invertebrate community responses to bison and prescribed fire management in tallgrass prairies,https://doi.org/10.1007/s10841-024-00614-y,Wild Native,"Bison were reintroduced into the grasslands in October 2014, they compared sites with and without bison and with varying fire regimes",unclear if abundance is standardized by trapdays,"",restored tallgrass prairies,artifical burning,distal comparison with and without,with_introduction,800,1,5.6 to 20.6 ha,8,0.045,"5 pitfalls per site/treatment, but pooled eventually. Plot size is the sum of pitfall areas.",0.009,5,treatment,North America,41.88436596,-89.3431613,visitor center of site,Nachusa Grasslands,Bison bison,Introduced 2014,"",0.16 Bison bison,0,individuals,hectare,3,,1095,1,2017,cumulative,abundance,invertebrates,ground-dwelling invertebrates,higher_level,All Orthopterans,abundance,total captured individuals,mean,SD,"","",29.375,19.76242828,8,10.66666667,9.613752775,12,"","",JT,invertebrate_abundance,92.680848,579.2553,579.2553,18.8917632656944,0.12426988042881,1.01302035802021,0.246845602015998,1.24116507657386,0.330126358833421,1.15290015869844,6
dp_258,Alaniz et al 2024 Journal of Insect Conservation,Ground-dwelling invertebrate community responses to bison and prescribed fire management in tallgrass prairies,https://doi.org/10.1007/s10841-024-00614-y,Wild Native,"Bison were reintroduced into the grasslands in October 2014, they compared sites with and without bison and with varying fire regimes",unclear if abundance is standardized by trapdays,"",restored tallgrass prairies,artifical burning,distal comparison with and without,with_introduction,800,1,5.6 to 20.6 ha,8,0.045,"5 pitfalls per site/treatment, but pooled eventually. Plot size is the sum of pitfall areas.",0.009,5,treatment,North America,41.88436596,-89.3431613,visitor center of site,Nachusa Grasslands,Bison bison,Introduced 2014,"",0.16 Bison bison,0,individuals,hectare,4,,1460,2,2018,cumulative,abundance,invertebrates,ground-dwelling invertebrates,higher_level,All Orthopterans,abundance,total captured individuals,mean,SD,"","",42.16666667,37.51488593,8,8.166666667,3.511884584,12,"","",JT,invertebrate_abundance,92.680848,579.2553,579.2553,18.8917632656944,0.114351800782464,1.64156919065513,0.25610116600399,1.38228553737145,0.389649095549949,1.22208331976792,6
dp_259,Alaniz et al 2024 Journal of Insect Conservation,Ground-dwelling invertebrate community responses to bison and prescribed fire management in tallgrass prairies,https://doi.org/10.1007/s10841-024-00614-y,Wild Native,"Bison were reintroduced into the grasslands in October 2014, they compared sites with and without bison and with varying fire regimes",unclear if abundance is standardized by trapdays,"",restored tallgrass prairies,artifical burning,distal comparison with and without,with_introduction,800,1,5.6 to 20.6 ha,8,0.045,"5 pitfalls per site/treatment, but pooled eventually. Plot size is the sum of pitfall areas.",0.009,5,treatment,North America,41.88436596,-89.3431613,visitor center of site,Nachusa Grasslands,Bison bison,Introduced 2014,"",0.16 Bison bison,0,individuals,hectare,3,,1095,1,2017,cumulative,abundance,invertebrates,ground-dwelling invertebrates,higher_level,Ants,abundance,total captured individuals,mean,SD,"","",168.625,97.1183924,8,210.9166667,104.6869431,12,"","",JT,invertebrate_abundance,92.680848,579.2553,579.2553,18.8917632656944,0.0619934669767906,-0.223785796387244,0.21228950274007,-0.397802433714863,0.234446103332667,-0.401099506412626,6
dp_260,Alaniz et al 2024 Journal of Insect Conservation,Ground-dwelling invertebrate community responses to bison and prescribed fire management in tallgrass prairies,https://doi.org/10.1007/s10841-024-00614-y,Wild Native,"Bison were reintroduced into the grasslands in October 2014, they compared sites with and without bison and with varying fire regimes",unclear if abundance is standardized by trapdays,"",restored tallgrass prairies,artifical burning,distal comparison with and without,with_introduction,800,1,5.6 to 20.6 ha,8,0.045,"5 pitfalls per site/treatment, but pooled eventually. Plot size is the sum of pitfall areas.",0.009,5,treatment,North America,41.88436596,-89.3431613,visitor center of site,Nachusa Grasslands,Bison bison,Introduced 2014,"",0.16 Bison bison,0,individuals,hectare,3,,1095,1,2017,cumulative,abundance,invertebrates,ground-dwelling invertebrates,higher_level,Crickets,abundance,total captured individuals,mean,SD,"","",19.125,16.80508001,8,6.583333333,7.204270619,12,"","",JT,invertebrate_abundance,92.680848,579.2553,579.2553,18.8917632656944,0.196308164249946,1.06645517708421,0.233811577439266,1.00951957100261,0.314517403579849,0.92896491639743,6
dp_261,Alaniz et al 2024 Journal of Insect Conservation,Ground-dwelling invertebrate community responses to bison and prescribed fire management in tallgrass prairies,https://doi.org/10.1007/s10841-024-00614-y,Wild Native,"Bison were reintroduced into the grasslands in October 2014, they compared sites with and without bison and with varying fire regimes",unclear if abundance is standardized by trapdays,"",restored tallgrass prairies,artifical burning,distal comparison with and without,with_introduction,800,1,5.6 to 20.6 ha,8,0.045,"5 pitfalls per site/treatment, but pooled eventually. Plot size is the sum of pitfall areas.",0.009,5,treatment,North America,41.88436596,-89.3431613,visitor center of site,Nachusa Grasslands,Bison bison,Introduced 2014,"",0.16 Bison bison,0,individuals,hectare,3,,1095,1,2017,cumulative,abundance,invertebrates,ground-dwelling invertebrates,higher_level,Dung Beetles,abundance,total captured individuals,mean,SD,"","",384.375,193.4675591,8,249.0833333,87.05636454,12,"","",JT,invertebrate_abundance,92.680848,579.2553,579.2553,18.8917632656944,0.0418472600015308,0.433831126198669,0.23020462122288,0.935334975066076,0.306028052638526,0.863662243094493,6
dp_262,Alaniz et al 2024 Journal of Insect Conservation,Ground-dwelling invertebrate community responses to bison and prescribed fire management in tallgrass prairies,https://doi.org/10.1007/s10841-024-00614-y,Wild Native,"Bison were reintroduced into the grasslands in October 2014, they compared sites with and without bison and with varying fire regimes",unclear if abundance is standardized by trapdays,"",restored tallgrass prairies,artifical burning,distal comparison with and without,with_introduction,800,1,5.6 to 20.6 ha,8,0.045,"5 pitfalls per site/treatment, but pooled eventually. Plot size is the sum of pitfall areas.",0.009,5,treatment,North America,41.88436596,-89.3431613,visitor center of site,Nachusa Grasslands,Bison bison,Introduced 2014,"",0.16 Bison bison,0,individuals,hectare,4,,1460,2,2018,cumulative,abundance,invertebrates,ground-dwelling invertebrates,higher_level,Dung Beetles,abundance,total captured individuals,mean,SD,"","",1309.166667,465.5372882,8,508,355.2100531,12,"","",JT,invertebrate_abundance,92.680848,579.2553,579.2553,18.8917632656944,0.0565500861821306,0.9466646341378,0.299518434974197,1.90981780953957,0.366580959274045,1.85293361039667,6
dp_263,Alaniz et al 2024 Journal of Insect Conservation,Ground-dwelling invertebrate community responses to bison and prescribed fire management in tallgrass prairies,https://doi.org/10.1007/s10841-024-00614-y,Wild Native,"Bison were reintroduced into the grasslands in October 2014, they compared sites with and without bison and with varying fire regimes",unclear if abundance is standardized by trapdays,"",restored tallgrass prairies,artifical burning,distal comparison with and without,with_introduction,800,1,5.6 to 20.6 ha,8,0.045,"5 pitfalls per site/treatment, but pooled eventually. Plot size is the sum of pitfall areas.",0.009,5,treatment,North America,41.88436596,-89.3431613,visitor center of site,Nachusa Grasslands,Bison bison,Introduced 2014,"",0.16 Bison bison,0,individuals,hectare,3,,1095,1,2017,cumulative,abundance,invertebrates,ground-dwelling invertebrates,higher_level,Grasshoppers,abundance,total captured individuals,mean,SD,"","",10.25,7.225945316,8,4.083333333,4.907477288,12,"","",JT,invertebrate_abundance,92.680848,579.2553,579.2553,18.8917632656944,0.182489399998599,0.920364057343424,0.233227417881282,0.997879442577082,0.287641187638573,0.95612609531107,6
dp_264,Alaniz et al 2024 Journal of Insect Conservation,Ground-dwelling invertebrate community responses to bison and prescribed fire management in tallgrass prairies,https://doi.org/10.1007/s10841-024-00614-y,Wild Native,"Bison were reintroduced into the grasslands in October 2014, they compared sites with and without bison and with varying fire regimes",unclear if abundance is standardized by trapdays,"",restored tallgrass prairies,artifical burning,distal comparison with and without,with_introduction,800,1,5.6 to 20.6 ha,8,0.045,"5 pitfalls per site/treatment, but pooled eventually. Plot size is the sum of pitfall areas.",0.009,5,treatment,North America,41.88436596,-89.3431613,visitor center of site,Nachusa Grasslands,Bison bison,Introduced 2014,"",0.16 Bison bison,0,individuals,hectare,3,,1095,1,2017,cumulative,abundance,invertebrates,ground-dwelling invertebrates,higher_level,Ground Beetles,abundance,total captured individuals,mean,SD,"","",189.375,233.9566123,8,67.41666667,54.24097467,12,"","",JT,invertebrate_abundance,92.680848,579.2553,579.2553,18.8917632656944,0.24472461563702,1.0328369089437,0.223106087208875,0.768706806930745,0.310897024333305,0.687744940257428,6
dp_265,Alaniz et al 2024 Journal of Insect Conservation,Ground-dwelling invertebrate community responses to bison and prescribed fire management in tallgrass prairies,https://doi.org/10.1007/s10841-024-00614-y,Wild Native,"Bison were reintroduced into the grasslands in October 2014, they compared sites with and without bison and with varying fire regimes",unclear if abundance is standardized by trapdays,"",restored tallgrass prairies,artifical burning,distal comparison with and without,with_introduction,800,1,5.6 to 20.6 ha,8,0.045,"5 pitfalls per site/treatment, but pooled eventually. Plot size is the sum of pitfall areas.",0.009,5,treatment,North America,41.88436596,-89.3431613,visitor center of site,Nachusa Grasslands,Bison bison,Introduced 2014,"",0.16 Bison bison,0,individuals,hectare,4,,1460,2,2018,cumulative,abundance,invertebrates,ground-dwelling invertebrates,higher_level,Ground Beetles,abundance,total captured individuals,mean,SD,"","",213.3333333,172.9909439,8,57.41666667,33.05218555,12,"","",JT,invertebrate_abundance,92.680848,579.2553,579.2553,18.8917632656944,0.109808728085891,1.31252126624564,0.253627075676893,1.34601251619084,0.377709424091457,1.19895709028035,6
dp_266,Alaniz et al 2024 Journal of Insect Conservation,Ground-dwelling invertebrate community responses to bison and prescribed fire management in tallgrass prairies,https://doi.org/10.1007/s10841-024-00614-y,Wild Native,"Bison were reintroduced into the grasslands in October 2014, they compared sites with and without bison and with varying fire regimes",unclear if abundance is standardized by trapdays,"",restored tallgrass prairies,artifical burning,distal comparison with and without,with_introduction,800,1,5.6 to 20.6 ha,8,0.045,"5 pitfalls per site/treatment, but pooled eventually. Plot size is the sum of pitfall areas.",0.009,5,treatment,North America,41.88436596,-89.3431613,visitor center of site,Nachusa Grasslands,Bison bison,Introduced 2014,"",0.16 Bison bison,0,individuals,hectare,3,,1095,1,2017,cumulative,abundance,invertebrates,ground-dwelling invertebrates,higher_level,Harvestmen,abundance,total captured individuals,mean,SD,"","",19.75,18.7673729,8,20.75,12.91317157,12,"","",JT,invertebrate_abundance,92.680848,579.2553,579.2553,18.8917632656944,0.145144778778513,-0.0493927553295765,0.208429313100933,-0.0619612032162401,0.252463979363894,-0.0594499446802311,6
dp_267,Alaniz et al 2024 Journal of Insect Conservation,Ground-dwelling invertebrate community responses to bison and prescribed fire management in tallgrass prairies,https://doi.org/10.1007/s10841-024-00614-y,Wild Native,"Bison were reintroduced into the grasslands in October 2014, they compared sites with and without bison and with varying fire regimes",unclear if abundance is standardized by trapdays,"",restored tallgrass prairies,artifical burning,distal comparison with and without,with_introduction,800,1,5.6 to 20.6 ha,8,0.045,"5 pitfalls per site/treatment, but pooled eventually. Plot size is the sum of pitfall areas.",0.009,5,treatment,North America,41.88436596,-89.3431613,visitor center of site,Nachusa Grasslands,Bison bison,Introduced 2014,"",0.16 Bison bison,0,individuals,hectare,3,,1095,1,2017,cumulative,abundance,invertebrates,ground-dwelling invertebrates,higher_level,Isopods,abundance,total captured individuals,mean,SD,"","",294,765.3740449,8,85.41666667,97.94103823,12,"","",JT,invertebrate_abundance,92.680848,579.2553,579.2553,18.8917632656944,0.956717622125569,1.23603852551515,0.21260210203997,0.413219975637045,0.29330946614991,0.366099445737345,6
dp_268,Alaniz et al 2024 Journal of Insect Conservation,Ground-dwelling invertebrate community responses to bison and prescribed fire management in tallgrass prairies,https://doi.org/10.1007/s10841-024-00614-y,Wild Native,"Bison were reintroduced into the grasslands in October 2014, they compared sites with and without bison and with varying fire regimes",unclear if abundance is standardized by trapdays,"",restored tallgrass prairies,artifical burning,distal comparison with and without,with_introduction,800,1,5.6 to 20.6 ha,8,0.045,"5 pitfalls per site/treatment, but pooled eventually. Plot size is the sum of pitfall areas.",0.009,5,treatment,North America,41.88436596,-89.3431613,visitor center of site,Nachusa Grasslands,Bison bison,Introduced 2014,"",0.16 Bison bison,0,individuals,hectare,4,,1460,2,2018,cumulative,abundance,invertebrates,ground-dwelling invertebrates,higher_level,Isopods,abundance,total captured individuals,mean,SD,"","",51.83333333,75.16759053,8,115.1666667,159.0459244,12,"","",JT,invertebrate_abundance,92.680848,579.2553,579.2553,18.8917632656944,0.421808842480738,-0.79834691194218,0.213542039121378,-0.456451784443625,0.20857445098838,-0.48758672281458,6
dp_269,Alaniz et al 2024 Journal of Insect Conservation,Ground-dwelling invertebrate community responses to bison and prescribed fire management in tallgrass prairies,https://doi.org/10.1007/s10841-024-00614-y,Wild Native,"Bison were reintroduced into the grasslands in October 2014, they compared sites with and without bison and with varying fire regimes",unclear if abundance is standardized by trapdays,"",restored tallgrass prairies,artifical burning,distal comparison with and without,with_introduction,800,1,5.6 to 20.6 ha,8,0.045,"5 pitfalls per site/treatment, but pooled eventually. Plot size is the sum of pitfall areas.",0.009,5,treatment,North America,41.88436596,-89.3431613,visitor center of site,Nachusa Grasslands,Bison bison,Introduced 2014,"",0.16 Bison bison,0,individuals,hectare,3,,1095,1,2017,cumulative,abundance,invertebrates,ground-dwelling invertebrates,higher_level,Millipedes,abundance,total captured individuals,mean,SD,"","",25.125,31.14224279,8,18.33333333,25.42844983,12,"","",JT,invertebrate_abundance,92.680848,579.2553,579.2553,18.8917632656944,0.352358182146229,0.315142469996697,0.209702677635508,0.234037971463994,0.245880538617477,0.228778938555627,6
dp_270,Alaniz et al 2024 Journal of Insect Conservation,Ground-dwelling invertebrate community responses to bison and prescribed fire management in tallgrass prairies,https://doi.org/10.1007/s10841-024-00614-y,Wild Native,"Bison were reintroduced into the grasslands in October 2014, they compared sites with and without bison and with varying fire regimes",unclear if abundance is standardized by trapdays,"",restored tallgrass prairies,artifical burning,distal comparison with and without,with_introduction,800,1,5.6 to 20.6 ha,8,0.045,"5 pitfalls per site/treatment, but pooled eventually. Plot size is the sum of pitfall areas.",0.009,5,treatment,North America,41.88436596,-89.3431613,visitor center of site,Nachusa Grasslands,Bison bison,Introduced 2014,"",0.16 Bison bison,0,individuals,hectare,4,,1460,2,2018,cumulative,abundance,invertebrates,ground-dwelling invertebrates,higher_level,Millipedes,abundance,total captured individuals,mean,SD,"","",16.5,19.42935923,8,14.33333333,28.1758547,12,"","",JT,invertebrate_abundance,92.680848,579.2553,579.2553,18.8917632656944,0.495340965853018,0.14077255411364,0.208503646935942,0.0825381372721926,0.215508756264817,0.0857360785090871,6
dp_271,Alaniz et al 2024 Journal of Insect Conservation,Ground-dwelling invertebrate community responses to bison and prescribed fire management in tallgrass prairies,https://doi.org/10.1007/s10841-024-00614-y,Wild Native,"Bison were reintroduced into the grasslands in October 2014, they compared sites with and without bison and with varying fire regimes",unclear if abundance is standardized by trapdays,"",restored tallgrass prairies,artifical burning,distal comparison with and without,with_introduction,800,1,5.6 to 20.6 ha,8,0.045,"5 pitfalls per site/treatment, but pooled eventually. Plot size is the sum of pitfall areas.",0.009,5,treatment,North America,41.88436596,-89.3431613,visitor center of site,Nachusa Grasslands,Bison bison,Introduced 2014,"",0.16 Bison bison,0,individuals,hectare,3,,1095,1,2017,cumulative,abundance,invertebrates,ground-dwelling invertebrates,higher_level,Other Beetles,abundance,total captured individuals,mean,SD,"","",193.125,63.32103577,8,161.0833333,68.3499795,12,"","",JT,invertebrate_abundance,92.680848,579.2553,579.2553,18.8917632656944,0.0284413866858275,0.181415818438612,0.213665792481132,0.461842360456408,0.235964278006415,0.465740039269066,6
dp_272,Alaniz et al 2024 Journal of Insect Conservation,Ground-dwelling invertebrate community responses to bison and prescribed fire management in tallgrass prairies,https://doi.org/10.1007/s10841-024-00614-y,Wild Native,"Bison were reintroduced into the grasslands in October 2014, they compared sites with and without bison and with varying fire regimes",unclear if abundance is standardized by trapdays,"",restored tallgrass prairies,artifical burning,distal comparison with and without,with_introduction,800,1,5.6 to 20.6 ha,8,0.045,"5 pitfalls per site/treatment, but pooled eventually. Plot size is the sum of pitfall areas.",0.009,5,treatment,North America,41.88436596,-89.3431613,visitor center of site,Nachusa Grasslands,Bison bison,Introduced 2014,"",0.16 Bison bison,0,individuals,hectare,4,,1460,2,2018,cumulative,abundance,invertebrates,ground-dwelling invertebrates,higher_level,Other Beetles,abundance,total captured individuals,mean,SD,"","",517.1666667,313.091946,8,185.5,103.9567218,12,"","",JT,invertebrate_abundance,92.680848,579.2553,579.2553,18.8917632656944,0.071985374086444,1.02531031323729,0.2647226331385,1.50185618226469,0.383655839804691,1.36157191778355,6
dp_273,Alaniz et al 2024 Journal of Insect Conservation,Ground-dwelling invertebrate community responses to bison and prescribed fire management in tallgrass prairies,https://doi.org/10.1007/s10841-024-00614-y,Wild Native,"Bison were reintroduced into the grasslands in October 2014, they compared sites with and without bison and with varying fire regimes",unclear if abundance is standardized by trapdays,"",restored tallgrass prairies,artifical burning,distal comparison with and without,with_introduction,800,1,5.6 to 20.6 ha,8,0.045,"5 pitfalls per site/treatment, but pooled eventually. Plot size is the sum of pitfall areas.",0.009,5,treatment,North America,41.88436596,-89.3431613,visitor center of site,Nachusa Grasslands,Bison bison,Introduced 2014,"",0.16 Bison bison,0,individuals,hectare,3,,1095,1,2017,cumulative,abundance,invertebrates,ground-dwelling invertebrates,higher_level,Rove Beetles,abundance,total captured individuals,mean,SD,"","",70.625,57.16126936,8,60.91666667,35.99610669,12,"","",JT,invertebrate_abundance,92.680848,579.2553,579.2553,18.8917632656944,0.110981205353828,0.147877379450107,0.20938106056572,0.204717095757744,0.257738867031241,0.194640597555937,6
dp_274,Alaniz et al 2024 Journal of Insect Conservation,Ground-dwelling invertebrate community responses to bison and prescribed fire management in tallgrass prairies,https://doi.org/10.1007/s10841-024-00614-y,Wild Native,"Bison were reintroduced into the grasslands in October 2014, they compared sites with and without bison and with varying fire regimes",unclear if abundance is standardized by trapdays,"",restored tallgrass prairies,artifical burning,distal comparison with and without,with_introduction,800,1,5.6 to 20.6 ha,8,0.045,"5 pitfalls per site/treatment, but pooled eventually. Plot size is the sum of pitfall areas.",0.009,5,treatment,North America,41.88436596,-89.3431613,visitor center of site,Nachusa Grasslands,Bison bison,Introduced 2014,"",0.16 Bison bison,0,individuals,hectare,3,,1095,1,2017,cumulative,abundance,invertebrates,ground-dwelling invertebrates,higher_level,Slugs and Snails,abundance,total captured individuals,mean,SD,"","",31.5,37.65634077,8,19.41666667,18.97586186,12,"","",JT,invertebrate_abundance,92.680848,579.2553,579.2553,18.8917632656944,0.258226967702202,0.483855741882213,0.212672342641615,0.416605775681619,0.271796817428716,0.388088604740264,6
dp_275,Alaniz et al 2024 Journal of Insect Conservation,Ground-dwelling invertebrate community responses to bison and prescribed fire management in tallgrass prairies,https://doi.org/10.1007/s10841-024-00614-y,Wild Native,"Bison were reintroduced into the grasslands in October 2014, they compared sites with and without bison and with varying fire regimes",unclear if abundance is standardized by trapdays,"",restored tallgrass prairies,artifical burning,distal comparison with and without,with_introduction,800,1,5.6 to 20.6 ha,8,0.045,"5 pitfalls per site/treatment, but pooled eventually. Plot size is the sum of pitfall areas.",0.009,5,treatment,North America,41.88436596,-89.3431613,visitor center of site,Nachusa Grasslands,Bison bison,Introduced 2014,"",0.16 Bison bison,0,individuals,hectare,4,,1460,2,2018,cumulative,abundance,invertebrates,ground-dwelling invertebrates,higher_level,Slugs and Snails,abundance,total captured individuals,mean,SD,"","",2.333333333,3.881580434,8,1.333333333,1.922750555,12,"","",JT,invertebrate_abundance,92.680848,579.2553,579.2553,18.8917632656944,0.519213822043485,0.559615788042566,0.211157391310046,0.336098674600965,0.269918186280622,0.312652342274498,6
dp_276,Alaniz et al 2024 Journal of Insect Conservation,Ground-dwelling invertebrate community responses to bison and prescribed fire management in tallgrass prairies,https://doi.org/10.1007/s10841-024-00614-y,Wild Native,"Bison were reintroduced into the grasslands in October 2014, they compared sites with and without bison and with varying fire regimes",unclear if abundance is standardized by trapdays,"",restored tallgrass prairies,artifical burning,distal comparison with and without,with_introduction,800,1,5.6 to 20.6 ha,8,0.045,"5 pitfalls per site/treatment, but pooled eventually. Plot size is the sum of pitfall areas.",0.009,5,treatment,North America,41.88436596,-89.3431613,visitor center of site,Nachusa Grasslands,Bison bison,Introduced 2014,"",0.16 Bison bison,0,individuals,hectare,3,,1095,1,2017,cumulative,abundance,invertebrates,ground-dwelling invertebrates,higher_level,Spiders,abundance,total captured individuals,mean,SD,"","",181.375,53.38254798,8,159.3333333,109.4401732,12,"","",JT,invertebrate_abundance,92.680848,579.2553,579.2553,18.8917632656944,0.0501432038789689,0.129568267590211,0.209655043045285,0.229931269030723,0.203728082243186,0.245154689231387,6
dp_277,Alaniz et al 2024 Journal of Insect Conservation,Ground-dwelling invertebrate community responses to bison and prescribed fire management in tallgrass prairies,https://doi.org/10.1007/s10841-024-00614-y,Wild Native,"Bison were reintroduced into the grasslands in October 2014, they compared sites with and without bison and with varying fire regimes",unclear if abundance is standardized by trapdays,"",restored tallgrass prairies,artifical burning,distal comparison with and without,with_introduction,800,1,5.6 to 20.6 ha,8,0.045,"5 pitfalls per site/treatment, but pooled eventually. Plot size is the sum of pitfall areas.",0.009,5,treatment,North America,41.88436596,-89.3431613,visitor center of site,Nachusa Grasslands,Bison bison,Introduced 2014,"",0.16 Bison bison,0,individuals,hectare,3,,1095,1,2017,cumulative,abundance,invertebrates,ground-dwelling invertebrates,higher_level,True Bugs,abundance,total captured individuals,mean,SD,"","",28.625,27.12372446,8,21.16666667,14.21799969,12,"","",JT,invertebrate_abundance,92.680848,579.2553,579.2553,18.8917632656944,0.149832507135208,0.301852844486387,0.211446700481493,0.352894723574003,0.268331259846653,0.329834260234271,6
dp_278,Alaniz et al 2024 Journal of Insect Conservation,Ground-dwelling invertebrate community responses to bison and prescribed fire management in tallgrass prairies,https://doi.org/10.1007/s10841-024-00614-y,Wild Native,"Bison were reintroduced into the grasslands in October 2014, they compared sites with and without bison and with varying fire regimes",unclear if abundance is standardized by trapdays,"",restored tallgrass prairies,artifical burning,distal comparison with and without,with_introduction,800,1,5.6 to 20.6 ha,8,0.045,"5 pitfalls per site/treatment, but pooled eventually. Plot size is the sum of pitfall areas.",0.009,5,treatment,North America,41.88436596,-89.3431613,visitor center of site,Nachusa Grasslands,Bison bison,Introduced 2014,"",0.16 Bison bison,0,individuals,hectare,4,,1460,2,2018,cumulative,abundance,invertebrates,ground-dwelling invertebrates,higher_level,True Bugs,abundance,total captured individuals,mean,SD,"","",14.33333333,12.01110597,8,17.25,7.275425636,12,"","",JT,invertebrate_abundance,92.680848,579.2553,579.2553,18.8917632656944,0.102600902466003,-0.185224316684474,0.210538399410406,-0.296989297926524,0.261110599817359,-0.281290589008,6
dp_279,Ejrnæs et al 2024 Applied Vegetation Science,Vegetation dynamics following three decades of trophic rewilding in the mesic grasslands of Oostvaardersplassen,https://doi.org/10.1111/avsc.12805,Semi-Domestic,"OVP, sampling rougly 30 years after rewilding in Ovp and adjacent Kotterbos as control","","",built from scratch,populations managed since recently,distal comparison with and without,with_introduction,5500,1,55000000,1,4,"61 in treatment, 12 in control",,"",plot,Europe,52.42498843,5.368575003,good,Oostvaardersplassen,Bos primigenius taurus; Equus ferus caballus; Cervus elaphus,"1996 the entire area has been year-round grazed by feral Heck cattle (Bos primigenius taurus), feral Konik horses (Equus ferus caballus) and red deer (Cervus elaphus) introduced in 1983, 1984 and 1992 respectively","densities varied wildly, so this is just approximate https://rewilding.org/european-experiments-in-rewilding-oostvaardersplassen/",0.05 Bos primigenius taurus; 0.1 Equus ferus caballus; 0.1 Cervus elaphus,0,individuals,hectare,26,,9490,1,2022,cumulative,diversity,vegetation,plants,higher_level,all plants,species richness,"",mean,SD,Fig_S8a,"",15.433884,2.8518607,61,2.665289,0.9147812,12,"","",JT,plant_richness,80.625,322.5,750,18.2519576608006,0.0103764063383783,1.75625285761807,0.255827743280702,4.77396493801169,0.305054796842728,5.96530056102463,18
dp_280,Lovász et al 2024 PeerJ,Natural grazing by horses and cattle promotes bird diversity in a restored European alluvial grassland,https://doi.org/10.7717/peerj.17777,Semi-Domestic,Horse and cattle introduced in 2018/early 2019 to conuteract succession by willow and poplar- Studies compares this enclosure with control sites just outsiede,"","",both control and enclosure have been agricultural fields prior to 2014,"",inside vs outside enclosure,with_introduction,32,1,320000,1,700,"3 transects, but repeated survey,  (73 in grazed, 7 in control sites)- unit of analysis was 50x50m grid cells",,"","",Europe,47.62119004,7.539519936,good,Réserve Naturelle Petite Camargue Alsacienne,Bos primigenius taurus; Equus ferus caballus,"The introduction began with horses in September 2018, followed by cattle in January 2019. The initial number of five Highland cattle and five Konik horses increased to seven cattle (five adults and additionally two calves born on-site) in the summer of 2019, and to seven horses (five adults and additionally two young mares brought from other areas) in the summer of 2020.","",0.19 Bos primigenius taurus; 0.19 Equus ferus caballus,0,individuals,hectare,2,,730,1,2020,cumulative,diversity,birds,birds,higher_level,birds,species richness,species per 50m grid cell,mean,SE,"","",0.27,0.01,121,0.18,0.01,112,"","",JT,bird_richness,199.5,525,750,40.9261446383926,0.00445816186556927,0.405465108108165,0.0186731368495504,0.83049853507077,0.0188114075420134,0.831123222388607,2
dp_281,Lovász et al 2024 PeerJ,Natural grazing by horses and cattle promotes bird diversity in a restored European alluvial grassland,https://doi.org/10.7717/peerj.17777,Semi-Domestic,Horse and cattle introduced in 2018/early 2019 to conuteract succession by willow and poplar- Studies compares this enclosure with control sites just outsiede,"","",both control and enclosure have been agricultural fields prior to 2014,"",inside vs outside enclosure,with_introduction,32,1,320000,1,700,"3 transects, but repeated survey,  (73 in grazed, 7 in control sites)- unit of analysis was 50x50m grid cells",,"","",Europe,47.62119004,7.539519936,good,Réserve Naturelle Petite Camargue Alsacienne,Bos primigenius taurus; Equus ferus caballus,"The introduction began with horses in September 2018, followed by cattle in January 2019. The initial number of five Highland cattle and five Konik horses increased to seven cattle (five adults and additionally two calves born on-site) in the summer of 2019, and to seven horses (five adults and additionally two young mares brought from other areas) in the summer of 2020.","",0.19 Bos primigenius taurus; 0.19 Equus ferus caballus,0,individuals,hectare,2,,730,1,2020,cumulative,abundance,birds,birds,higher_level,birds,abundance,individuals per 50m grid cell,mean,SE,"","",0.93,0.14,121,0.43,0.08,112,"","",JT,bird_abundance,199.5,525,750,40.9261446383926,0.0572748838622509,0.771399377459694,0.0175311375220036,0.396933407661645,0.0174145324967362,0.401055152830312,2
dp_282,Tanentzap et al 2023 Biological Conservation,Trade-offs between passive and trophic rewilding for biodiversity and ecosystem functioning,https://doi.org/10.1016/j.biocon.2023.110005,Mix,"Knepp wildland, proper trophic rewilding experiment, variety of large herbivores introduced from 2009 onwards, exclosures established before that","","","former arable farmland, never exposed to heavy grazing","basically nothing, except some removals to keep herd structure",inside vs outside exclosure,prior_introduction,450,1,52.84,5,52.84,1 per treatment,,"",treatment / exclosure,Europe,50.97574337,-0.3448307099,good,Knepp Estate,"Bos primigenius taurus; Equus ferus caballus; Sus scrofa, Cervus elaphus, Dama dama","In 2009, the entire site was stock-fenced and Old English longhorn cattle (Bos primigenius primigenius), Exmoor ponies (E. ferus caballus), and Tamworth pigs (Sus scrofa domesticus) were introduced. These are all older domesticated breeds intended to act as functional analogues for extinct auroch (B. primigenius taurus), tarpan (E. ferus ferus), and wild boar (Sus scrofa scrofa), respectively (Bunzel-Drüke, 2001; Tree, 2018). Non-native fallow deer (Dama dama) and native red deer (Cervus elaphus) were also introduced respectively in 2009 and 2013. The animals roam freely alongside native roe (Capreolus capreolus) deer, as their home ranges in open habitats of southern England are typically smaller than that of our study site","","0.27 Bos primigenius taurus; 0.03 Equus ferus caballus; 0.04 Sus scrofa, 0.02 Cervus elaphus, 0.26 Dama dama",0,individuals,hectare,9,,3285,1,2018,cumulative,abundance,invertebrates,ground-dwelling invertebrates,higher_level,ground dwelling arthropodes,abundance,biomass,mean,SD,"","",0.0404,0.0345,20,0.014,0.0116,20,"","",JT,invertebrate_abundance,232.792084,375.471103225806,750,48.2486778799068,0.0707889485124508,1.05977245535185,0.112634098595244,1.00534963451503,0.127006948927366,1.00534963451503,6
dp_283,Tanentzap et al 2023 Biological Conservation,Trade-offs between passive and trophic rewilding for biodiversity and ecosystem functioning,https://doi.org/10.1016/j.biocon.2023.110005,Mix,"Knepp wildland, proper trophic rewilding experiment, variety of large herbivores introduced from 2009 onwards, exclosures established before that","","","former arable farmland, never exposed to heavy grazing","basically nothing, except some removals to keep herd structure",inside vs outside exclosure,prior_introduction,450,1,52.84,5,52.84,1 per treatment,,"",treatment / exclosure,Europe,50.97574337,-0.3448307099,good,Knepp Estate,"Bos primigenius taurus; Equus ferus caballus; Sus scrofa, Cervus elaphus, Dama dama","In 2009, the entire site was stock-fenced and Old English longhorn cattle (Bos primigenius primigenius), Exmoor ponies (E. ferus caballus), and Tamworth pigs (Sus scrofa domesticus) were introduced. These are all older domesticated breeds intended to act as functional analogues for extinct auroch (B. primigenius taurus), tarpan (E. ferus ferus), and wild boar (Sus scrofa scrofa), respectively (Bunzel-Drüke, 2001; Tree, 2018). Non-native fallow deer (Dama dama) and native red deer (Cervus elaphus) were also introduced respectively in 2009 and 2013. The animals roam freely alongside native roe (Capreolus capreolus) deer, as their home ranges in open habitats of southern England are typically smaller than that of our study site","","0.27 Bos primigenius taurus; 0.03 Equus ferus caballus; 0.04 Sus scrofa, 0.02 Cervus elaphus, 0.26 Dama dama",0,individuals,hectare,9,,3285,1,2018,cumulative,diversity,invertebrates,ground-dwelling invertebrates,higher_level,ground dwelling arthropodes,taxonomic richness,number of families per trapping day,mean,SD,"","",11.1,3.82,9,9.22,3.22,9,"","",JT,invertebrate_richness,232.792084,375.471103225806,750,48.2486778799068,0.0267115905555638,0.185570070749786,0.229355516708055,0.506752998501221,0.258254768715502,0.506752998501221,4
dp_284,Tanentzap et al 2023 Biological Conservation,Trade-offs between passive and trophic rewilding for biodiversity and ecosystem functioning,https://doi.org/10.1016/j.biocon.2023.110005,Mix,"Knepp wildland, proper trophic rewilding experiment, variety of large herbivores introduced from 2009 onwards, exclosures established before that","","","former arable farmland, never exposed to heavy grazing","basically nothing, except some removals to keep herd structure",inside vs outside exclosure,prior_introduction,450,1,52.84,10,52.84,1 per treatment,,"",treatment / exclosure,Europe,50.97574337,-0.3448307099,good,Knepp Estate,"Bos primigenius taurus; Equus ferus caballus; Sus scrofa, Cervus elaphus, Dama dama","In 2009, the entire site was stock-fenced and Old English longhorn cattle (Bos primigenius primigenius), Exmoor ponies (E. ferus caballus), and Tamworth pigs (Sus scrofa domesticus) were introduced. These are all older domesticated breeds intended to act as functional analogues for extinct auroch (B. primigenius taurus), tarpan (E. ferus ferus), and wild boar (Sus scrofa scrofa), respectively (Bunzel-Drüke, 2001; Tree, 2018). Non-native fallow deer (Dama dama) and native red deer (Cervus elaphus) were also introduced respectively in 2009 and 2013. The animals roam freely alongside native roe (Capreolus capreolus) deer, as their home ranges in open habitats of southern England are typically smaller than that of our study site","","0.27 Bos primigenius taurus; 0.03 Equus ferus caballus; 0.04 Sus scrofa, 0.02 Cervus elaphus, 0.26 Dama dama",0,individuals,hectare,9,,3285,1,2018,cumulative,vegetation_structure,vegetation,herbs,higher_level,herbaceous plants,cover,percent cover,mean,SD,"","",92.6,9.96,50,61.2,24,50,"","",JT,plant_cover,232.792084,375.471103225806,750,48.2486778799068,0.0033071205700855,0.414141952133853,0.0543791396061357,1.69582661885793,0.0628055207467666,1.69582661885793,7
dp_285,Tanentzap et al 2023 Biological Conservation,Trade-offs between passive and trophic rewilding for biodiversity and ecosystem functioning,https://doi.org/10.1016/j.biocon.2023.110005,Mix,"Knepp wildland, proper trophic rewilding experiment, variety of large herbivores introduced from 2009 onwards, exclosures established before that","","","former arable farmland, never exposed to heavy grazing","basically nothing, except some removals to keep herd structure",inside vs outside exclosure,prior_introduction,450,1,52.84,10,52.84,1 per treatment,,"",treatment / exclosure,Europe,50.97574337,-0.3448307099,good,Knepp Estate,"Bos primigenius taurus; Equus ferus caballus; Sus scrofa, Cervus elaphus, Dama dama","In 2009, the entire site was stock-fenced and Old English longhorn cattle (Bos primigenius primigenius), Exmoor ponies (E. ferus caballus), and Tamworth pigs (Sus scrofa domesticus) were introduced. These are all older domesticated breeds intended to act as functional analogues for extinct auroch (B. primigenius taurus), tarpan (E. ferus ferus), and wild boar (Sus scrofa scrofa), respectively (Bunzel-Drüke, 2001; Tree, 2018). Non-native fallow deer (Dama dama) and native red deer (Cervus elaphus) were also introduced respectively in 2009 and 2013. The animals roam freely alongside native roe (Capreolus capreolus) deer, as their home ranges in open habitats of southern England are typically smaller than that of our study site","","0.27 Bos primigenius taurus; 0.03 Equus ferus caballus; 0.04 Sus scrofa, 0.02 Cervus elaphus, 0.26 Dama dama",0,individuals,hectare,9,,3285,1,2018,cumulative,vegetation_structure,vegetation,herbs,higher_level,herbaceous plants,height,cm,mean,SD,"","",20.5,16.6,50,51.2,34,50,"","",JT,plant_height,232.792084,375.471103225806,750,48.2486778799068,0.0219336788288686,-0.9153146459011,0.0464829737452275,-1.13868114459031,0.0499338438170589,-1.13868114459031,7
dp_286,Tanentzap et al 2023 Biological Conservation,Trade-offs between passive and trophic rewilding for biodiversity and ecosystem functioning,https://doi.org/10.1016/j.biocon.2023.110005,Mix,"Knepp wildland, proper trophic rewilding experiment, variety of large herbivores introduced from 2009 onwards, exclosures established before that","","","former arable farmland, never exposed to heavy grazing","basically nothing, except some removals to keep herd structure",inside vs outside exclosure,prior_introduction,450,1,52.84,10,52.84,1 per treatment,,"",treatment / exclosure,Europe,50.97574337,-0.3448307099,good,Knepp Estate,"Bos primigenius taurus; Equus ferus caballus; Sus scrofa, Cervus elaphus, Dama dama","In 2009, the entire site was stock-fenced and Old English longhorn cattle (Bos primigenius primigenius), Exmoor ponies (E. ferus caballus), and Tamworth pigs (Sus scrofa domesticus) were introduced. These are all older domesticated breeds intended to act as functional analogues for extinct auroch (B. primigenius taurus), tarpan (E. ferus ferus), and wild boar (Sus scrofa scrofa), respectively (Bunzel-Drüke, 2001; Tree, 2018). Non-native fallow deer (Dama dama) and native red deer (Cervus elaphus) were also introduced respectively in 2009 and 2013. The animals roam freely alongside native roe (Capreolus capreolus) deer, as their home ranges in open habitats of southern England are typically smaller than that of our study site","","0.27 Bos primigenius taurus; 0.03 Equus ferus caballus; 0.04 Sus scrofa, 0.02 Cervus elaphus, 0.26 Dama dama",0,individuals,hectare,9,,3285,1,2018,cumulative,vegetation_structure,vegetation,trees,higher_level,trees,height,m,mean,SD,"","",2.83,1.43,12,4.59,2.38,73,"","",JT,plant_height,232.792084,375.471103225806,750,48.2486778799068,0.0249604042089604,-0.483603312417307,0.100482922991861,-0.765939370095359,0.0741190621320147,-0.88830894807046,7
dp_287,Tanentzap et al 2023 Biological Conservation,Trade-offs between passive and trophic rewilding for biodiversity and ecosystem functioning,https://doi.org/10.1016/j.biocon.2023.110005,Mix,"Knepp wildland, proper trophic rewilding experiment, variety of large herbivores introduced from 2009 onwards, exclosures established before that","","","former arable farmland, never exposed to heavy grazing","basically nothing, except some removals to keep herd structure",inside vs outside exclosure,prior_introduction,450,1,52.84,10,52.84,1 per treatment,,"",treatment / exclosure,Europe,50.97574337,-0.3448307099,good,Knepp Estate,"Bos primigenius taurus; Equus ferus caballus; Sus scrofa, Cervus elaphus, Dama dama","In 2009, the entire site was stock-fenced and Old English longhorn cattle (Bos primigenius primigenius), Exmoor ponies (E. ferus caballus), and Tamworth pigs (Sus scrofa domesticus) were introduced. These are all older domesticated breeds intended to act as functional analogues for extinct auroch (B. primigenius taurus), tarpan (E. ferus ferus), and wild boar (Sus scrofa scrofa), respectively (Bunzel-Drüke, 2001; Tree, 2018). Non-native fallow deer (Dama dama) and native red deer (Cervus elaphus) were also introduced respectively in 2009 and 2013. The animals roam freely alongside native roe (Capreolus capreolus) deer, as their home ranges in open habitats of southern England are typically smaller than that of our study site","","0.27 Bos primigenius taurus; 0.03 Equus ferus caballus; 0.04 Sus scrofa, 0.02 Cervus elaphus, 0.26 Dama dama",0,individuals,hectare,9,,3285,1,2018,cumulative,abundance,vegetation,trees,higher_level,trees,abundance,trees per plot,mean,SD,"","",1.5,2.27,8,9.12,6.71,8,"","",JT,plant_abundance,232.792084,375.471103225806,750,48.2486778799068,0.353937423293706,-1.80500469597808,0.31462689768833,-1.43807535478033,0.406208866266695,-1.43807535478033,3
dp_288,Tanentzap et al 2023 Biological Conservation,Trade-offs between passive and trophic rewilding for biodiversity and ecosystem functioning,https://doi.org/10.1016/j.biocon.2023.110005,Mix,"Knepp wildland, proper trophic rewilding experiment, variety of large herbivores introduced from 2009 onwards, exclosures established before that","","","former arable farmland, never exposed to heavy grazing","basically nothing, except some removals to keep herd structure",inside vs outside exclosure,prior_introduction,450,1,52.84,10,52.84,1 per treatment,,"",treatment / exclosure,Europe,50.97574337,-0.3448307099,good,Knepp Estate,"Bos primigenius taurus; Equus ferus caballus; Sus scrofa, Cervus elaphus, Dama dama","In 2009, the entire site was stock-fenced and Old English longhorn cattle (Bos primigenius primigenius), Exmoor ponies (E. ferus caballus), and Tamworth pigs (Sus scrofa domesticus) were introduced. These are all older domesticated breeds intended to act as functional analogues for extinct auroch (B. primigenius taurus), tarpan (E. ferus ferus), and wild boar (Sus scrofa scrofa), respectively (Bunzel-Drüke, 2001; Tree, 2018). Non-native fallow deer (Dama dama) and native red deer (Cervus elaphus) were also introduced respectively in 2009 and 2013. The animals roam freely alongside native roe (Capreolus capreolus) deer, as their home ranges in open habitats of southern England are typically smaller than that of our study site","","0.27 Bos primigenius taurus; 0.03 Equus ferus caballus; 0.04 Sus scrofa, 0.02 Cervus elaphus, 0.26 Dama dama",0,individuals,hectare,9,,3285,1,2018,cumulative,diversity,vegetation,trees,higher_level,trees,species richness,tree species per plot,mean,SD,"","",0.625,0.744,8,2.12,1.13,8,"","",JT,plant_richness,232.792084,375.471103225806,750,48.2486778799068,0.212645159195443,-1.22141971792966,0.318192387326202,-1.47721237282878,0.375819618220152,-1.47721237282878,18
dp_289,Tanentzap et al 2023 Biological Conservation,Trade-offs between passive and trophic rewilding for biodiversity and ecosystem functioning,https://doi.org/10.1016/j.biocon.2023.110005,Mix,"Knepp wildland, proper trophic rewilding experiment, variety of large herbivores introduced from 2009 onwards, exclosures established before that","","","former arable farmland, never exposed to heavy grazing","basically nothing, except some removals to keep herd structure",inside vs outside exclosure,prior_introduction,450,1,52.84,10,52.84,1 per treatment,,"",treatment / exclosure,Europe,50.97574337,-0.3448307099,good,Knepp Estate,"Bos primigenius taurus; Equus ferus caballus; Sus scrofa, Cervus elaphus, Dama dama","In 2009, the entire site was stock-fenced and Old English longhorn cattle (Bos primigenius primigenius), Exmoor ponies (E. ferus caballus), and Tamworth pigs (Sus scrofa domesticus) were introduced. These are all older domesticated breeds intended to act as functional analogues for extinct auroch (B. primigenius taurus), tarpan (E. ferus ferus), and wild boar (Sus scrofa scrofa), respectively (Bunzel-Drüke, 2001; Tree, 2018). Non-native fallow deer (Dama dama) and native red deer (Cervus elaphus) were also introduced respectively in 2009 and 2013. The animals roam freely alongside native roe (Capreolus capreolus) deer, as their home ranges in open habitats of southern England are typically smaller than that of our study site","","0.27 Bos primigenius taurus; 0.03 Equus ferus caballus; 0.04 Sus scrofa, 0.02 Cervus elaphus, 0.26 Dama dama",0,individuals,hectare,9,,3285,1,2018,cumulative,soil_conditions,soil,soil,higher_level,soil,bulk density,soil dry weight g / cm3,mean,SD,"","",0.828,0.136,20,0.809,0.095,20,"","",JT,soil_density,232.792084,375.471103225806,750,48.2486778799068,0.00203840057864476,0.0232142373267678,0.100315016278961,0.158749180523592,0.105634025039721,0.158749180523592,2
dp_290,Gordon et al 2023 Ecological Applications,Elephant rewilding affects landscape openness and fauna habitat across a 92-year period,https://doi.org/10.1002/eap.2810,Wild Native,Study compares different reserveres with along a gradient of elephant reintroduction time. Here we focus on Balule nature reserve because it's right next to the control,"",both control and introduction site are inhabitated by a range of smaller megafauna,BNR established in 2003,"",distal comparison with and without,prior_introduction,55900,1,559000000,1,500,10 per treatment,,"",plot,Africa,-24.26371489,30.90735195,good,Balule Nature Reserve,Loxodonta africana,many smaller megafauna present in both control and treatment,1.24 (0.7–1.62) elephants per km2,0.0124 Loxodonta africana,0,individuals,hectare,16,,5840,1,2019,cumulative,diversity,vegetation,shrubs,higher_level,shrubs,species richness,"",mean,SD,"","",8,20.5,10,10.7,2,10,"","",JT,plant_richness,54.56,4400,4400,6.69901873734684,0.660134379913093,-0.290802199788025,0.200787927152776,-0.177530521632312,0.223940465440981,-0.177530521632312,18
dp_291,Gordon et al 2023 Ecological Applications,Elephant rewilding affects landscape openness and fauna habitat across a 92-year period,https://doi.org/10.1002/eap.2810,Wild Native,Study compares different reserveres with along a gradient of elephant reintroduction time. Here we focus on Balule nature reserve because it's right next to the control,"",both control and introduction site are inhabitated by a range of smaller megafauna,BNR established in 2003,"",distal comparison with and without,prior_introduction,55900,1,559000000,1,500,10 per treatment,,"",plot,Africa,-24.26371489,30.90735195,good,Balule Nature Reserve,Loxodonta africana,many smaller megafauna present in both control and treatment,1.24 (0.7–1.62) elephants per km2,0.0124 Loxodonta africana,0,individuals,hectare,16,,5840,1,2019,cumulative,abundance,vegetation,trees,higher_level,trees,density,individuals / 10 ha,mean,SD,"","",76.1,50.5,10,173,78,10,"","",JT,plant_abundance,54.56,4400,4400,6.69901873734684,0.0643646756208706,-0.821243329630139,0.249865861272267,-1.41231528027232,0.286909487855844,-1.41231528027232,3
dp_292,Bonavent et al 2023 Applied Vegetation Science,Grazing by semi-feral cattle and horses supports plant species richness and uniqueness in grasslands,https://doi.org/10.1111/avsc.12718,Semi-Domestic,"We investigated grazing exclosures in the rewilding area of the Mols Laboratory, four years after its establishment. We focused on moist to dry grassland vegetation, that is, excluding scrub and woodland. Each experimental block consisted of five 5 × 9 m plots representing four fenced treatments, that is, summer-only grazing, winter-only grazing, full exclosure with annual autumn mowing and full exclosure with passive succession. EXTRACTION ONLY FOR YEAR ROUND AND FULL EXCLOSURE","","","","",inside vs outside exclosure,post_introduction,120,1,1200000,1,45,9 per treatment,,"",plot / exclosure,Europe,56.22907713,10.57558786,good,Mols Laboratory,Bos primigenius taurus; Equus ferus caballus,"","some fluctuation, stablized at 100 kg / ha",0.19 Bos primigenius taurus; 0.175 Equus ferus caballus,0,individuals,hectare,4,3,1095,1,2020,cumulative,diversity,vegetation,plants,higher_level,all plants,species richness,"",mean,SE,"","",11.33,0.45,9,7.89,0.47,9,"","",JT,plant_richness,195,534.246575342466,750,39.8448795020319,0.00512595955918359,0.361857940182132,0.378665345397771,2.37317349435724,0.426330899737369,2.37317349435724,18
dp_293,Ratajczak et al 2022 PNAS,Reintroducing bison results in long-running and resilient increases in grassland diversity,https://doi.org/10.1073/pnas.2210433119,Wild Native,"Bison reintroduced, comparing areas with and without",Check that not duplicated with Noble et al!,"","","",distal comparison with and without,with_introduction,1012,1,10120000,1,10,80 per treatment,,"",plot,North America,39.08339354,-96.5832714,reasonable,Konza Prairie Biological Station,Bison bison,"","",0.26 Bison bison,0,individuals,hectare,28,,10220,1,2020,cumulative,diversity,vegetation,plants,higher_level,all plants,species richness,individuals / 10m2,mean,SD,Fig_3b,"ignore cattle, shows mean ±95CI",45.02959,14.17626,80,22.30769,13.36618,80,upland,"",JT,plant_richness,150.606378,579.2553,579.2553,30.6991153067535,0.00572651643735996,0.702388367160244,0.033419347135775,1.64139912375022,0.0338718279269534,1.64139912375022,18
dp_294,Dvorský et al 2022 Plant Ecology,Reintroduction of large herbivores restored plant species richness in abandoned dry temperate grassland,https://doi.org/10.1007/s11258-022-01225-w,Semi-Domestic,"Former military training area, large grazers introduced  (horse and cattle) introduced in 2015","",considerably less control that grazing plots,"Former military training area, large grazers introduced  (horse and cattle) introduced in 2015","",distal comparison with and without,with_introduction,100,2,1000000,2,4,15 per site for grazed sites (30 in total),,"",plot,Europe,50.27583577,14.89127737,good for the northern site,National Nature Monument Mladá,Bos primigenius taurus; Equus ferus caballus,basically no management,"",0.16 Bos primigenius taurus; 0.26 Equus ferus caballus,0,individuals,hectare,2,,730,1,2017,cumulative,diversity,vegetation,plants,higher_level,all plants,species richness,"",mean,SD,Fig_4,"",19.5723684,4.8765662,30,11.9736842,3.30099458,9,"","",JT,plant_richness,198,471.428571428571,750,41.6725560431559,0.0105141263357073,0.49140753771238,0.178276937611546,1.62447975273128,0.171480424620245,1.78757625109089,18
dp_295,Dvorský et al 2022 Plant Ecology,Reintroduction of large herbivores restored plant species richness in abandoned dry temperate grassland,https://doi.org/10.1007/s11258-022-01225-w,Semi-Domestic,"Former military training area, large grazers introduced  (horse and cattle) introduced in 2015","",considerably less control that grazing plots,"Former military training area, large grazers introduced  (horse and cattle) introduced in 2015","",distal comparison with and without,with_introduction,100,2,1000000,2,4,15 per site for grazed sites (30 in total),,"",plot,Europe,50.27583577,14.89127737,good for the northern site,National Nature Monument Mladá,Bos primigenius taurus; Equus ferus caballus,basically no management,"",0.16 Bos primigenius taurus; 0.26 Equus ferus caballus,0,individuals,hectare,3,,1095,2,2018,cumulative,diversity,vegetation,plants,higher_level,all plants,species richness,"",mean,SD,Fig_4,"",15.8717105,3.74704009,30,12.1217105,5.83119858,7,"","",JT,plant_richness,198,471.428571428571,750,41.6725560431559,0.0349168457397393,0.269540209662582,0.186607661852568,0.877993017623026,0.28029099948174,0.748588099240923,18
dp_296,Dvorský et al 2022 Plant Ecology,Reintroduction of large herbivores restored plant species richness in abandoned dry temperate grassland,https://doi.org/10.1007/s11258-022-01225-w,Semi-Domestic,"Former military training area, large grazers introduced  (horse and cattle) introduced in 2015","",considerably less control that grazing plots,"Former military training area, large grazers introduced  (horse and cattle) introduced in 2015","",distal comparison with and without,with_introduction,100,2,1000000,2,4,15 per site for grazed sites (30 in total),,"",plot,Europe,50.27583577,14.89127737,good for the northern site,National Nature Monument Mladá,Bos primigenius taurus; Equus ferus caballus,basically no management,"",0.16 Bos primigenius taurus; 0.26 Equus ferus caballus,0,individuals,hectare,4,,1460,3,2019,cumulative,diversity,vegetation,plants,higher_level,all plants,species richness,"",mean,SD,Fig_4,"",19.7203947,5.02167009,30,11.3322368,6.1033416,5,"","",JT,plant_richness,198,471.428571428571,750,41.6725560431559,0.0601756116625329,0.554001885861162,0.269305712303273,1.58684168331178,0.427634042098634,1.46648834566502,18
dp_297,Dvorský et al 2022 Plant Ecology,Reintroduction of large herbivores restored plant species richness in abandoned dry temperate grassland,https://doi.org/10.1007/s11258-022-01225-w,Semi-Domestic,"Former military training area, large grazers introduced  (horse and cattle) introduced in 2015","",considerably less control that grazing plots,"Former military training area, large grazers introduced  (horse and cattle) introduced in 2015","",distal comparison with and without,with_introduction,100,2,1000000,2,4,15 per site for grazed sites (30 in total),,"",plot,Europe,50.27583577,14.89127737,good for the northern site,National Nature Monument Mladá,Bos primigenius taurus; Equus ferus caballus,basically no management,"",0.16 Bos primigenius taurus; 0.26 Equus ferus caballus,0,individuals,hectare,6,,2190,4,2021,cumulative,diversity,vegetation,plants,higher_level,all plants,species richness,"",mean,SD,Fig_4,"",29.4901316,4.49815446,30,14.5888158,7.4303305,5,"","",JT,plant_richness,198,471.428571428571,750,41.6725560431559,0.0526562636677905,0.703800491287907,0.357075010800825,2.94311355926413,0.767563108236511,2.37058317150955,18
dp_298,Dvorský et al 2022 Plant Ecology,Reintroduction of large herbivores restored plant species richness in abandoned dry temperate grassland,https://doi.org/10.1007/s11258-022-01225-w,Semi-Domestic,"Former military training area, large grazers introduced  (horse and cattle) introduced in 2015","",considerably less control that grazing plots,"Former military training area, large grazers introduced  (horse and cattle) introduced in 2015","",distal comparison with and without,with_introduction,100,2,1000000,2,4,15 per site for grazed sites (30 in total),,"",plot,Europe,50.27583577,14.89127737,good for the northern site,National Nature Monument Mladá,Bos primigenius taurus; Equus ferus caballus,basically no management,"",0.16 Bos primigenius taurus; 0.26 Equus ferus caballus,0,individuals,hectare,2,,730,1,2017,cumulative,diversity,vegetation,plants,higher_level,all plants,simpson diversity,"",mean,SD,Fig_4,"",0.7113095,0.10751451,30,0.5699405,0.10752136,9,"","",JT,plant_diversity,198,471.428571428571,750,41.6725560431559,0.00471601215531579,0.22157566806255,0.165712967267181,1.28800030286232,0.192561357658883,1.28797701567039,8
dp_299,Dvorský et al 2022 Plant Ecology,Reintroduction of large herbivores restored plant species richness in abandoned dry temperate grassland,https://doi.org/10.1007/s11258-022-01225-w,Semi-Domestic,"Former military training area, large grazers introduced  (horse and cattle) introduced in 2015","",considerably less control that grazing plots,"Former military training area, large grazers introduced  (horse and cattle) introduced in 2015","",distal comparison with and without,with_introduction,100,2,1000000,2,4,15 per site for grazed sites (30 in total),,"",plot,Europe,50.27583577,14.89127737,good for the northern site,National Nature Monument Mladá,Bos primigenius taurus; Equus ferus caballus,basically no management,"",0.16 Bos primigenius taurus; 0.26 Equus ferus caballus,0,individuals,hectare,3,,1095,2,2018,cumulative,diversity,vegetation,plants,higher_level,all plants,simpson diversity,"",mean,SD,Fig_4,"",0.7418155,0.11227661,30,0.6532738,0.20695059,7,"","",JT,plant_diversity,198,471.428571428571,750,41.6725560431559,0.0151001546579887,0.127104223001598,0.181891927889016,0.649544013667985,0.286924190954534,0.520337364196303,8
dp_300,Dvorský et al 2022 Plant Ecology,Reintroduction of large herbivores restored plant species richness in abandoned dry temperate grassland,https://doi.org/10.1007/s11258-022-01225-w,Semi-Domestic,"Former military training area, large grazers introduced  (horse and cattle) introduced in 2015","",considerably less control that grazing plots,"Former military training area, large grazers introduced  (horse and cattle) introduced in 2015","",distal comparison with and without,with_introduction,100,2,1000000,2,4,15 per site for grazed sites (30 in total),,"",plot,Europe,50.27583577,14.89127737,good for the northern site,National Nature Monument Mladá,Bos primigenius taurus; Equus ferus caballus,basically no management,"",0.16 Bos primigenius taurus; 0.26 Equus ferus caballus,0,individuals,hectare,4,,1460,3,2019,cumulative,diversity,vegetation,plants,higher_level,all plants,simpson diversity,"",mean,SD,Fig_4,"",0.7633929,0.09850491,30,0.5677083,0.50942621,5,"","",JT,plant_diversity,198,471.428571428571,750,41.6725560431559,0.16159809103988,0.296165109302205,0.24639463259806,0.956185624515914,0.516014606190765,0.521128732419399,8
dp_301,Dvorský et al 2022 Plant Ecology,Reintroduction of large herbivores restored plant species richness in abandoned dry temperate grassland,https://doi.org/10.1007/s11258-022-01225-w,Semi-Domestic,"Former military training area, large grazers introduced  (horse and cattle) introduced in 2015","",considerably less control that grazing plots,"Former military training area, large grazers introduced  (horse and cattle) introduced in 2015","",distal comparison with and without,with_introduction,100,2,1000000,2,4,15 per site for grazed sites (30 in total),,"",plot,Europe,50.27583577,14.89127737,good for the northern site,National Nature Monument Mladá,Bos primigenius taurus; Equus ferus caballus,basically no management,"",0.16 Bos primigenius taurus; 0.26 Equus ferus caballus,0,individuals,hectare,6,,2190,4,2021,cumulative,diversity,vegetation,plants,higher_level,all plants,simpson diversity,"",mean,SD,Fig_4,"",0.7931548,0.09181203,30,0.4151786,0.3800656,5,"","",JT,plant_diversity,198,471.428571428571,750,41.6725560431559,0.168047874560207,0.647309621557295,0.311530387140031,2.33961402083097,0.675444170061923,1.33576709747601,8
dp_302,Dvorský et al 2022 Plant Ecology,Reintroduction of large herbivores restored plant species richness in abandoned dry temperate grassland,https://doi.org/10.1007/s11258-022-01225-w,Semi-Domestic,"Former military training area, large grazers introduced  (horse and cattle) introduced in 2015","",considerably less control that grazing plots,"Former military training area, large grazers introduced  (horse and cattle) introduced in 2015","",distal comparison with and without,with_introduction,100,2,1000000,2,4,15 per site for grazed sites (30 in total),,"",plot,Europe,50.27583577,14.89127737,good for the northern site,National Nature Monument Mladá,Bos primigenius taurus; Equus ferus caballus,basically no management,"",0.16 Bos primigenius taurus; 0.26 Equus ferus caballus,0,individuals,hectare,2,,730,1,2017,cumulative,vegetation_structure,vegetation,grass,higher_level,grass,cover,%,mean,SD,Fig_5,"",29.8922414,9.48057674,30,30.9267241,10.9344519,9,"","",JT,plant_cover,198,471.428571428571,750,41.6725560431559,0.0172423890672779,-0.0340217059602679,0.144581154526698,-0.103263674231426,0.172541091264611,-0.0990237917982764,7
dp_303,Dvorský et al 2022 Plant Ecology,Reintroduction of large herbivores restored plant species richness in abandoned dry temperate grassland,https://doi.org/10.1007/s11258-022-01225-w,Semi-Domestic,"Former military training area, large grazers introduced  (horse and cattle) introduced in 2015","",considerably less control that grazing plots,"Former military training area, large grazers introduced  (horse and cattle) introduced in 2015","",distal comparison with and without,with_introduction,100,2,1000000,2,4,15 per site for grazed sites (30 in total),,"",plot,Europe,50.27583577,14.89127737,good for the northern site,National Nature Monument Mladá,Bos primigenius taurus; Equus ferus caballus,basically no management,"",0.16 Bos primigenius taurus; 0.26 Equus ferus caballus,0,individuals,hectare,3,,1095,2,2018,cumulative,vegetation_structure,vegetation,grass,higher_level,grass,cover,%,mean,SD,Fig_5,"",30.7974138,12.38103405,30,43.9224138,11.34191127,7,"","",JT,plant_cover,198,471.428571428571,750,41.6725560431559,0.0149130252409467,-0.354994035785887,0.191139709635288,-1.05178100140479,0.215849665916101,-1.08157595397393,7
dp_304,Dvorský et al 2022 Plant Ecology,Reintroduction of large herbivores restored plant species richness in abandoned dry temperate grassland,https://doi.org/10.1007/s11258-022-01225-w,Semi-Domestic,"Former military training area, large grazers introduced  (horse and cattle) introduced in 2015","",considerably less control that grazing plots,"Former military training area, large grazers introduced  (horse and cattle) introduced in 2015","",distal comparison with and without,with_introduction,100,2,1000000,2,4,15 per site for grazed sites (30 in total),,"",plot,Europe,50.27583577,14.89127737,good for the northern site,National Nature Monument Mladá,Bos primigenius taurus; Equus ferus caballus,basically no management,"",0.16 Bos primigenius taurus; 0.26 Equus ferus caballus,0,individuals,hectare,4,,1460,3,2019,cumulative,vegetation_structure,vegetation,grass,higher_level,grass,cover,%,mean,SD,Fig_5,"",36.1637931,11.1918012,30,50.9698276,18.86878917,5,"","",JT,plant_cover,198,471.428571428571,750,41.6725560431559,0.0306014068026942,-0.343175414264847,0.252844779871164,-1.16867500086557,0.448325893444674,-0.932560583565386,7
dp_305,Dvorský et al 2022 Plant Ecology,Reintroduction of large herbivores restored plant species richness in abandoned dry temperate grassland,https://doi.org/10.1007/s11258-022-01225-w,Semi-Domestic,"Former military training area, large grazers introduced  (horse and cattle) introduced in 2015","",considerably less control that grazing plots,"Former military training area, large grazers introduced  (horse and cattle) introduced in 2015","",distal comparison with and without,with_introduction,100,2,1000000,2,4,15 per site for grazed sites (30 in total),,"",plot,Europe,50.27583577,14.89127737,good for the northern site,National Nature Monument Mladá,Bos primigenius taurus; Equus ferus caballus,basically no management,"",0.16 Bos primigenius taurus; 0.26 Equus ferus caballus,0,individuals,hectare,6,,2190,4,2021,cumulative,vegetation_structure,vegetation,grass,higher_level,grass,cover,%,mean,SD,Fig_5,"",52.5862069,12.77248567,30,56.012931,28.05704818,5,"","",JT,plant_cover,198,471.428571428571,750,41.6725560431559,0.0521472373794894,-0.0631287156730475,0.234004009985265,-0.21667340777134,0.428043131387602,-0.153596588581647,7
dp_306,Dvorský et al 2022 Plant Ecology,Reintroduction of large herbivores restored plant species richness in abandoned dry temperate grassland,https://doi.org/10.1007/s11258-022-01225-w,Semi-Domestic,"Former military training area, large grazers introduced  (horse and cattle) introduced in 2015","",considerably less control that grazing plots,"Former military training area, large grazers introduced  (horse and cattle) introduced in 2015","",distal comparison with and without,with_introduction,100,2,1000000,2,4,15 per site for grazed sites (30 in total),,"",plot,Europe,50.27583577,14.89127737,good for the northern site,National Nature Monument Mladá,Bos primigenius taurus; Equus ferus caballus,basically no management,"",0.16 Bos primigenius taurus; 0.26 Equus ferus caballus,0,individuals,hectare,2,,730,1,2017,cumulative,vegetation_structure,vegetation,forbs,higher_level,forbs,cover,%,mean,SD,Fig_5,"",13.6304348,7.72787511,30,5.4130435,2.90669242,9,"","",JT,plant_cover,198,471.428571428571,750,41.6725560431559,0.0427532199424897,0.923493641428066,0.161524903573301,1.15424252739657,0.118382837773665,1.37876616840349,7
dp_307,Dvorský et al 2022 Plant Ecology,Reintroduction of large herbivores restored plant species richness in abandoned dry temperate grassland,https://doi.org/10.1007/s11258-022-01225-w,Semi-Domestic,"Former military training area, large grazers introduced  (horse and cattle) introduced in 2015","",considerably less control that grazing plots,"Former military training area, large grazers introduced  (horse and cattle) introduced in 2015","",distal comparison with and without,with_introduction,100,2,1000000,2,4,15 per site for grazed sites (30 in total),,"",plot,Europe,50.27583577,14.89127737,good for the northern site,National Nature Monument Mladá,Bos primigenius taurus; Equus ferus caballus,basically no management,"",0.16 Bos primigenius taurus; 0.26 Equus ferus caballus,0,individuals,hectare,3,,1095,2,2018,cumulative,vegetation_structure,vegetation,forbs,higher_level,forbs,cover,%,mean,SD,Fig_5,"",22.5652174,15.28278368,30,8.8695652,5.21808878,7,"","",JT,plant_cover,198,471.428571428571,750,41.6725560431559,0.0647346542764931,0.933783891667813,0.188433064237603,0.951814853575716,0.116860482868226,1.17344624291123,7
dp_308,Dvorský et al 2022 Plant Ecology,Reintroduction of large herbivores restored plant species richness in abandoned dry temperate grassland,https://doi.org/10.1007/s11258-022-01225-w,Semi-Domestic,"Former military training area, large grazers introduced  (horse and cattle) introduced in 2015","",considerably less control that grazing plots,"Former military training area, large grazers introduced  (horse and cattle) introduced in 2015","",distal comparison with and without,with_introduction,100,2,1000000,2,4,15 per site for grazed sites (30 in total),,"",plot,Europe,50.27583577,14.89127737,good for the northern site,National Nature Monument Mladá,Bos primigenius taurus; Equus ferus caballus,basically no management,"",0.16 Bos primigenius taurus; 0.26 Equus ferus caballus,0,individuals,hectare,4,,1460,3,2019,cumulative,vegetation_structure,vegetation,forbs,higher_level,forbs,cover,%,mean,SD,Fig_5,"",25.7608696,18.8213914,30,10.3695652,10.56675597,5,"","",JT,plant_cover,198,471.428571428571,750,41.6725560431559,0.225472335059745,0.90998156570825,0.243279012613027,0.83438453340085,0.188912502750284,0.985301626688414,7
dp_309,Dvorský et al 2022 Plant Ecology,Reintroduction of large herbivores restored plant species richness in abandoned dry temperate grassland,https://doi.org/10.1007/s11258-022-01225-w,Semi-Domestic,"Former military training area, large grazers introduced  (horse and cattle) introduced in 2015","",considerably less control that grazing plots,"Former military training area, large grazers introduced  (horse and cattle) introduced in 2015","",distal comparison with and without,with_introduction,100,2,1000000,2,4,15 per site for grazed sites (30 in total),,"",plot,Europe,50.27583577,14.89127737,good for the northern site,National Nature Monument Mladá,Bos primigenius taurus; Equus ferus caballus,basically no management,"",0.16 Bos primigenius taurus; 0.26 Equus ferus caballus,0,individuals,hectare,6,,2190,4,2021,cumulative,vegetation_structure,vegetation,forbs,higher_level,forbs,cover,%,mean,SD,Fig_5,"",34.7608696,17.96401988,30,7.6956522,8.34245655,5,"","",JT,plant_cover,198,471.428571428571,750,41.6725560431559,0.243934370384486,1.50783679731097,0.267543457631451,1.54748463671478,0.20105274867976,1.88817209230731,7
dp_310,Fischer et al 2022 Biogeosciences,Grazing enhances carbon cycling but reduces methane emission during peak growing season in the Siberian Pleistocene Park tundra site,https://doi.org/10.5194/bg-19-1611-2022,Mix,Pleistocene park compared with adjacent area,all flux values but ER have been flipped so to make sure larger values = larger response  (more fluxes),"","","",distal comparison with and without,with_introduction,2000,1,20000000,1,0.36,"3 per treatment/control, but repeated measurements",,"",plot,Asia,68.51293291,161.5093975,not sure if it hits the enclosure,Pleistocene Park,Bos primigenius taurus; Equus ferus caballus; Alces alces; Ovibos moschatus; Bison bison; Rangifer tarandus; Bison bonasus; Bos grunniens; Ovis aries,"","",0.008 Bos primigenius taurus; 0.02 Equus ferus caballus; 0.005 Alces alces; 0.004 Ovibos moschatus; 0.0175 Bison bison; 0.0125 Rangifer tarandus; 0.0005 Bison bonasus; 0.004 Bos grunniens; 0.009 Ovis aries,0,individuals,hectare,14,,5110,1,2019,cumulative,ecosystem_process,vegetation,plants,higher_level,herbaceous plants,net ecosystem exchange,µmol/m2/s,mean,SD,"","",8.12,4.18,215,4.94,5.18,114,"","",JT,carbon_balance,29.14626015,362.065343478261,750,6.3808804042627,0.0108775104409857,0.496964822973755,0.0141618759820351,0.697222672708362,0.0153074240021732,0.674091116636295,1
dp_311,Fischer et al 2022 Biogeosciences,Grazing enhances carbon cycling but reduces methane emission during peak growing season in the Siberian Pleistocene Park tundra site,https://doi.org/10.5194/bg-19-1611-2022,Mix,Pleistocene park compared with adjacent area,all flux values but ER have been flipped so to make sure larger values = larger response  (more fluxes),"","","",distal comparison with and without,with_introduction,2000,1,20000000,1,0.36,"3 per treatment/control, but repeated measurements",,"",plot,Asia,68.51293291,161.5093975,not sure if it hits the enclosure,Pleistocene Park,Bos primigenius taurus; Equus ferus caballus; Alces alces; Ovibos moschatus; Bison bison; Rangifer tarandus; Bison bonasus; Bos grunniens; Ovis aries,"","",0.008 Bos primigenius taurus; 0.02 Equus ferus caballus; 0.005 Alces alces; 0.004 Ovibos moschatus; 0.0175 Bison bison; 0.0125 Rangifer tarandus; 0.0005 Bison bonasus; 0.004 Bos grunniens; 0.009 Ovis aries,0,individuals,hectare,14,,5110,1,2019,cumulative,ecosystem_process,vegetation,plants,higher_level,herbaceous plants,ecosystem respiration,µmol/m2/s,mean,SD,"","",7.47,2.13,129,4.75,2.06,68,"","",JT,carbon_fluxes,29.14626015,362.065343478261,750,6.3808804042627,0.00339618408819156,0.452750381098176,0.0266581715595026,1.28644408409138,0.0271591255493853,1.29314785025824,2
dp_312,Fischer et al 2022 Biogeosciences,Grazing enhances carbon cycling but reduces methane emission during peak growing season in the Siberian Pleistocene Park tundra site,https://doi.org/10.5194/bg-19-1611-2022,Mix,Pleistocene park compared with adjacent area,all flux values but ER have been flipped so to make sure larger values = larger response  (more fluxes),"","","",distal comparison with and without,with_introduction,2000,1,20000000,1,0.36,"3 per treatment/control, but repeated measurements",,"",plot,Asia,68.51293291,161.5093975,not sure if it hits the enclosure,Pleistocene Park,Bos primigenius taurus; Equus ferus caballus; Alces alces; Ovibos moschatus; Bison bison; Rangifer tarandus; Bison bonasus; Bos grunniens; Ovis aries,"","",0.008 Bos primigenius taurus; 0.02 Equus ferus caballus; 0.005 Alces alces; 0.004 Ovibos moschatus; 0.0175 Bison bison; 0.0125 Rangifer tarandus; 0.0005 Bison bonasus; 0.004 Bos grunniens; 0.009 Ovis aries,0,individuals,hectare,14,,5110,1,2019,cumulative,ecosystem_process,vegetation,plants,higher_level,herbaceous plants,gross primary productivity,µmol/m2/s,mean,SD,"","",15.7,5.38,198,9.5,5.32,114,"","",JT,carbon_fluxes,29.14626015,362.065343478261,750,6.3808804042627,0.00334393913620059,0.502368913747767,0.0159577102116948,1.15430143812441,0.0161959298754378,1.15605395047943,2
dp_313,Fischer et al 2022 Biogeosciences,Grazing enhances carbon cycling but reduces methane emission during peak growing season in the Siberian Pleistocene Park tundra site,https://doi.org/10.5194/bg-19-1611-2022,Mix,Pleistocene park compared with adjacent area,all flux values but ER have been flipped so to make sure larger values = larger response  (more fluxes),"","","",distal comparison with and without,with_introduction,2000,1,20000000,1,0.36,"3 per treatment/control, but repeated measurements",,"",plot,Asia,68.51293291,161.5093975,not sure if it hits the enclosure,Pleistocene Park,Bos primigenius taurus; Equus ferus caballus; Alces alces; Ovibos moschatus; Bison bison; Rangifer tarandus; Bison bonasus; Bos grunniens; Ovis aries,"","",0.008 Bos primigenius taurus; 0.02 Equus ferus caballus; 0.005 Alces alces; 0.004 Ovibos moschatus; 0.0175 Bison bison; 0.0125 Rangifer tarandus; 0.0005 Bison bonasus; 0.004 Bos grunniens; 0.009 Ovis aries,0,individuals,hectare,14,,5110,1,2019,cumulative,ecosystem_process,vegetation,plants,higher_level,herbaceous plants,methane flux,µmol/m2/s,mean,SD,"","",0.103,0.108,339,0.189,0.049,184,"","",JT,carbon_fluxes,29.14626015,362.065343478261,750,6.3808804042627,0.00360849814060788,-0.607018026830007,0.00922293022697491,-0.936406261195555,0.00792305798482701,-1.0240415910458,2
dp_314,Moinardeau et al 2021 Global Ecology and Conservation,Grazing in temporary paddocks with hardy breed horses (Konik polski) improved species-rich grasslands restoration in artificial embankments of the Rhône river (Southern France),https://doi.org/10.1016/j.gecco.2021.e01874,Semi-Domestic,"very hectic grazing management, but essentially comparing the reintroduction of different horse densities (i think=","",confusing,"study area is situated on the artificial dykes (elevation 60 m, 200 m from the channel) and embankments of the dam and hydroelectric power station of Donzère-Mondragon, built between 1948 and 1952 in the lower course of the Rhône river",they love moving horses around,distal comparison with and without,with_introduction,7,1,50000,1,4,5 per treatment,,"",plot,Europe,44.29753674,4.737120041,good,Donzère-Mondragon,Equus ferus caballus,"","fluctutated, took the mean density between 2015 and 18",0.28 Equus ferus caballus,0,individuals,hectare,1,,365,1,2016,cumulative,diversity,vegetation,plants,higher_level,all plants,richness,"",mean,SD,Fig_3,7 ha paddock vs control,27.42616,12.265352,5,16.033755,13.680585,5,tall grassland,same control for all paddocks,JT,plant_richness,84,300,300,20.1836158787319,0.185602507477906,0.536801114966822,0.431327230582653,0.79154571040027,0.539622302479216,0.79154571040027,18
dp_315,Moinardeau et al 2021 Global Ecology and Conservation,Grazing in temporary paddocks with hardy breed horses (Konik polski) improved species-rich grasslands restoration in artificial embankments of the Rhône river (Southern France),https://doi.org/10.1016/j.gecco.2021.e01874,Semi-Domestic,"very hectic grazing management, but essentially comparing the reintroduction of different horse densities (i think=","",confusing,"study area is situated on the artificial dykes (elevation 60 m, 200 m from the channel) and embankments of the dam and hydroelectric power station of Donzère-Mondragon, built between 1948 and 1952 in the lower course of the Rhône river",they love moving horses around,distal comparison with and without,with_introduction,7,1,50000,1,4,5 per treatment,,"",plot,Europe,44.29753674,4.737120041,good,Donzère-Mondragon,Equus ferus caballus,"","fluctutated, took the mean density between 2015 and 18",0.28 Equus ferus caballus,0,individuals,hectare,2,,730,2,2017,cumulative,diversity,vegetation,plants,higher_level,all plants,richness,"",mean,SD,Fig_3,7 ha paddock vs control,21.729958,39.154777,5,15.189873,17.454539,5,tall grassland,same control for all paddocks,JT,plant_richness,84,300,300,20.1836158787319,0.913436118817685,0.35806290564562,0.401896569123533,0.194759807123181,0.503429982430292,0.194759807123181,18
dp_316,Moinardeau et al 2021 Global Ecology and Conservation,Grazing in temporary paddocks with hardy breed horses (Konik polski) improved species-rich grasslands restoration in artificial embankments of the Rhône river (Southern France),https://doi.org/10.1016/j.gecco.2021.e01874,Semi-Domestic,"very hectic grazing management, but essentially comparing the reintroduction of different horse densities (i think=","",confusing,"study area is situated on the artificial dykes (elevation 60 m, 200 m from the channel) and embankments of the dam and hydroelectric power station of Donzère-Mondragon, built between 1948 and 1952 in the lower course of the Rhône river",they love moving horses around,distal comparison with and without,with_introduction,7,1,50000,1,4,5 per treatment,,"",plot,Europe,44.29753674,4.737120041,good,Donzère-Mondragon,Equus ferus caballus,"","fluctutated, took the mean density between 2015 and 18",0.28 Equus ferus caballus,0,individuals,hectare,3,,1095,3,2018,cumulative,diversity,vegetation,plants,higher_level,all plants,richness,"",mean,SD,Fig_3,7 ha paddock vs control,24.683544,25.945936,5,17.299578,7.076164,5,tall grassland,same control for all paddocks,JT,plant_richness,84,300,300,20.1836158787319,0.254442567498008,0.355454678640445,0.406142890944385,0.350510797105727,0.513378053501172,0.350510797105727,18
dp_317,Moinardeau et al 2021 Global Ecology and Conservation,Grazing in temporary paddocks with hardy breed horses (Konik polski) improved species-rich grasslands restoration in artificial embankments of the Rhône river (Southern France),https://doi.org/10.1016/j.gecco.2021.e01874,Semi-Domestic,"very hectic grazing management, but essentially comparing the reintroduction of different horse densities (i think=","",confusing,"study area is situated on the artificial dykes (elevation 60 m, 200 m from the channel) and embankments of the dam and hydroelectric power station of Donzère-Mondragon, built between 1948 and 1952 in the lower course of the Rhône river",they love moving horses around,distal comparison with and without,with_introduction,5,1,70000,1,4,5 per treatment,,"",plot,Europe,44.29753674,4.737120041,good,Donzère-Mondragon,Equus ferus caballus,"","fluctutated, took the mean density between 2015 and 18",0.21 Equus ferus caballus,0,individuals,hectare,1,,365,1,2016,cumulative,diversity,vegetation,plants,higher_level,all plants,richness,"",mean,SD,Fig_3,5 ha paddock vs control,17.721519,25.945936,5,16.033755,13.680585,5,tall grassland,same control for all paddocks,JT,plant_richness,63,300,300,15.137711909049,0.574315641545081,0.100083476376532,0.400269797777286,0.073457168102979,0.500444876370503,0.073457168102979,18
dp_318,Moinardeau et al 2021 Global Ecology and Conservation,Grazing in temporary paddocks with hardy breed horses (Konik polski) improved species-rich grasslands restoration in artificial embankments of the Rhône river (Southern France),https://doi.org/10.1016/j.gecco.2021.e01874,Semi-Domestic,"very hectic grazing management, but essentially comparing the reintroduction of different horse densities (i think=","",confusing,"study area is situated on the artificial dykes (elevation 60 m, 200 m from the channel) and embankments of the dam and hydroelectric power station of Donzère-Mondragon, built between 1948 and 1952 in the lower course of the Rhône river",they love moving horses around,distal comparison with and without,with_introduction,5,1,70000,1,4,5 per treatment,,"",plot,Europe,44.29753674,4.737120041,good,Donzère-Mondragon,Equus ferus caballus,"","fluctutated, took the mean density between 2015 and 18",0.21 Equus ferus caballus,0,individuals,hectare,2,,730,2,2017,cumulative,diversity,vegetation,plants,higher_level,all plants,richness,"",mean,SD,Fig_3,5 ha paddock vs control,27.42616,17.454539,5,15.189873,17.454539,5,tall grassland,same control for all paddocks,JT,plant_richness,63,300,300,15.137711909049,0.345087721236596,0.590868346631835,0.420023622107588,0.632828920129103,0.525029527634485,0.632828920129103,18
dp_319,Moinardeau et al 2021 Global Ecology and Conservation,Grazing in temporary paddocks with hardy breed horses (Konik polski) improved species-rich grasslands restoration in artificial embankments of the Rhône river (Southern France),https://doi.org/10.1016/j.gecco.2021.e01874,Semi-Domestic,"very hectic grazing management, but essentially comparing the reintroduction of different horse densities (i think=","",confusing,"study area is situated on the artificial dykes (elevation 60 m, 200 m from the channel) and embankments of the dam and hydroelectric power station of Donzère-Mondragon, built between 1948 and 1952 in the lower course of the Rhône river",they love moving horses around,distal comparison with and without,with_introduction,5,1,70000,1,4,5 per treatment,,"",plot,Europe,44.29753674,4.737120041,good,Donzère-Mondragon,Equus ferus caballus,"","fluctutated, took the mean density between 2015 and 18",0.21 Equus ferus caballus,0,individuals,hectare,3,,1095,3,2018,cumulative,diversity,vegetation,plants,higher_level,all plants,richness,"",mean,SD,Fig_3,5 ha paddock vs control,32.489451,9.90663,5,17.299578,7.076164,5,tall grassland,same control for all paddocks,JT,plant_richness,63,300,300,15.137711909049,0.0520572613172179,0.630233343888686,0.526855956567388,1.59283367975057,0.675249330128215,1.59283367975057,18
dp_320,Moinardeau et al 2021 Global Ecology and Conservation,Grazing in temporary paddocks with hardy breed horses (Konik polski) improved species-rich grasslands restoration in artificial embankments of the Rhône river (Southern France),https://doi.org/10.1016/j.gecco.2021.e01874,Semi-Domestic,"very hectic grazing management, but essentially comparing the reintroduction of different horse densities (i think=","",confusing,"study area is situated on the artificial dykes (elevation 60 m, 200 m from the channel) and embankments of the dam and hydroelectric power station of Donzère-Mondragon, built between 1948 and 1952 in the lower course of the Rhône river",they love moving horses around,distal comparison with and without,with_introduction,19,1,190000,1,4,5 per treatment,,"",plot,Europe,44.29753674,4.737120041,good,Donzère-Mondragon,Equus ferus caballus,"","fluctutated, took the mean density between 2015 and 18",0.15 Equus ferus caballus,0,individuals,hectare,1,,365,1,2016,cumulative,diversity,vegetation,plants,higher_level,all plants,richness,"",mean,SD,Fig_3,19 ha paddock vs control,19.198312,6.60442,5,16.033755,13.680585,5,tall grassland,same control for all paddocks,JT,plant_richness,45,300,300,10.8126513636064,0.169271143325431,0.18012617102809,0.403536094381517,0.265935871274161,0.506130116842985,0.265935871274161,18
dp_321,Moinardeau et al 2021 Global Ecology and Conservation,Grazing in temporary paddocks with hardy breed horses (Konik polski) improved species-rich grasslands restoration in artificial embankments of the Rhône river (Southern France),https://doi.org/10.1016/j.gecco.2021.e01874,Semi-Domestic,"very hectic grazing management, but essentially comparing the reintroduction of different horse densities (i think=","",confusing,"study area is situated on the artificial dykes (elevation 60 m, 200 m from the channel) and embankments of the dam and hydroelectric power station of Donzère-Mondragon, built between 1948 and 1952 in the lower course of the Rhône river",they love moving horses around,distal comparison with and without,with_introduction,19,1,190000,1,4,5 per treatment,,"",plot,Europe,44.29753674,4.737120041,good,Donzère-Mondragon,Equus ferus caballus,"","fluctutated, took the mean density between 2015 and 18",0.15 Equus ferus caballus,0,individuals,hectare,2,,730,2,2017,cumulative,diversity,vegetation,plants,higher_level,all plants,richness,"",mean,SD,Fig_3,19 ha paddock vs control,22.995781,13.680585,5,15.189873,17.454539,5,tall grassland,same control for all paddocks,JT,plant_richness,45,300,300,10.8126513636064,0.334867090988401,0.414681808511254,0.41009558172582,0.449345785021287,0.513339795650294,0.449345785021287,18
dp_322,Moinardeau et al 2021 Global Ecology and Conservation,Grazing in temporary paddocks with hardy breed horses (Konik polski) improved species-rich grasslands restoration in artificial embankments of the Rhône river (Southern France),https://doi.org/10.1016/j.gecco.2021.e01874,Semi-Domestic,"very hectic grazing management, but essentially comparing the reintroduction of different horse densities (i think=","",confusing,"study area is situated on the artificial dykes (elevation 60 m, 200 m from the channel) and embankments of the dam and hydroelectric power station of Donzère-Mondragon, built between 1948 and 1952 in the lower course of the Rhône river",they love moving horses around,distal comparison with and without,with_introduction,19,1,190000,1,4,5 per treatment,,"",plot,Europe,44.29753674,4.737120041,good,Donzère-Mondragon,Equus ferus caballus,"","fluctutated, took the mean density between 2015 and 18",0.15 Equus ferus caballus,0,individuals,hectare,3,,1095,3,2018,cumulative,diversity,vegetation,plants,higher_level,all plants,richness,"",mean,SD,Fig_3,19 ha paddock vs control,31.434599,14.152329,5,17.299578,7.076164,5,tall grassland,same control for all paddocks,JT,plant_richness,45,300,300,10.8126513636064,0.0740009355386584,0.597227057129397,0.465030512371168,1.14044300489913,0.610551875442224,1.14044300489913,18
dp_323,Moinardeau et al 2021 Global Ecology and Conservation,Grazing in temporary paddocks with hardy breed horses (Konik polski) improved species-rich grasslands restoration in artificial embankments of the Rhône river (Southern France),https://doi.org/10.1016/j.gecco.2021.e01874,Semi-Domestic,"very hectic grazing management, but essentially comparing the reintroduction of different horse densities (i think=","",confusing,"study area is situated on the artificial dykes (elevation 60 m, 200 m from the channel) and embankments of the dam and hydroelectric power station of Donzère-Mondragon, built between 1948 and 1952 in the lower course of the Rhône river",they love moving horses around,distal comparison with and without,with_introduction,7,1,50000,1,4,5 per treatment,,"",plot,Europe,44.29753674,4.737120041,good,Donzère-Mondragon,Equus ferus caballus,"","fluctutated, took the mean density between 2015 and 18",0.28 Equus ferus caballus,0,individuals,hectare,1,,365,1,2016,cumulative,vegetation_structure,vegetation,plants,higher_level,all plants,plant height,cm,mean,SD,Fig_3,7 ha paddock vs control,17.969543,17.706934,5,42.335025,25.198329,5,tall grassland,same control for all paddocks,JT,plant_height,84,300,300,20.1836158787319,0.265052612050411,-0.856936488424257,0.451004295923175,-1.00999302891827,0.571076811469818,-1.00999302891827,7
dp_324,Moinardeau et al 2021 Global Ecology and Conservation,Grazing in temporary paddocks with hardy breed horses (Konik polski) improved species-rich grasslands restoration in artificial embankments of the Rhône river (Southern France),https://doi.org/10.1016/j.gecco.2021.e01874,Semi-Domestic,"very hectic grazing management, but essentially comparing the reintroduction of different horse densities (i think=","",confusing,"study area is situated on the artificial dykes (elevation 60 m, 200 m from the channel) and embankments of the dam and hydroelectric power station of Donzère-Mondragon, built between 1948 and 1952 in the lower course of the Rhône river",they love moving horses around,distal comparison with and without,with_introduction,7,1,50000,1,4,5 per treatment,,"",plot,Europe,44.29753674,4.737120041,good,Donzère-Mondragon,Equus ferus caballus,"","fluctutated, took the mean density between 2015 and 18",0.28 Equus ferus caballus,0,individuals,hectare,2,,730,2,2017,cumulative,vegetation_structure,vegetation,plants,higher_level,all plants,plant height,cm,mean,SD,Fig_3,7 ha paddock vs control,30.456853,42.905264,5,42.030457,54.482875,5,tall grassland,same control for all paddocks,JT,plant_height,84,300,300,20.1836158787319,0.732963854533465,-0.322083495838196,0.402269605609779,-0.213054247072363,0.502992946672257,-0.213054247072363,7
dp_325,Moinardeau et al 2021 Global Ecology and Conservation,Grazing in temporary paddocks with hardy breed horses (Konik polski) improved species-rich grasslands restoration in artificial embankments of the Rhône river (Southern France),https://doi.org/10.1016/j.gecco.2021.e01874,Semi-Domestic,"very hectic grazing management, but essentially comparing the reintroduction of different horse densities (i think=","",confusing,"study area is situated on the artificial dykes (elevation 60 m, 200 m from the channel) and embankments of the dam and hydroelectric power station of Donzère-Mondragon, built between 1948 and 1952 in the lower course of the Rhône river",they love moving horses around,distal comparison with and without,with_introduction,7,1,50000,1,4,5 per treatment,,"",plot,Europe,44.29753674,4.737120041,good,Donzère-Mondragon,Equus ferus caballus,"","fluctutated, took the mean density between 2015 and 18",0.28 Equus ferus caballus,0,individuals,hectare,3,,1095,3,2018,cumulative,vegetation_structure,vegetation,plants,higher_level,all plants,plant height,cm,mean,SD,Fig_3,7 ha paddock vs control,14.010152,18.38797,5,32.284264,14.982791,5,tall grassland,same control for all paddocks,JT,plant_height,84,300,300,20.1836158787319,0.387593796421744,-0.834797719170689,0.4483684084309,-0.983548762704732,0.562927016694821,-0.983548762704732,7
dp_326,Moinardeau et al 2021 Global Ecology and Conservation,Grazing in temporary paddocks with hardy breed horses (Konik polski) improved species-rich grasslands restoration in artificial embankments of the Rhône river (Southern France),https://doi.org/10.1016/j.gecco.2021.e01874,Semi-Domestic,"very hectic grazing management, but essentially comparing the reintroduction of different horse densities (i think=","",confusing,"study area is situated on the artificial dykes (elevation 60 m, 200 m from the channel) and embankments of the dam and hydroelectric power station of Donzère-Mondragon, built between 1948 and 1952 in the lower course of the Rhône river",they love moving horses around,distal comparison with and without,with_introduction,5,1,70000,1,4,5 per treatment,,"",plot,Europe,44.29753674,4.737120041,good,Donzère-Mondragon,Equus ferus caballus,"","fluctutated, took the mean density between 2015 and 18",0.21 Equus ferus caballus,0,individuals,hectare,1,,365,1,2016,cumulative,vegetation_structure,vegetation,plants,higher_level,all plants,plant height,cm,mean,SD,Fig_3,5 ha paddock vs control,25.583756,20.431078,5,42.335025,25.198329,5,tall grassland,same control for all paddocks,JT,plant_height,63,300,300,15.137711909049,0.198406568545091,-0.503657138786636,0.421727561067821,-0.659204991907992,0.528319824296943,-0.659204991907992,7
dp_327,Moinardeau et al 2021 Global Ecology and Conservation,Grazing in temporary paddocks with hardy breed horses (Konik polski) improved species-rich grasslands restoration in artificial embankments of the Rhône river (Southern France),https://doi.org/10.1016/j.gecco.2021.e01874,Semi-Domestic,"very hectic grazing management, but essentially comparing the reintroduction of different horse densities (i think=","",confusing,"study area is situated on the artificial dykes (elevation 60 m, 200 m from the channel) and embankments of the dam and hydroelectric power station of Donzère-Mondragon, built between 1948 and 1952 in the lower course of the Rhône river",they love moving horses around,distal comparison with and without,with_introduction,5,1,70000,1,4,5 per treatment,,"",plot,Europe,44.29753674,4.737120041,good,Donzère-Mondragon,Equus ferus caballus,"","fluctutated, took the mean density between 2015 and 18",0.21 Equus ferus caballus,0,individuals,hectare,2,,730,2,2017,cumulative,vegetation_structure,vegetation,plants,higher_level,all plants,plant height,cm,mean,SD,Fig_3,5 ha paddock vs control,8.832487,5.448287,5,42.030457,54.482875,5,tall grassland,same control for all paddocks,JT,plant_height,63,300,300,15.137711909049,0.412163728614497,-1.55995789373062,0.429955166813611,-0.774017658889138,0.573419670713844,-0.774017658889138,7
dp_328,Moinardeau et al 2021 Global Ecology and Conservation,Grazing in temporary paddocks with hardy breed horses (Konik polski) improved species-rich grasslands restoration in artificial embankments of the Rhône river (Southern France),https://doi.org/10.1016/j.gecco.2021.e01874,Semi-Domestic,"very hectic grazing management, but essentially comparing the reintroduction of different horse densities (i think=","",confusing,"study area is situated on the artificial dykes (elevation 60 m, 200 m from the channel) and embankments of the dam and hydroelectric power station of Donzère-Mondragon, built between 1948 and 1952 in the lower course of the Rhône river",they love moving horses around,distal comparison with and without,with_introduction,5,1,70000,1,4,5 per treatment,,"",plot,Europe,44.29753674,4.737120041,good,Donzère-Mondragon,Equus ferus caballus,"","fluctutated, took the mean density between 2015 and 18",0.21 Equus ferus caballus,0,individuals,hectare,3,,1095,3,2018,cumulative,vegetation_structure,vegetation,plants,higher_level,all plants,plant height,cm,mean,SD,Fig_3,5 ha paddock vs control,13.096447,21.79315,5,32.284264,14.982791,5,tall grassland,same control for all paddocks,JT,plant_height,63,300,300,15.137711909049,0.596888685469444,-0.90223895680815,0.442894323245333,-0.926221606801882,0.560493250976352,-0.926221606801882,7
dp_329,Moinardeau et al 2021 Global Ecology and Conservation,Grazing in temporary paddocks with hardy breed horses (Konik polski) improved species-rich grasslands restoration in artificial embankments of the Rhône river (Southern France),https://doi.org/10.1016/j.gecco.2021.e01874,Semi-Domestic,"very hectic grazing management, but essentially comparing the reintroduction of different horse densities (i think=","",confusing,"study area is situated on the artificial dykes (elevation 60 m, 200 m from the channel) and embankments of the dam and hydroelectric power station of Donzère-Mondragon, built between 1948 and 1952 in the lower course of the Rhône river",they love moving horses around,distal comparison with and without,with_introduction,19,1,190000,1,4,5 per treatment,,"",plot,Europe,44.29753674,4.737120041,good,Donzère-Mondragon,Equus ferus caballus,"","fluctutated, took the mean density between 2015 and 18",0.15 Equus ferus caballus,0,individuals,hectare,1,,365,1,2016,cumulative,vegetation_structure,vegetation,plants,higher_level,all plants,plant height,cm,mean,SD,Fig_3,19 ha paddock vs control,30.152284,21.79315,5,42.335025,25.198329,5,tall grassland,same control for all paddocks,JT,plant_height,45,300,300,10.8126513636064,0.175334682510415,-0.339354082757505,0.410896759626871,-0.466835294871132,0.513904062666591,-0.466835294871132,7
dp_330,Moinardeau et al 2021 Global Ecology and Conservation,Grazing in temporary paddocks with hardy breed horses (Konik polski) improved species-rich grasslands restoration in artificial embankments of the Rhône river (Southern France),https://doi.org/10.1016/j.gecco.2021.e01874,Semi-Domestic,"very hectic grazing management, but essentially comparing the reintroduction of different horse densities (i think=","",confusing,"study area is situated on the artificial dykes (elevation 60 m, 200 m from the channel) and embankments of the dam and hydroelectric power station of Donzère-Mondragon, built between 1948 and 1952 in the lower course of the Rhône river",they love moving horses around,distal comparison with and without,with_introduction,19,1,190000,1,4,5 per treatment,,"",plot,Europe,44.29753674,4.737120041,good,Donzère-Mondragon,Equus ferus caballus,"","fluctutated, took the mean density between 2015 and 18",0.15 Equus ferus caballus,0,individuals,hectare,2,,730,2,2017,cumulative,vegetation_structure,vegetation,plants,higher_level,all plants,plant height,cm,mean,SD,Fig_3,19 ha paddock vs control,12.791878,19.750042,5,42.030457,54.482875,5,tall grassland,same control for all paddocks,JT,plant_height,45,300,300,10.8126513636064,0.81282123577625,-1.18958408386832,0.420742639074792,-0.644090662481481,0.541209949985858,-0.644090662481481,7
dp_331,Moinardeau et al 2021 Global Ecology and Conservation,Grazing in temporary paddocks with hardy breed horses (Konik polski) improved species-rich grasslands restoration in artificial embankments of the Rhône river (Southern France),https://doi.org/10.1016/j.gecco.2021.e01874,Semi-Domestic,"very hectic grazing management, but essentially comparing the reintroduction of different horse densities (i think=","",confusing,"study area is situated on the artificial dykes (elevation 60 m, 200 m from the channel) and embankments of the dam and hydroelectric power station of Donzère-Mondragon, built between 1948 and 1952 in the lower course of the Rhône river",they love moving horses around,distal comparison with and without,with_introduction,19,1,190000,1,4,5 per treatment,,"",plot,Europe,44.29753674,4.737120041,good,Donzère-Mondragon,Equus ferus caballus,"","fluctutated, took the mean density between 2015 and 18",0.15 Equus ferus caballus,0,individuals,hectare,3,,1095,3,2018,cumulative,vegetation_structure,vegetation,plants,higher_level,all plants,plant height,cm,mean,SD,Fig_3,19 ha paddock vs control,15.228426,14.982791,5,32.284264,14.982791,5,tall grassland,same control for all paddocks,JT,plant_height,45,300,300,10.8126513636064,0.236675853163413,-0.751416115941783,0.452798402050359,-1.0276030561492,0.565998002562949,-1.0276030561492,7
dp_332,Thulin et al 2025 Animals,Semi-Feral Horse Grazing Benefits the Grassland Diversity of Flowering Plants Including a Pollinator-Promoting Indicator Species.,https://doi.org/10.3390/ani15060862,Semi-Domestic,"rewilding swedish national horse breed in abandoned agricultural landscape (between May 2014 and September 2016),","",no clear information on how large the three experimental areas are,"abandoned farmland, prior to experiment, the experimental area was mowed occasionally and sometimes grazed with cattle",supplemental feeding and shelters,inside vs outside exclosure,with_introduction,11.5,3,345000,1,112.5,3 per experimental area,,"",plot,Europe,59.73557835,17.64957166,not sure if it hits the enclosure,"Krusenberg estate, property of the Swedish University of Agricultural Sciences (SLU) near Uppsala, Sweden",Equus ferus caballus,"","fluctuated (some horses were removed temporarily or excluded), took the initial value",0.35 Equus ferus caballus,0,individuals,hectare,1,,730,1,2015,cumulative,diversity,vegetation,plants,higher_level,all plants,evenness,"",mean,SD,Fig_3,"",0.7800613,0.1108218,63,0.7156442,0.1457399,63,"","",MR,plant_evenness,105,300,300,25.2295198484149,0.000978667700430481,0.0861893902621973,0.0327165980449361,0.494553037928094,0.0333147235471166,0.494553037928094,4
dp_333,Thulin et al 2025 Animals,Semi-Feral Horse Grazing Benefits the Grassland Diversity of Flowering Plants Including a Pollinator-Promoting Indicator Species.,https://doi.org/10.3390/ani15060862,Semi-Domestic,"rewilding swedish national horse breed in abandoned agricultural landscape (between May 2014 and September 2016),","",no clear information on how large the three experimental areas are,"abandoned farmland, prior to experiment, the experimental area was mowed occasionally and sometimes grazed with cattle",supplemental feeding and shelters,inside vs outside exclosure,with_introduction,11.5,3,345000,1,112.5,3 per experimental area,,"",plot,Europe,59.73557835,17.64957166,not sure if it hits the enclosure,"Krusenberg estate, property of the Swedish University of Agricultural Sciences (SLU) near Uppsala, Sweden",Equus ferus caballus,"","fluctuated (some horses were removed temporarily or excluded), took the initial value",0.35 Equus ferus caballus,0,individuals,hectare,2,,1095,2,2016,cumulative,diversity,vegetation,plants,higher_level,all plants,evenness,"",mean,SD,Fig_3,"",0.7326687,0.1352627,63,0.7404908,0.1334134,63,"","",MR,plant_evenness,105,300,300,25.2295198484149,0.0010562549630844,-0.0106195880510288,0.0317593223755899,-0.0578726070663498,0.0322715720696779,-0.0578726070663498,4
dp_334,Thulin et al 2025 Animals,Semi-Feral Horse Grazing Benefits the Grassland Diversity of Flowering Plants Including a Pollinator-Promoting Indicator Species.,https://doi.org/10.3390/ani15060862,Semi-Domestic,"rewilding swedish national horse breed in abandoned agricultural landscape (between May 2014 and September 2016),","",no clear information on how large the three experimental areas are,"abandoned farmland, prior to experiment, the experimental area was mowed occasionally and sometimes grazed with cattle",supplemental feeding and shelters,inside vs outside exclosure,with_introduction,11.5,3,345000,1,112.5,3 per experimental area,,"",plot,Europe,59.73557835,17.64957166,not sure if it hits the enclosure,"Krusenberg estate, property of the Swedish University of Agricultural Sciences (SLU) near Uppsala, Sweden",Equus ferus caballus,"","fluctuated (some horses were removed temporarily or excluded), took the initial value",0.35 Equus ferus caballus,0,individuals,hectare,1,,730,1,2015,cumulative,diversity,vegetation,plants,higher_level,all plants,simpson diversity,"",mean,SD,Fig_3,"",0.6864669,0.1440067,63,0.607438,0.1736925,63,"","",MR,plant_diversity,105,300,300,25.2295198484149,0.00199636051786964,0.122307896066007,0.0327079578810715,0.492346814786108,0.0332690534695468,0.492346814786108,8
dp_335,Thulin et al 2025 Animals,Semi-Feral Horse Grazing Benefits the Grassland Diversity of Flowering Plants Including a Pollinator-Promoting Indicator Species.,https://doi.org/10.3390/ani15060862,Semi-Domestic,"rewilding swedish national horse breed in abandoned agricultural landscape (between May 2014 and September 2016),","",no clear information on how large the three experimental areas are,"abandoned farmland, prior to experiment, the experimental area was mowed occasionally and sometimes grazed with cattle",supplemental feeding and shelters,inside vs outside exclosure,with_introduction,11.5,3,345000,1,112.5,3 per experimental area,,"",plot,Europe,59.73557835,17.64957166,not sure if it hits the enclosure,"Krusenberg estate, property of the Swedish University of Agricultural Sciences (SLU) near Uppsala, Sweden",Equus ferus caballus,"","fluctuated (some horses were removed temporarily or excluded), took the initial value",0.35 Equus ferus caballus,0,individuals,hectare,2,,1095,2,2016,cumulative,diversity,vegetation,plants,higher_level,all plants,simpson diversity,"",mean,SD,Fig_3,"",0.6472107,0.1540932,63,0.5743802,0.1839191,63,"","",MR,plant_diversity,105,300,300,25.2295198484149,0.00252725178891662,0.119380351976312,0.0324684199833231,0.42666360964749,0.033014613625516,0.42666360964749,8
dp_336,Thulin et al 2025 Animals,Semi-Feral Horse Grazing Benefits the Grassland Diversity of Flowering Plants Including a Pollinator-Promoting Indicator Species.,https://doi.org/10.3390/ani15060862,Semi-Domestic,"rewilding swedish national horse breed in abandoned agricultural landscape (between May 2014 and September 2016),","",no clear information on how large the three experimental areas are,"abandoned farmland, prior to experiment, the experimental area was mowed occasionally and sometimes grazed with cattle",supplemental feeding and shelters,inside vs outside exclosure,with_introduction,11.5,3,345000,1,112.5,3 per experimental area,,"",plot,Europe,59.73557835,17.64957166,not sure if it hits the enclosure,"Krusenberg estate, property of the Swedish University of Agricultural Sciences (SLU) near Uppsala, Sweden",Equus ferus caballus,"","fluctuated (some horses were removed temporarily or excluded), took the initial value",0.35 Equus ferus caballus,0,individuals,hectare,1,,730,1,2015,cumulative,diversity,vegetation,plants,higher_level,all plants,shannon diversity,"",mean,SD,Fig_3,"",1.5316092,0.4636274,63,1.2974138,0.4407742,63,"","",MR,plant_diversity,105,300,300,25.2295198484149,0.00328649892404443,0.165946048995066,0.0327968662719001,0.514597221639249,0.033328571691483,0.514597221639249,8
dp_337,Thulin et al 2025 Animals,Semi-Feral Horse Grazing Benefits the Grassland Diversity of Flowering Plants Including a Pollinator-Promoting Indicator Species.,https://doi.org/10.3390/ani15060862,Semi-Domestic,"rewilding swedish national horse breed in abandoned agricultural landscape (between May 2014 and September 2016),","",no clear information on how large the three experimental areas are,"abandoned farmland, prior to experiment, the experimental area was mowed occasionally and sometimes grazed with cattle",supplemental feeding and shelters,inside vs outside exclosure,with_introduction,11.5,3,345000,1,112.5,3 per experimental area,,"",plot,Europe,59.73557835,17.64957166,not sure if it hits the enclosure,"Krusenberg estate, property of the Swedish University of Agricultural Sciences (SLU) near Uppsala, Sweden",Equus ferus caballus,"","fluctuated (some horses were removed temporarily or excluded), took the initial value",0.35 Equus ferus caballus,0,individuals,hectare,2,,1095,2,2016,cumulative,diversity,vegetation,plants,higher_level,all plants,shannon diversity,"",mean,SD,Fig_3,"",1.4094828,0.4252275,63,1.1882184,0.450066,63,"","",MR,plant_diversity,105,300,300,25.2295198484149,0.0037220114285117,0.170767786160654,0.032747284142487,0.502310266575074,0.0332787380188063,0.502310266575074,8
dp_341,Garrido et al 2020 Ambio,Experimental rewilding may restore abandoned wood-pastures if policy allows,https://doi.org/10.1007/s13280-020-01320-0,Semi-Domestic,Experimetal rewilding at Krusenberg in sweden. They kept a few horses in three enclosures for 2-3 years and monitored what happend,"","","","",inside vs outside exclosure,with_introduction,11.5,3,345000,1,112.5,3 per experimental area,,"",plot,Europe,59.73331705,17.66667743,roughly ok,Krusenberg,Equus ferus caballus,"","fluctuated (some horses were removed temporarily or excluded), took the initial value",0.35 Equus ferus caballus,0,individuals,hectare,2,,730,1,2016,cumulative,abundance,vegetation,trees,higher_level,trees,tree abundance,individuals per plot,mean,SD,Fig_S1,"",17.8,7.9,72,23.3,8.4,72,"","",JT,plant_abundance,105,300,300,25.2295198484149,0.00454093711899251,-0.269254903273615,0.029340925233131,-0.670959363256625,0.0297601327040804,-0.670959363256625,3
dp_342,Barber et al 2019 Natural Areas Journal,Initial Responses of Dung Beetle Communities to Bison Reintroduction in Restored and Remnant Tallgrass Prairie,https://doi.org/10.3375/043.039.0405,Wild Native,compared dung beetles in areas with and without bison,"","","various, including restoration efforts and remant prairie","",distal comparison with and without,with_introduction,600,1,6000000,1,0.006,16,,"",site/plot,North America,41.88436596,-89.3431613,visitor center of site,Nachusa Grasslands,Bison bison,Introduced 2014,"",0.16 Bison bison,0,individuals,hectare,2,,730,1,2016,cumulative,abundance,arthropods,arthropods,higher_level,dung beetles,abundance,"",mean,SD,Fig_2a,"",52.3,15.4,8,27.1,16.7,7,"","",JT,invertebrate_abundance,92.680848,579.2553,579.2553,18.8917632656944,0.0650875458476447,0.657462643185222,0.340952702292977,1.48083313816076,0.39736473525897,1.47622032012418,6
dp_343,Garrido et al 2019 Journal of Applied Ecology,Experimental rewilding enhances grassland functional composition and pollinator habitat use,https://doi.org/10.1111/1365-2664.13338,Semi-Domestic,Experimetal rewilding at Krusenberg in sweden. They kept a few horses in three enclosures for 2-3 years and monitored what happend,"","","","",inside vs outside exclosure,with_introduction,11.5,3,345000,1,25,3 per experimental area,,"",plot,Europe,59.73331705,17.66667743,roughly ok,Krusenberg,Equus ferus caballus,Introduced 2014,"fluctuated (some horses were removed temporarily or excluded), took the initial value",0.35 Equus ferus caballus,0,individuals,hectare,2,,730,1,2016,cumulative,diversity,arthropods,arthropods,higher_level,butterflies,species richness,"",mean,SD,"","",0.722,1.19,54,0.2,0.491,54,"","",JT,invertebrate_richness,105,300,300,25.2295198484149,0.16191826692111,1.28370777234479,0.0385379748582537,0.569387890091447,0.0400339367387643,0.569387890091447,4
dp_344,Garrido et al 2019 Journal of Applied Ecology,Experimental rewilding enhances grassland functional composition and pollinator habitat use,https://doi.org/10.1111/1365-2664.13338,Semi-Domestic,Experimetal rewilding at Krusenberg in sweden. They kept a few horses in three enclosures for 2-3 years and monitored what happend,"","","","",inside vs outside exclosure,with_introduction,11.5,3,345000,1,25,3 per experimental area,,"",plot,Europe,59.73331705,17.66667743,roughly ok,Krusenberg,Equus ferus caballus,Introduced 2014,"fluctuated (some horses were removed temporarily or excluded), took the initial value",0.35 Equus ferus caballus,0,individuals,hectare,2,,730,1,2016,cumulative,diversity,arthropods,arthropods,higher_level,bumblebees,species richness,"",mean,SD,"","",1.61,1.5,54,0.426,0.633,54,"","",JT,invertebrate_richness,105,300,300,25.2295198484149,0.056962350356699,1.32955011170914,0.0418646925165123,1.02116285849353,0.0450487708065045,1.02116285849353,4
dp_345,Garrido et al 2019 Journal of Applied Ecology,Experimental rewilding enhances grassland functional composition and pollinator habitat use,https://doi.org/10.1111/1365-2664.13338,Semi-Domestic,Experimetal rewilding at Krusenberg in sweden. They kept a few horses in three enclosures for 2-3 years and monitored what happend,"","","","",inside vs outside exclosure,with_introduction,11.5,3,345000,1,25,3 per experimental area,,"",plot,Europe,59.73331705,17.66667743,roughly ok,Krusenberg,Equus ferus caballus,Introduced 2014,"fluctuated (some horses were removed temporarily or excluded), took the initial value",0.35 Equus ferus caballus,0,individuals,hectare,2,,730,1,2016,cumulative,abundance,arthropods,arthropods,higher_level,butterflies,eating individuals per plot,eating individuals per plot,mean,SD,"","",1,2.46,54,0.204,1.12,54,"","",JT,invertebrate_abundance,105,300,300,25.2295198484149,0.670256536659689,1.58963528513792,0.0378286959546336,0.413519438721882,0.0388901990779121,0.413519438721882,6
dp_346,Garrido et al 2019 Journal of Applied Ecology,Experimental rewilding enhances grassland functional composition and pollinator habitat use,https://doi.org/10.1111/1365-2664.13338,Semi-Domestic,Experimetal rewilding at Krusenberg in sweden. They kept a few horses in three enclosures for 2-3 years and monitored what happend,"","","","",inside vs outside exclosure,with_introduction,11.5,3,345000,1,25,3 per experimental area,,"",plot,Europe,59.73331705,17.66667743,roughly ok,Krusenberg,Equus ferus caballus,Introduced 2014,"fluctuated (some horses were removed temporarily or excluded), took the initial value",0.35 Equus ferus caballus,0,individuals,hectare,2,,730,1,2016,cumulative,abundance,arthropods,arthropods,higher_level,bumblebees,eating individuals per plot,eating individuals per plot,mean,SD,"","",42.9,62.2,54,2.93,5.89,54,"","",JT,invertebrate_abundance,105,300,300,25.2295198484149,0.113763379349615,2.683869402905,0.0407729967306122,0.898313583228173,0.0452146334999734,0.898313583228173,6
dp_347,Garrido et al 2019 Journal of Applied Ecology,Experimental rewilding enhances grassland functional composition and pollinator habitat use,https://doi.org/10.1111/1365-2664.13338,Semi-Domestic,Experimetal rewilding at Krusenberg in sweden. They kept a few horses in three enclosures for 2-3 years and monitored what happend,"","","","",inside vs outside exclosure,with_introduction,11.5,3,345000,1,25,3 per experimental area,,"",plot,Europe,59.73331705,17.66667743,roughly ok,Krusenberg,Equus ferus caballus,Introduced 2014,"fluctuated (some horses were removed temporarily or excluded), took the initial value",0.35 Equus ferus caballus,0,individuals,hectare,1,,265,1,2015,cumulative,diversity,vegetation,plants,higher_level,all plants,species richness,"",mean,SD,"","",7.71,2.49,62,6.19,2.25,62,spring,"",JT,plant_richness,105,300,300,25.2295198484149,0.00381332206531541,0.219583100878733,0.0338920860870837,0.636582555209271,0.0344646382720153,0.636582555209272,18
dp_348,Garrido et al 2019 Journal of Applied Ecology,Experimental rewilding enhances grassland functional composition and pollinator habitat use,https://doi.org/10.1111/1365-2664.13338,Semi-Domestic,Experimetal rewilding at Krusenberg in sweden. They kept a few horses in three enclosures for 2-3 years and monitored what happend,"","","","",inside vs outside exclosure,with_introduction,11.5,3,345000,1,25,3 per experimental area,,"",plot,Europe,59.73331705,17.66667743,roughly ok,Krusenberg,Equus ferus caballus,Introduced 2014,"fluctuated (some horses were removed temporarily or excluded), took the initial value",0.35 Equus ferus caballus,0,individuals,hectare,1,,365,2,2015,cumulative,diversity,vegetation,plants,higher_level,all plants,species richness,"",mean,SD,"","",8.86,3.04,63,7.56,2.43,63,summer,"",JT,plant_richness,105,300,300,25.2295198484149,0.00350863991989656,0.158675574425548,0.0326208581679079,0.469527697066741,0.0331901410768283,0.469527697066741,18
dp_349,Garrido et al 2019 Journal of Applied Ecology,Experimental rewilding enhances grassland functional composition and pollinator habitat use,https://doi.org/10.1111/1365-2664.13338,Semi-Domestic,Experimetal rewilding at Krusenberg in sweden. They kept a few horses in three enclosures for 2-3 years and monitored what happend,"","","","",inside vs outside exclosure,with_introduction,11.5,3,345000,1,25,3 per experimental area,,"",plot,Europe,59.73331705,17.66667743,roughly ok,Krusenberg,Equus ferus caballus,Introduced 2014,"fluctuated (some horses were removed temporarily or excluded), took the initial value",0.35 Equus ferus caballus,0,individuals,hectare,1,,465,3,2015,cumulative,diversity,vegetation,plants,higher_level,all plants,species richness,"",mean,SD,"","",7.63,2.6,63,6.02,1.88,63,autumn,"",JT,plant_richness,105,300,300,25.2295198484149,0.00339117463734451,0.237000585975636,0.0337202637537087,0.705341382547905,0.0344610935132348,0.705341382547905,18
dp_350,Garrido et al 2019 Journal of Applied Ecology,Experimental rewilding enhances grassland functional composition and pollinator habitat use,https://doi.org/10.1111/1365-2664.13338,Semi-Domestic,Experimetal rewilding at Krusenberg in sweden. They kept a few horses in three enclosures for 2-3 years and monitored what happend,"","","","",inside vs outside exclosure,with_introduction,11.5,3,345000,1,25,3 per experimental area,,"",plot,Europe,59.73331705,17.66667743,roughly ok,Krusenberg,Equus ferus caballus,Introduced 2014,"fluctuated (some horses were removed temporarily or excluded), took the initial value",0.35 Equus ferus caballus,0,individuals,hectare,2,,630,4,2016,cumulative,diversity,vegetation,plants,higher_level,all plants,species richness,"",mean,SD,"","",8.71,2.62,63,6.62,2.01,63,spring,"",JT,plant_richness,105,300,300,25.2295198484149,0.00289954317783747,0.274376420915495,0.0348867884198246,0.889646380195977,0.0356635670311396,0.889646380195977,18
dp_351,Garrido et al 2019 Journal of Applied Ecology,Experimental rewilding enhances grassland functional composition and pollinator habitat use,https://doi.org/10.1111/1365-2664.13338,Semi-Domestic,Experimetal rewilding at Krusenberg in sweden. They kept a few horses in three enclosures for 2-3 years and monitored what happend,"","","","",inside vs outside exclosure,with_introduction,11.5,3,345000,1,25,3 per experimental area,,"",plot,Europe,59.73331705,17.66667743,roughly ok,Krusenberg,Equus ferus caballus,Introduced 2014,"fluctuated (some horses were removed temporarily or excluded), took the initial value",0.35 Equus ferus caballus,0,individuals,hectare,2,,730,5,2016,cumulative,diversity,vegetation,plants,higher_level,all plants,species richness,"",mean,SD,"","",8.33,2.43,63,6.24,1.85,63,summer,"",JT,plant_richness,105,300,300,25.2295198484149,0.00274596302878896,0.288883273797415,0.0354178353729132,0.961922301422591,0.036253362463845,0.961922301422591,18
dp_352,Garrido et al 2019 Journal of Applied Ecology,Experimental rewilding enhances grassland functional composition and pollinator habitat use,https://doi.org/10.1111/1365-2664.13338,Semi-Domestic,Experimetal rewilding at Krusenberg in sweden. They kept a few horses in three enclosures for 2-3 years and monitored what happend,"","","","",inside vs outside exclosure,with_introduction,11.5,3,345000,1,25,3 per experimental area,,"",plot,Europe,59.73331705,17.66667743,roughly ok,Krusenberg,Equus ferus caballus,Introduced 2014,"fluctuated (some horses were removed temporarily or excluded), took the initial value",0.35 Equus ferus caballus,0,individuals,hectare,2,,830,6,2016,cumulative,diversity,vegetation,plants,higher_level,all plants,species richness,"",mean,SD,"","",6.81,2.21,63,5.59,1.58,63,autumn,"",JT,plant_richness,105,300,300,25.2295198484149,0.00293975681696087,0.197412832994413,0.0333272118925792,0.63123481916793,0.0340329058117813,0.63123481916793,18
dp_353,McMillan et al 2028 Restoration Ecology,"Plant community responses to bison reintroduction on the Northern Great Plains, United States: a test of the keystone species concept",https://doi.org/10.1111/rec.12856,Wild Native,"American Prarie - livestock grazing stopped in 2004, bison introduced in parts of the study area in 2005","","",exposed to decades of rather heavy cattle grazing prior experiment,population size is managed,distal comparison with and without,with_introduction,12545,1,"70,920,000",1,10000,10 per treatment,100,10 per plot,plot,Europe,47.74508152,-107.7764966,"captures APR, but not necessarily study site","Box elder creek, American Prairie Reserve",Bison bison,Introduced 2005,"In October 2005, the APR reintroduced 16 bison to Box Elder, and the area has experienced year-round bison grazing with the bison population growing to roughly 600 animals (including juveniles and subadults) by 2015",0.05 Bison bison,0,individuals,hectare,11,,4015,1,2015,cumulative,diversity,vegetation,plants,higher_level,all plants,Inverse Simpson Diversity Index,"",mean,SD,Fig_3a,"bison = high megafauna, removal = low megafauna, ignore """"cattle""""",7.4892241,2.2497056,10,7.9956897,3.81242048,10,"","",JT,plant_diversity,28.962765,579.2553,579.2553,5.90367602052951,0.0317582821935865,-0.0654374082738054,0.200600231736438,-0.154949248005652,0.223045016608015,-0.154949248005652,8
dp_354,McMillan et al 2028 Restoration Ecology,"Plant community responses to bison reintroduction on the Northern Great Plains, United States: a test of the keystone species concept",https://doi.org/10.1111/rec.12856,Wild Native,"American Prarie - livestock grazing stopped in 2004, bison introduced in parts of the study area in 2005","","",exposed to decades of rather heavy cattle grazing prior experiment,population size is managed,distal comparison with and without,with_introduction,12545,1,"70,920,000",1,10000,10 per treatment,100,10 per plot,plot,Europe,47.74508152,-107.7764966,"captures APR, but not necessarily study site","Box elder creek, American Prairie Reserve",Bison bison,Introduced 2005,"In October 2005, the APR reintroduced 16 bison to Box Elder, and the area has experienced year-round bison grazing with the bison population growing to roughly 600 animals (including juveniles and subadults) by 2015",0.05 Bison bison,0,individuals,hectare,11,,4015,1,2015,cumulative,diversity,vegetation,plants,higher_level,all plants,Exponential Shannon Diversity,"",mean,SD,Fig_3b,"bison = high megafauna, removal = low megafauna, ignore """"cattle""""",17.022306,5.12121588,10,15.7693966,6.41536883,10,"","",JT,plant_diversity,28.962765,579.2553,579.2553,5.90367602052951,0.0256018428955049,0.0764534639100397,0.201068228513364,0.206710281637303,0.223467411619048,0.206710281637303,8
dp_355,McMillan et al 2028 Restoration Ecology,"Plant community responses to bison reintroduction on the Northern Great Plains, United States: a test of the keystone species concept",https://doi.org/10.1111/rec.12856,Wild Native,"American Prarie - livestock grazing stopped in 2004, bison introduced in parts of the study area in 2005","","",exposed to decades of rather heavy cattle grazing prior experiment,population size is managed,distal comparison with and without,with_introduction,12545,1,"70,920,000",1,10000,10 per treatment,100,10 per plot,plot,Europe,47.74508152,-107.7764966,"captures APR, but not necessarily study site","Box elder creek, American Prairie Reserve",Bison bison,Introduced 2005,"In October 2005, the APR reintroduced 16 bison to Box Elder, and the area has experienced year-round bison grazing with the bison population growing to roughly 600 animals (including juveniles and subadults) by 2015",0.05 Bison bison,0,individuals,hectare,11,,4015,1,2015,cumulative,diversity,vegetation,plants,higher_level,all plants,species richness,rarified species richness,mean,SD,Fig_3c,"bison = high megafauna, removal = low megafauna, ignore """"cattle""""",30.6648936,6.53814004,10,23.9095745,4.08796441,10,"","",JT,plant_richness,28.962765,579.2553,579.2553,5.90367602052951,0.00746923966917007,0.248839483907549,0.235193017961548,1.18647406986496,0.268823228972667,1.18647406986496,18
dp_356,McMillan et al 2028 Restoration Ecology,"Plant community responses to bison reintroduction on the Northern Great Plains, United States: a test of the keystone species concept",https://doi.org/10.1111/rec.12856,Wild Native,"American Prarie - livestock grazing stopped in 2004, bison introduced in parts of the study area in 2005","","",exposed to decades of rather heavy cattle grazing prior experiment,population size is managed,distal comparison with and without,with_introduction,12545,1,"70,920,000",1,10000,10 per treatment,100,10 per plot,plot,Europe,47.74508152,-107.7764966,"captures APR, but not necessarily study site","Box elder creek, American Prairie Reserve",Bison bison,Introduced 2005,"In October 2005, the APR reintroduced 16 bison to Box Elder, and the area has experienced year-round bison grazing with the bison population growing to roughly 600 animals (including juveniles and subadults) by 2015",0.05 Bison bison,0,individuals,hectare,11,,4015,1,2015,cumulative,diversity,vegetation,plants,higher_level,all plants,ß diversity,species turnover,mean,SD,Fig_3d,"bison = high megafauna, removal = low megafauna, ignore """"cattle""""",0.2999081,0.05543352,10,0.2105699,0.05304496,10,"","",JT,plant_beta_diversity,28.962765,579.2553,579.2553,5.90367602052951,0.0097623342536513,0.353658429884359,0.262170891211207,1.57697040189354,0.291434824922703,1.57697040189354,2
dp_412,Plassmann et al 2010 Applied Vegetation Science,Effects of long-term grazing management on sand dune vegetation of high conservation interest,https://doi.org/10.1111/j.1654-109X.2009.01052.x,Semi-Domestic,Dunes in which they introduced grazing in the 80s and then slowly expanded. Some former control plots were suddenly grazed and then replaced by new control plots... But in principle they compare grazed vs ungrazed...,"","a bit chaotic, had to take some decisions re sample size. Looks like overall 85 grazed surveys, 94 ungrazed surveys across years. 39 locations in total, 21 in dune slacks (54%), 18 in dry dune. Splitted the number of surveys accordingly, but not sure if thats true? Overall, interesting paper, not very meta-analysis friendly.","In the past few centuries, activities such as marram grass cutting, low-intensity grazing with domestic livestock and the usage of the site as an extensive rabbit warren helped maintain the system in a physically mobile state, with landward movement of dunes and the creation of new dune slacks and blow-outs occurring (Rhind et al. 2001). Up until the 1940s much of the system remained highly mobile (Rhind et al. 2001). However, after the Second World War, the dunes were left rather unmanaged with little or no stocking (Hurford & Perry 2001). The afforestation of approximately half of the site with conifers between the 1940s and 1960s, the cessation of stock grazing, an increased deposition of atmospheric N, the decline of the marram weaving industry and decline of rabbit populations because of an outbreak of myxomatosis, which first reached Newborough Warren in 1954 (Rhind et al. 2001; Jones et al. 2008) may all have contributed to the increased stabilization of the dunes and succession towards more mature vegetation. As a consequence, the previously short swards changed to tall grass and tall herb communities, low-growing species and areas of bare sand were lost, and shrubs invaded the grasslands (Ranwell 1960; Hope-Jones 1964; Hodgkin 1984). Today, the dominant vegetation types are semi-fixed and fixed dune grasslands and mature slacks (Rhind et al. 2001).","",inside vs outside enclosure,with_introduction,1300,1,12000000,1,4,"very confusing, 18 in dune habitats and 21 in dune slacks",,"",plot,Europe,53.14493902,-4.389682844,okish,Newborough Warren,Bos primigenius taurus; Equus ferus caballus,"all over the place. Some in some enclosures, then new ones added etc","",NA Bos primigenius taurus; 0.28 Equus ferus caballus,0,individuals,hectare,3,,1095,1,1993,cumulative,diversity,vegetation,plants,higher_level,all plants,species richness,"",mean,SE,Fig_1a,total,28.4884,9.1499,43,17.5581,7.9878,39,dry dunes,"",JT,plant_richness,84,,750,20.1836158787319,0.310122648738893,0.483981604979324,0.0491295363334692,0.195351644960204,0.0499126605606273,0.196241285011571,18
dp_413,Plassmann et al 2010 Applied Vegetation Science,Effects of long-term grazing management on sand dune vegetation of high conservation interest,https://doi.org/10.1111/j.1654-109X.2009.01052.x,Semi-Domestic,Dunes in which they introduced grazing in the 80s and then slowly expanded. Some former control plots were suddenly grazed and then replaced by new control plots... But in principle they compare grazed vs ungrazed...,"","a bit chaotic, had to take some decisions re sample size. Looks like overall 85 grazed surveys, 94 ungrazed surveys across years. 39 locations in total, 21 in dune slacks (54%), 18 in dry dune. Splitted the number of surveys accordingly, but not sure if thats true? Overall, interesting paper, not very meta-analysis friendly.","In the past few centuries, activities such as marram grass cutting, low-intensity grazing with domestic livestock and the usage of the site as an extensive rabbit warren helped maintain the system in a physically mobile state, with landward movement of dunes and the creation of new dune slacks and blow-outs occurring (Rhind et al. 2001). Up until the 1940s much of the system remained highly mobile (Rhind et al. 2001). However, after the Second World War, the dunes were left rather unmanaged with little or no stocking (Hurford & Perry 2001). The afforestation of approximately half of the site with conifers between the 1940s and 1960s, the cessation of stock grazing, an increased deposition of atmospheric N, the decline of the marram weaving industry and decline of rabbit populations because of an outbreak of myxomatosis, which first reached Newborough Warren in 1954 (Rhind et al. 2001; Jones et al. 2008) may all have contributed to the increased stabilization of the dunes and succession towards more mature vegetation. As a consequence, the previously short swards changed to tall grass and tall herb communities, low-growing species and areas of bare sand were lost, and shrubs invaded the grasslands (Ranwell 1960; Hope-Jones 1964; Hodgkin 1984). Today, the dominant vegetation types are semi-fixed and fixed dune grasslands and mature slacks (Rhind et al. 2001).","",inside vs outside enclosure,with_introduction,1300,1,12000000,1,4,"very confusing, 18 in dune habitats and 21 in dune slacks",,"",plot,Europe,53.14493902,-4.389682844,okish,Newborough Warren,Bos primigenius taurus; Equus ferus caballus,"all over the place. Some in some enclosures, then new ones added etc","",NA Bos primigenius taurus; 0.28 Equus ferus caballus,0,individuals,hectare,3,,1095,1,1993,cumulative,diversity,vegetation,plants,higher_level,perennials,species richness,"",mean,SE,Fig_1a,perennials,20.6977,7.6249,43,12.2093,7.2616,39,dry dunes,"",JT,plant_richness,84,,750,20.1836158787319,0.48945297608488,0.527824626565063,0.0490851559819766,0.175738122056272,0.0500757797663891,0.176165214182242,18
dp_414,Plassmann et al 2010 Applied Vegetation Science,Effects of long-term grazing management on sand dune vegetation of high conservation interest,https://doi.org/10.1111/j.1654-109X.2009.01052.x,Semi-Domestic,Dunes in which they introduced grazing in the 80s and then slowly expanded. Some former control plots were suddenly grazed and then replaced by new control plots... But in principle they compare grazed vs ungrazed...,"","a bit chaotic, had to take some decisions re sample size. Looks like overall 85 grazed surveys, 94 ungrazed surveys across years. 39 locations in total, 21 in dune slacks (54%), 18 in dry dune. Splitted the number of surveys accordingly, but not sure if thats true? Overall, interesting paper, not very meta-analysis friendly.","In the past few centuries, activities such as marram grass cutting, low-intensity grazing with domestic livestock and the usage of the site as an extensive rabbit warren helped maintain the system in a physically mobile state, with landward movement of dunes and the creation of new dune slacks and blow-outs occurring (Rhind et al. 2001). Up until the 1940s much of the system remained highly mobile (Rhind et al. 2001). However, after the Second World War, the dunes were left rather unmanaged with little or no stocking (Hurford & Perry 2001). The afforestation of approximately half of the site with conifers between the 1940s and 1960s, the cessation of stock grazing, an increased deposition of atmospheric N, the decline of the marram weaving industry and decline of rabbit populations because of an outbreak of myxomatosis, which first reached Newborough Warren in 1954 (Rhind et al. 2001; Jones et al. 2008) may all have contributed to the increased stabilization of the dunes and succession towards more mature vegetation. As a consequence, the previously short swards changed to tall grass and tall herb communities, low-growing species and areas of bare sand were lost, and shrubs invaded the grasslands (Ranwell 1960; Hope-Jones 1964; Hodgkin 1984). Today, the dominant vegetation types are semi-fixed and fixed dune grasslands and mature slacks (Rhind et al. 2001).","",inside vs outside enclosure,with_introduction,1300,1,12000000,1,4,"very confusing, 18 in dune habitats and 21 in dune slacks",,"",plot,Europe,53.14493902,-4.389682844,okish,Newborough Warren,Bos primigenius taurus; Equus ferus caballus,"all over the place. Some in some enclosures, then new ones added etc","",NA Bos primigenius taurus; 0.28 Equus ferus caballus,0,individuals,hectare,3,,1095,1,1993,cumulative,diversity,vegetation,plants,higher_level,graminoids,species richness,"",mean,SE,Fig_1a,graminoids,6.3953,3.8125,43,4.4186,3.6308,39,dry dunes,"",JT,plant_richness,84,,750,20.1836158787319,1.03058841251134,0.369740441745425,0.0489376876536339,0.0818479180899554,0.0499235155661913,0.0820468576311216,18
dp_415,Plassmann et al 2010 Applied Vegetation Science,Effects of long-term grazing management on sand dune vegetation of high conservation interest,https://doi.org/10.1111/j.1654-109X.2009.01052.x,Semi-Domestic,Dunes in which they introduced grazing in the 80s and then slowly expanded. Some former control plots were suddenly grazed and then replaced by new control plots... But in principle they compare grazed vs ungrazed...,"","a bit chaotic, had to take some decisions re sample size. Looks like overall 85 grazed surveys, 94 ungrazed surveys across years. 39 locations in total, 21 in dune slacks (54%), 18 in dry dune. Splitted the number of surveys accordingly, but not sure if thats true? Overall, interesting paper, not very meta-analysis friendly.","In the past few centuries, activities such as marram grass cutting, low-intensity grazing with domestic livestock and the usage of the site as an extensive rabbit warren helped maintain the system in a physically mobile state, with landward movement of dunes and the creation of new dune slacks and blow-outs occurring (Rhind et al. 2001). Up until the 1940s much of the system remained highly mobile (Rhind et al. 2001). However, after the Second World War, the dunes were left rather unmanaged with little or no stocking (Hurford & Perry 2001). The afforestation of approximately half of the site with conifers between the 1940s and 1960s, the cessation of stock grazing, an increased deposition of atmospheric N, the decline of the marram weaving industry and decline of rabbit populations because of an outbreak of myxomatosis, which first reached Newborough Warren in 1954 (Rhind et al. 2001; Jones et al. 2008) may all have contributed to the increased stabilization of the dunes and succession towards more mature vegetation. As a consequence, the previously short swards changed to tall grass and tall herb communities, low-growing species and areas of bare sand were lost, and shrubs invaded the grasslands (Ranwell 1960; Hope-Jones 1964; Hodgkin 1984). Today, the dominant vegetation types are semi-fixed and fixed dune grasslands and mature slacks (Rhind et al. 2001).","",inside vs outside enclosure,with_introduction,1300,1,12000000,1,4,"very confusing, 18 in dune habitats and 21 in dune slacks",,"",plot,Europe,53.14493902,-4.389682844,okish,Newborough Warren,Bos primigenius taurus; Equus ferus caballus,"all over the place. Some in some enclosures, then new ones added etc","",NA Bos primigenius taurus; 0.28 Equus ferus caballus,0,individuals,hectare,3,,1095,1,1993,cumulative,diversity,vegetation,plants,higher_level,annuals and biennials,species richness,"",mean,SE,Fig_1a,annuals and biennials,3.7209,6.8624,43,2.2093,5.8093,39,dry dunes,"",JT,plant_richness,84,,750,20.1836158787319,10.315527981517,0.521289851232411,0.0489049374506167,0.0364423983959264,0.0496022309401842,0.0366351653958649,18
dp_416,Plassmann et al 2010 Applied Vegetation Science,Effects of long-term grazing management on sand dune vegetation of high conservation interest,https://doi.org/10.1111/j.1654-109X.2009.01052.x,Semi-Domestic,Dunes in which they introduced grazing in the 80s and then slowly expanded. Some former control plots were suddenly grazed and then replaced by new control plots... But in principle they compare grazed vs ungrazed...,"","a bit chaotic, had to take some decisions re sample size. Looks like overall 85 grazed surveys, 94 ungrazed surveys across years. 39 locations in total, 21 in dune slacks (54%), 18 in dry dune. Splitted the number of surveys accordingly, but not sure if thats true? Overall, interesting paper, not very meta-analysis friendly.","In the past few centuries, activities such as marram grass cutting, low-intensity grazing with domestic livestock and the usage of the site as an extensive rabbit warren helped maintain the system in a physically mobile state, with landward movement of dunes and the creation of new dune slacks and blow-outs occurring (Rhind et al. 2001). Up until the 1940s much of the system remained highly mobile (Rhind et al. 2001). However, after the Second World War, the dunes were left rather unmanaged with little or no stocking (Hurford & Perry 2001). The afforestation of approximately half of the site with conifers between the 1940s and 1960s, the cessation of stock grazing, an increased deposition of atmospheric N, the decline of the marram weaving industry and decline of rabbit populations because of an outbreak of myxomatosis, which first reached Newborough Warren in 1954 (Rhind et al. 2001; Jones et al. 2008) may all have contributed to the increased stabilization of the dunes and succession towards more mature vegetation. As a consequence, the previously short swards changed to tall grass and tall herb communities, low-growing species and areas of bare sand were lost, and shrubs invaded the grasslands (Ranwell 1960; Hope-Jones 1964; Hodgkin 1984). Today, the dominant vegetation types are semi-fixed and fixed dune grasslands and mature slacks (Rhind et al. 2001).","",inside vs outside enclosure,with_introduction,1300,1,12000000,1,4,"very confusing, 18 in dune habitats and 21 in dune slacks",,"",plot,Europe,53.14493902,-4.389682844,okish,Newborough Warren,Bos primigenius taurus; Equus ferus caballus,"all over the place. Some in some enclosures, then new ones added etc","",NA Bos primigenius taurus; 0.28 Equus ferus caballus,0,individuals,hectare,3,,1095,1,1993,cumulative,diversity,vegetation,plants,higher_level,bryophytes,species richness,"",mean,SE,Fig_1a,bryophytes,2.4419,2.2875,43,1.9767,2.1785,39,dry dunes,"",JT,plant_richness,84,,750,20.1836158787319,2.09213997385959,0.21134763720334,0.0489031239885866,0.0321035921339185,0.0498878581715486,0.032181615840803,18
dp_417,Plassmann et al 2010 Applied Vegetation Science,Effects of long-term grazing management on sand dune vegetation of high conservation interest,https://doi.org/10.1111/j.1654-109X.2009.01052.x,Semi-Domestic,Dunes in which they introduced grazing in the 80s and then slowly expanded. Some former control plots were suddenly grazed and then replaced by new control plots... But in principle they compare grazed vs ungrazed...,"","a bit chaotic, had to take some decisions re sample size. Looks like overall 85 grazed surveys, 94 ungrazed surveys across years. 39 locations in total, 21 in dune slacks (54%), 18 in dry dune. Splitted the number of surveys accordingly, but not sure if thats true? Overall, interesting paper, not very meta-analysis friendly.","In the past few centuries, activities such as marram grass cutting, low-intensity grazing with domestic livestock and the usage of the site as an extensive rabbit warren helped maintain the system in a physically mobile state, with landward movement of dunes and the creation of new dune slacks and blow-outs occurring (Rhind et al. 2001). Up until the 1940s much of the system remained highly mobile (Rhind et al. 2001). However, after the Second World War, the dunes were left rather unmanaged with little or no stocking (Hurford & Perry 2001). The afforestation of approximately half of the site with conifers between the 1940s and 1960s, the cessation of stock grazing, an increased deposition of atmospheric N, the decline of the marram weaving industry and decline of rabbit populations because of an outbreak of myxomatosis, which first reached Newborough Warren in 1954 (Rhind et al. 2001; Jones et al. 2008) may all have contributed to the increased stabilization of the dunes and succession towards more mature vegetation. As a consequence, the previously short swards changed to tall grass and tall herb communities, low-growing species and areas of bare sand were lost, and shrubs invaded the grasslands (Ranwell 1960; Hope-Jones 1964; Hodgkin 1984). Today, the dominant vegetation types are semi-fixed and fixed dune grasslands and mature slacks (Rhind et al. 2001).","",inside vs outside enclosure,with_introduction,1300,1,12000000,1,4,"very confusing, 18 in dune habitats and 21 in dune slacks",,"",plot,Europe,53.14493902,-4.389682844,okish,Newborough Warren,Bos primigenius taurus; Equus ferus caballus,"all over the place. Some in some enclosures, then new ones added etc","",NA Bos primigenius taurus; 0.28 Equus ferus caballus,0,individuals,hectare,3,,1095,1,1993,cumulative,diversity,vegetation,plants,higher_level,all plants,species richness,"",mean,SE,Fig_1b,total,26.6602,8.2719,51,19.9421,7.856,46,dune slacks,"",JT,plant_richness,84,,750,20.1836158787319,0.251457482179577,0.290338741661692,0.0414189455236947,0.118163271034147,0.0420678176435361,0.118482546551082,18
dp_418,Plassmann et al 2010 Applied Vegetation Science,Effects of long-term grazing management on sand dune vegetation of high conservation interest,https://doi.org/10.1111/j.1654-109X.2009.01052.x,Semi-Domestic,Dunes in which they introduced grazing in the 80s and then slowly expanded. Some former control plots were suddenly grazed and then replaced by new control plots... But in principle they compare grazed vs ungrazed...,"","a bit chaotic, had to take some decisions re sample size. Looks like overall 85 grazed surveys, 94 ungrazed surveys across years. 39 locations in total, 21 in dune slacks (54%), 18 in dry dune. Splitted the number of surveys accordingly, but not sure if thats true? Overall, interesting paper, not very meta-analysis friendly.","In the past few centuries, activities such as marram grass cutting, low-intensity grazing with domestic livestock and the usage of the site as an extensive rabbit warren helped maintain the system in a physically mobile state, with landward movement of dunes and the creation of new dune slacks and blow-outs occurring (Rhind et al. 2001). Up until the 1940s much of the system remained highly mobile (Rhind et al. 2001). However, after the Second World War, the dunes were left rather unmanaged with little or no stocking (Hurford & Perry 2001). The afforestation of approximately half of the site with conifers between the 1940s and 1960s, the cessation of stock grazing, an increased deposition of atmospheric N, the decline of the marram weaving industry and decline of rabbit populations because of an outbreak of myxomatosis, which first reached Newborough Warren in 1954 (Rhind et al. 2001; Jones et al. 2008) may all have contributed to the increased stabilization of the dunes and succession towards more mature vegetation. As a consequence, the previously short swards changed to tall grass and tall herb communities, low-growing species and areas of bare sand were lost, and shrubs invaded the grasslands (Ranwell 1960; Hope-Jones 1964; Hodgkin 1984). Today, the dominant vegetation types are semi-fixed and fixed dune grasslands and mature slacks (Rhind et al. 2001).","",inside vs outside enclosure,with_introduction,1300,1,12000000,1,4,"very confusing, 18 in dune habitats and 21 in dune slacks",,"",plot,Europe,53.14493902,-4.389682844,okish,Newborough Warren,Bos primigenius taurus; Equus ferus caballus,"all over the place. Some in some enclosures, then new ones added etc","",NA Bos primigenius taurus; 0.28 Equus ferus caballus,0,individuals,hectare,3,,1095,1,1993,cumulative,diversity,vegetation,plants,higher_level,perennials,species richness,"",mean,SE,Fig_1b,perennials,22.722,7.4447,51,16.5036,7.856,46,dune slacks,"",JT,plant_richness,84,,750,20.1836158787319,0.33394233410621,0.319755079221188,0.0414162341293728,0.115916125379703,0.0422979971095404,0.1159094658691,18
dp_419,Plassmann et al 2010 Applied Vegetation Science,Effects of long-term grazing management on sand dune vegetation of high conservation interest,https://doi.org/10.1111/j.1654-109X.2009.01052.x,Semi-Domestic,Dunes in which they introduced grazing in the 80s and then slowly expanded. Some former control plots were suddenly grazed and then replaced by new control plots... But in principle they compare grazed vs ungrazed...,"","a bit chaotic, had to take some decisions re sample size. Looks like overall 85 grazed surveys, 94 ungrazed surveys across years. 39 locations in total, 21 in dune slacks (54%), 18 in dry dune. Splitted the number of surveys accordingly, but not sure if thats true? Overall, interesting paper, not very meta-analysis friendly.","In the past few centuries, activities such as marram grass cutting, low-intensity grazing with domestic livestock and the usage of the site as an extensive rabbit warren helped maintain the system in a physically mobile state, with landward movement of dunes and the creation of new dune slacks and blow-outs occurring (Rhind et al. 2001). Up until the 1940s much of the system remained highly mobile (Rhind et al. 2001). However, after the Second World War, the dunes were left rather unmanaged with little or no stocking (Hurford & Perry 2001). The afforestation of approximately half of the site with conifers between the 1940s and 1960s, the cessation of stock grazing, an increased deposition of atmospheric N, the decline of the marram weaving industry and decline of rabbit populations because of an outbreak of myxomatosis, which first reached Newborough Warren in 1954 (Rhind et al. 2001; Jones et al. 2008) may all have contributed to the increased stabilization of the dunes and succession towards more mature vegetation. As a consequence, the previously short swards changed to tall grass and tall herb communities, low-growing species and areas of bare sand were lost, and shrubs invaded the grasslands (Ranwell 1960; Hope-Jones 1964; Hodgkin 1984). Today, the dominant vegetation types are semi-fixed and fixed dune grasslands and mature slacks (Rhind et al. 2001).","",inside vs outside enclosure,with_introduction,1300,1,12000000,1,4,"very confusing, 18 in dune habitats and 21 in dune slacks",,"",plot,Europe,53.14493902,-4.389682844,okish,Newborough Warren,Bos primigenius taurus; Equus ferus caballus,"all over the place. Some in some enclosures, then new ones added etc","",NA Bos primigenius taurus; 0.28 Equus ferus caballus,0,individuals,hectare,3,,1095,1,1993,cumulative,diversity,vegetation,plants,higher_level,graminoids,species richness,"",mean,SE,Fig_1b,graminoids,7.6641,4.136,51,5.3475,4.7136,46,dune slacks,"",JT,plant_richness,84,,750,20.1836158787319,1.06820106848054,0.359917926625713,0.0413758369911985,0.0748298290605677,0.0424275603449125,0.0746741669477214,18
dp_420,Plassmann et al 2010 Applied Vegetation Science,Effects of long-term grazing management on sand dune vegetation of high conservation interest,https://doi.org/10.1111/j.1654-109X.2009.01052.x,Semi-Domestic,Dunes in which they introduced grazing in the 80s and then slowly expanded. Some former control plots were suddenly grazed and then replaced by new control plots... But in principle they compare grazed vs ungrazed...,"","a bit chaotic, had to take some decisions re sample size. Looks like overall 85 grazed surveys, 94 ungrazed surveys across years. 39 locations in total, 21 in dune slacks (54%), 18 in dry dune. Splitted the number of surveys accordingly, but not sure if thats true? Overall, interesting paper, not very meta-analysis friendly.","In the past few centuries, activities such as marram grass cutting, low-intensity grazing with domestic livestock and the usage of the site as an extensive rabbit warren helped maintain the system in a physically mobile state, with landward movement of dunes and the creation of new dune slacks and blow-outs occurring (Rhind et al. 2001). Up until the 1940s much of the system remained highly mobile (Rhind et al. 2001). However, after the Second World War, the dunes were left rather unmanaged with little or no stocking (Hurford & Perry 2001). The afforestation of approximately half of the site with conifers between the 1940s and 1960s, the cessation of stock grazing, an increased deposition of atmospheric N, the decline of the marram weaving industry and decline of rabbit populations because of an outbreak of myxomatosis, which first reached Newborough Warren in 1954 (Rhind et al. 2001; Jones et al. 2008) may all have contributed to the increased stabilization of the dunes and succession towards more mature vegetation. As a consequence, the previously short swards changed to tall grass and tall herb communities, low-growing species and areas of bare sand were lost, and shrubs invaded the grasslands (Ranwell 1960; Hope-Jones 1964; Hodgkin 1984). Today, the dominant vegetation types are semi-fixed and fixed dune grasslands and mature slacks (Rhind et al. 2001).","",inside vs outside enclosure,with_introduction,1300,1,12000000,1,4,"very confusing, 18 in dune habitats and 21 in dune slacks",,"",plot,Europe,53.14493902,-4.389682844,okish,Newborough Warren,Bos primigenius taurus; Equus ferus caballus,"all over the place. Some in some enclosures, then new ones added etc","",NA Bos primigenius taurus; 0.28 Equus ferus caballus,0,individuals,hectare,3,,1095,1,1993,cumulative,diversity,vegetation,plants,higher_level,annuals and biennials,species richness,"",mean,SE,Fig_1b,annuals and biennials,1.6409,2.4816,51,0.8301,1.5712,46,dune slacks,"",JT,plant_richness,84,,750,20.1836158787319,5.86980593879055,0.681453975320115,0.041362196209951,0.0543432770011596,0.0411989222396409,0.0550097537279328,18
dp_421,Plassmann et al 2010 Applied Vegetation Science,Effects of long-term grazing management on sand dune vegetation of high conservation interest,https://doi.org/10.1111/j.1654-109X.2009.01052.x,Semi-Domestic,Dunes in which they introduced grazing in the 80s and then slowly expanded. Some former control plots were suddenly grazed and then replaced by new control plots... But in principle they compare grazed vs ungrazed...,"","a bit chaotic, had to take some decisions re sample size. Looks like overall 85 grazed surveys, 94 ungrazed surveys across years. 39 locations in total, 21 in dune slacks (54%), 18 in dry dune. Splitted the number of surveys accordingly, but not sure if thats true? Overall, interesting paper, not very meta-analysis friendly.","In the past few centuries, activities such as marram grass cutting, low-intensity grazing with domestic livestock and the usage of the site as an extensive rabbit warren helped maintain the system in a physically mobile state, with landward movement of dunes and the creation of new dune slacks and blow-outs occurring (Rhind et al. 2001). Up until the 1940s much of the system remained highly mobile (Rhind et al. 2001). However, after the Second World War, the dunes were left rather unmanaged with little or no stocking (Hurford & Perry 2001). The afforestation of approximately half of the site with conifers between the 1940s and 1960s, the cessation of stock grazing, an increased deposition of atmospheric N, the decline of the marram weaving industry and decline of rabbit populations because of an outbreak of myxomatosis, which first reached Newborough Warren in 1954 (Rhind et al. 2001; Jones et al. 2008) may all have contributed to the increased stabilization of the dunes and succession towards more mature vegetation. As a consequence, the previously short swards changed to tall grass and tall herb communities, low-growing species and areas of bare sand were lost, and shrubs invaded the grasslands (Ranwell 1960; Hope-Jones 1964; Hodgkin 1984). Today, the dominant vegetation types are semi-fixed and fixed dune grasslands and mature slacks (Rhind et al. 2001).","",inside vs outside enclosure,with_introduction,1300,1,12000000,1,4,"very confusing, 18 in dune habitats and 21 in dune slacks",,"",plot,Europe,53.14493902,-4.389682844,okish,Newborough Warren,Bos primigenius taurus; Equus ferus caballus,"all over the place. Some in some enclosures, then new ones added etc","",NA Bos primigenius taurus; 0.28 Equus ferus caballus,0,individuals,hectare,3,,1095,1,1993,cumulative,diversity,vegetation,plants,higher_level,bryophytes,species richness,"",mean,SE,Fig_1b,bryophytes,2.4517,2.4816,51,1.9884,2.3568,46,dune slacks,"",JT,plant_richness,84,,750,20.1836158787319,2.42941583181554,0.209451366247549,0.0413507767476575,0.0271627699301972,0.0419976337950939,0.0272361718842038,18
dp_422,Plassmann et al 2010 Applied Vegetation Science,Effects of long-term grazing management on sand dune vegetation of high conservation interest,https://doi.org/10.1111/j.1654-109X.2009.01052.x,Semi-Domestic,Dunes in which they introduced grazing in the 80s and then slowly expanded. Some former control plots were suddenly grazed and then replaced by new control plots... But in principle they compare grazed vs ungrazed...,"","a bit chaotic, had to take some decisions re sample size. Looks like overall 85 grazed surveys, 94 ungrazed surveys across years. 39 locations in total, 21 in dune slacks (54%), 18 in dry dune. Splitted the number of surveys accordingly, but not sure if thats true? Overall, interesting paper, not very meta-analysis friendly.","In the past few centuries, activities such as marram grass cutting, low-intensity grazing with domestic livestock and the usage of the site as an extensive rabbit warren helped maintain the system in a physically mobile state, with landward movement of dunes and the creation of new dune slacks and blow-outs occurring (Rhind et al. 2001). Up until the 1940s much of the system remained highly mobile (Rhind et al. 2001). However, after the Second World War, the dunes were left rather unmanaged with little or no stocking (Hurford & Perry 2001). The afforestation of approximately half of the site with conifers between the 1940s and 1960s, the cessation of stock grazing, an increased deposition of atmospheric N, the decline of the marram weaving industry and decline of rabbit populations because of an outbreak of myxomatosis, which first reached Newborough Warren in 1954 (Rhind et al. 2001; Jones et al. 2008) may all have contributed to the increased stabilization of the dunes and succession towards more mature vegetation. As a consequence, the previously short swards changed to tall grass and tall herb communities, low-growing species and areas of bare sand were lost, and shrubs invaded the grasslands (Ranwell 1960; Hope-Jones 1964; Hodgkin 1984). Today, the dominant vegetation types are semi-fixed and fixed dune grasslands and mature slacks (Rhind et al. 2001).","",inside vs outside enclosure,with_introduction,1300,1,12000000,1,4,"very confusing, 18 in dune habitats and 21 in dune slacks",,"",plot,Europe,53.14493902,-4.389682844,okish,Newborough Warren,Bos primigenius taurus; Equus ferus caballus,"all over the place. Some in some enclosures, then new ones added etc","",NA Bos primigenius taurus; 0.28 Equus ferus caballus,0,individuals,hectare,3,,1095,1,1993,cumulative,diversity,vegetation,plants,higher_level,all plants,shannon diversity,"",mean,SE,Fig_3a,dry,2.4793,0.4975,43,1.9828,0.4738,39,dry dunes,"",JT,plant_diversity,84,,750,20.1836158787319,0.0973645266555077,0.223466275105788,0.049048179632006,0.157542902565262,0.0500376305714678,0.157925741224231,8
dp_423,Plassmann et al 2010 Applied Vegetation Science,Effects of long-term grazing management on sand dune vegetation of high conservation interest,https://doi.org/10.1111/j.1654-109X.2009.01052.x,Semi-Domestic,Dunes in which they introduced grazing in the 80s and then slowly expanded. Some former control plots were suddenly grazed and then replaced by new control plots... But in principle they compare grazed vs ungrazed...,"","a bit chaotic, had to take some decisions re sample size. Looks like overall 85 grazed surveys, 94 ungrazed surveys across years. 39 locations in total, 21 in dune slacks (54%), 18 in dry dune. Splitted the number of surveys accordingly, but not sure if thats true? Overall, interesting paper, not very meta-analysis friendly.","In the past few centuries, activities such as marram grass cutting, low-intensity grazing with domestic livestock and the usage of the site as an extensive rabbit warren helped maintain the system in a physically mobile state, with landward movement of dunes and the creation of new dune slacks and blow-outs occurring (Rhind et al. 2001). Up until the 1940s much of the system remained highly mobile (Rhind et al. 2001). However, after the Second World War, the dunes were left rather unmanaged with little or no stocking (Hurford & Perry 2001). The afforestation of approximately half of the site with conifers between the 1940s and 1960s, the cessation of stock grazing, an increased deposition of atmospheric N, the decline of the marram weaving industry and decline of rabbit populations because of an outbreak of myxomatosis, which first reached Newborough Warren in 1954 (Rhind et al. 2001; Jones et al. 2008) may all have contributed to the increased stabilization of the dunes and succession towards more mature vegetation. As a consequence, the previously short swards changed to tall grass and tall herb communities, low-growing species and areas of bare sand were lost, and shrubs invaded the grasslands (Ranwell 1960; Hope-Jones 1964; Hodgkin 1984). Today, the dominant vegetation types are semi-fixed and fixed dune grasslands and mature slacks (Rhind et al. 2001).","",inside vs outside enclosure,with_introduction,1300,1,12000000,1,4,"very confusing, 18 in dune habitats and 21 in dune slacks",,"",plot,Europe,53.14493902,-4.389682844,okish,Newborough Warren,Bos primigenius taurus; Equus ferus caballus,"all over the place. Some in some enclosures, then new ones added etc","",NA Bos primigenius taurus; 0.28 Equus ferus caballus,0,individuals,hectare,3,,1095,1,1993,cumulative,diversity,vegetation,plants,higher_level,all plants,shannon diversity,"",mean,SE,Fig_3a,wet,2.4103,0.4925,51,2.0517,0.421,46,dune slacks,"",JT,plant_diversity,84,,750,20.1836158787319,0.0838565972926067,0.161082503293184,0.0414098692614829,0.110461594015279,0.0418320219055421,0.111057311661853,8
dp_424,Plassmann et al 2010 Applied Vegetation Science,Effects of long-term grazing management on sand dune vegetation of high conservation interest,https://doi.org/10.1111/j.1654-109X.2009.01052.x,Semi-Domestic,Dunes in which they introduced grazing in the 80s and then slowly expanded. Some former control plots were suddenly grazed and then replaced by new control plots... But in principle they compare grazed vs ungrazed...,"","a bit chaotic, had to take some decisions re sample size. Looks like overall 85 grazed surveys, 94 ungrazed surveys across years. 39 locations in total, 21 in dune slacks (54%), 18 in dry dune. Splitted the number of surveys accordingly, but not sure if thats true? Overall, interesting paper, not very meta-analysis friendly.","In the past few centuries, activities such as marram grass cutting, low-intensity grazing with domestic livestock and the usage of the site as an extensive rabbit warren helped maintain the system in a physically mobile state, with landward movement of dunes and the creation of new dune slacks and blow-outs occurring (Rhind et al. 2001). Up until the 1940s much of the system remained highly mobile (Rhind et al. 2001). However, after the Second World War, the dunes were left rather unmanaged with little or no stocking (Hurford & Perry 2001). The afforestation of approximately half of the site with conifers between the 1940s and 1960s, the cessation of stock grazing, an increased deposition of atmospheric N, the decline of the marram weaving industry and decline of rabbit populations because of an outbreak of myxomatosis, which first reached Newborough Warren in 1954 (Rhind et al. 2001; Jones et al. 2008) may all have contributed to the increased stabilization of the dunes and succession towards more mature vegetation. As a consequence, the previously short swards changed to tall grass and tall herb communities, low-growing species and areas of bare sand were lost, and shrubs invaded the grasslands (Ranwell 1960; Hope-Jones 1964; Hodgkin 1984). Today, the dominant vegetation types are semi-fixed and fixed dune grasslands and mature slacks (Rhind et al. 2001).","",inside vs outside enclosure,with_introduction,1300,1,12000000,1,4,"very confusing, 18 in dune habitats and 21 in dune slacks",,"",plot,Europe,53.14493902,-4.389682844,okish,Newborough Warren,Bos primigenius taurus; Equus ferus caballus,"all over the place. Some in some enclosures, then new ones added etc","",NA Bos primigenius taurus; 0.28 Equus ferus caballus,0,individuals,hectare,3,,1095,1,1993,cumulative,diversity,vegetation,plants,higher_level,all plants,evenness,"",mean,SE,Fig_3b,dry,0.7625,0.0799,43,0.702,0.1015,39,dry dunes,"",JT,plant_evenness,84,,750,20.1836158787319,0.0318856614058195,0.0826691044557556,0.0489622206294842,0.103549455503697,0.0506671371060308,0.103061120574221,4
dp_425,Plassmann et al 2010 Applied Vegetation Science,Effects of long-term grazing management on sand dune vegetation of high conservation interest,https://doi.org/10.1111/j.1654-109X.2009.01052.x,Semi-Domestic,Dunes in which they introduced grazing in the 80s and then slowly expanded. Some former control plots were suddenly grazed and then replaced by new control plots... But in principle they compare grazed vs ungrazed...,"","a bit chaotic, had to take some decisions re sample size. Looks like overall 85 grazed surveys, 94 ungrazed surveys across years. 39 locations in total, 21 in dune slacks (54%), 18 in dry dune. Splitted the number of surveys accordingly, but not sure if thats true? Overall, interesting paper, not very meta-analysis friendly.","In the past few centuries, activities such as marram grass cutting, low-intensity grazing with domestic livestock and the usage of the site as an extensive rabbit warren helped maintain the system in a physically mobile state, with landward movement of dunes and the creation of new dune slacks and blow-outs occurring (Rhind et al. 2001). Up until the 1940s much of the system remained highly mobile (Rhind et al. 2001). However, after the Second World War, the dunes were left rather unmanaged with little or no stocking (Hurford & Perry 2001). The afforestation of approximately half of the site with conifers between the 1940s and 1960s, the cessation of stock grazing, an increased deposition of atmospheric N, the decline of the marram weaving industry and decline of rabbit populations because of an outbreak of myxomatosis, which first reached Newborough Warren in 1954 (Rhind et al. 2001; Jones et al. 2008) may all have contributed to the increased stabilization of the dunes and succession towards more mature vegetation. As a consequence, the previously short swards changed to tall grass and tall herb communities, low-growing species and areas of bare sand were lost, and shrubs invaded the grasslands (Ranwell 1960; Hope-Jones 1964; Hodgkin 1984). Today, the dominant vegetation types are semi-fixed and fixed dune grasslands and mature slacks (Rhind et al. 2001).","",inside vs outside enclosure,with_introduction,1300,1,12000000,1,4,"very confusing, 18 in dune habitats and 21 in dune slacks",,"",plot,Europe,53.14493902,-4.389682844,okish,Newborough Warren,Bos primigenius taurus; Equus ferus caballus,"all over the place. Some in some enclosures, then new ones added etc","",NA Bos primigenius taurus; 0.28 Equus ferus caballus,0,individuals,hectare,3,,1095,1,1993,cumulative,diversity,vegetation,plants,higher_level,all plants,evenness,"",mean,SE,Fig_3b,wet,0.7621,0.058,51,0.7138,0.074,46,dune slacks,"",JT,plant_evenness,84,,750,20.1836158787319,0.0165396185485478,0.0654749696160117,0.0414034363598216,0.104660311628253,0.042704223410011,0.104136514951383,4
dp_426,Kohyani et al 2008 Biological Conservation,Grazing as a management tool in dune grasslands: Evidence of soil and scale dependence of the effect of large herbivores on plant diversity,Grazing as a management tool in dune grasslands: Evidence of soil and scale dependence of the effect of large herbivores on plant diversity,Semi-Domestic,"In the late 1990s, different large herbivore species were introduced in several dune reserves along the Belgian and north-western French coast as a nature conservation tool. Study compares a lot of reserves inside vs outside","",essentially only compared 64m2 inside and outside,"","",inside vs outside exclosure,with_introduction,75,1,64,1,0.0625,10,,"","",Europe,51.05908861,2.545388604,"",Ghyvelde,Equus ferus caballus,"","",0.173 Equus ferus caballus,0,individuals,hectare,11,,4015,1,2006,cumulative,diversity,vegetation,plants,higher_level,all plants,species richness,"",mean,SD,"","",4.8,0.99,10,3.2,0.46,10,Ghyvelde1,"",JT,plant_richness,51.9,300,300,12.4705912393594,0.0063203125,0.405465108108164,0.298503897739772,1.98498259679798,0.37718706900726,1.98498259679798,18
dp_427,Kohyani et al 2008 Biological Conservation,Grazing as a management tool in dune grasslands: Evidence of soil and scale dependence of the effect of large herbivores on plant diversity,Grazing as a management tool in dune grasslands: Evidence of soil and scale dependence of the effect of large herbivores on plant diversity,Semi-Domestic,"In the late 1990s, different large herbivore species were introduced in several dune reserves along the Belgian and north-western French coast as a nature conservation tool. Study compares a lot of reserves inside vs outside","",essentially only compared 64m2 inside and outside,"","",inside vs outside exclosure,with_introduction,75,1,64,1,0.0625,10,,"","",Europe,51.06437695,2.553386942,"",Ghyvelde,Equus ferus caballus,"","",0.173 Equus ferus caballus,0,individuals,hectare,11,,4015,1,2006,cumulative,diversity,vegetation,plants,higher_level,all plants,species richness,"",mean,SD,"","",9.8,1.9,10,3.2,1.1,10,Ghyvelde2,"",JT,plant_richness,51.9,300,300,12.4705912393594,0.0155752567289671,1.11923157587085,0.614401408149097,4.0713703253283,0.796826433277179,4.0713703253283,18
dp_428,Kohyani et al 2008 Biological Conservation,Grazing as a management tool in dune grasslands: Evidence of soil and scale dependence of the effect of large herbivores on plant diversity,Grazing as a management tool in dune grasslands: Evidence of soil and scale dependence of the effect of large herbivores on plant diversity,Semi-Domestic,"In the late 1990s, different large herbivore species were introduced in several dune reserves along the Belgian and north-western French coast as a nature conservation tool. Study compares a lot of reserves inside vs outside","",essentially only compared 64m2 inside and outside,"","",inside vs outside exclosure,with_introduction,29.8,1,64,1,0.0625,10,,"","",Europe,51.06523732,2.57608964,"",Cabour,Equus ferus caballus,"","",0.433 Equus ferus caballus,0,individuals,hectare,10,,3650,1,2006,cumulative,diversity,vegetation,plants,higher_level,all plants,species richness,"",mean,SD,"","",12,2.2,10,3.5,1.17,10,Cabour1,"",JT,plant_richness,129.9,300,300,31.2125202696105,0.0145358049886621,1.23214368129263,0.733584955238216,4.61989157984564,1.00039037036133,4.61989157984564,18
dp_429,Kohyani et al 2008 Biological Conservation,Grazing as a management tool in dune grasslands: Evidence of soil and scale dependence of the effect of large herbivores on plant diversity,Grazing as a management tool in dune grasslands: Evidence of soil and scale dependence of the effect of large herbivores on plant diversity,Semi-Domestic,"In the late 1990s, different large herbivore species were introduced in several dune reserves along the Belgian and north-western French coast as a nature conservation tool. Study compares a lot of reserves inside vs outside","",essentially only compared 64m2 inside and outside,"","",inside vs outside exclosure,with_introduction,29.8,1,64,1,0.0625,10,,"","",Europe,51.06383493,2.579476584,"",Cabour,Equus ferus caballus,"","",0.433 Equus ferus caballus,0,individuals,hectare,10,,3650,1,2006,cumulative,diversity,vegetation,plants,higher_level,all plants,species richness,"",mean,SD,"","",5.3,0.94,10,3.5,0.7,10,Cabour2,"",JT,plant_richness,129.9,300,300,31.2125202696105,0.00714560341758633,0.414943852062708,0.308159611261641,2.07999626212781,0.352267183681496,2.07999626212781,18
dp_430,Kohyani et al 2008 Biological Conservation,Grazing as a management tool in dune grasslands: Evidence of soil and scale dependence of the effect of large herbivores on plant diversity,Grazing as a management tool in dune grasslands: Evidence of soil and scale dependence of the effect of large herbivores on plant diversity,Semi-Domestic,"In the late 1990s, different large herbivore species were introduced in several dune reserves along the Belgian and north-western French coast as a nature conservation tool. Study compares a lot of reserves inside vs outside","",essentially only compared 64m2 inside and outside,"","",inside vs outside exclosure,with_introduction,16,1,64,1,0.0625,10,,"","",Europe,51.13581458,2.692505635,"",Ter Yde,Equus ferus caballus; Ovis aries,"","",0.3 Equus ferus caballus; 1.56 Ovis aries,0,individuals,hectare,8,,2920,1,2006,cumulative,diversity,vegetation,plants,higher_level,all plants,species richness,"",mean,SD,"","",9.5,0.93,10,4,1,10,Ter Yde1,"",JT,plant_richness,150.99132,81.1781290322581,300,46.01644694535,0.00720833795013851,0.864997437486604,0.943789802282609,5.45450200213588,1.05299251451065,5.45450200213588,18
dp_431,Kohyani et al 2008 Biological Conservation,Grazing as a management tool in dune grasslands: Evidence of soil and scale dependence of the effect of large herbivores on plant diversity,Grazing as a management tool in dune grasslands: Evidence of soil and scale dependence of the effect of large herbivores on plant diversity,Semi-Domestic,"In the late 1990s, different large herbivore species were introduced in several dune reserves along the Belgian and north-western French coast as a nature conservation tool. Study compares a lot of reserves inside vs outside","",essentially only compared 64m2 inside and outside,"","",inside vs outside exclosure,with_introduction,16,1,64,1,0.0625,10,,"","",Europe,51.13467505,2.693152157,"",Ter Yde,Equus ferus caballus; Ovis aries,"","",0.3 Equus ferus caballus; 1.56 Ovis aries,0,individuals,hectare,8,,2920,1,2006,cumulative,diversity,vegetation,plants,higher_level,all plants,species richness,"",mean,SD,"","",6.5,1.5,10,4.3,1.5,10,Ter Yde2,"",JT,plant_richness,150.99132,81.1781290322581,300,46.01644694535,0.0174941836463657,0.413187154202075,0.24931888363651,1.40454809296812,0.277020981818344,1.40454809296812,18
dp_432,Kohyani et al 2008 Biological Conservation,Grazing as a management tool in dune grasslands: Evidence of soil and scale dependence of the effect of large herbivores on plant diversity,Grazing as a management tool in dune grasslands: Evidence of soil and scale dependence of the effect of large herbivores on plant diversity,Semi-Domestic,"In the late 1990s, different large herbivore species were introduced in several dune reserves along the Belgian and north-western French coast as a nature conservation tool. Study compares a lot of reserves inside vs outside","",essentially only compared 64m2 inside and outside,"","",inside vs outside exclosure,with_introduction,16,1,64,1,0.0625,10,,"","",Europe,51.13185011,2.694455127,"",Ter Yde,Equus ferus caballus; Ovis aries,"","",0.3 Equus ferus caballus; 1.56 Ovis aries,0,individuals,hectare,8,,2920,1,2006,cumulative,diversity,vegetation,plants,higher_level,all plants,species richness,"",mean,SD,"","",8.3,1.56,10,4.6,1.5,10,Ter Yde3,"",JT,plant_richness,150.99132,81.1781290322581,300,46.01644694535,0.0141658585054226,0.590199211307503,0.334030624286114,2.31543191898284,0.371373986184622,2.31543191898284,18
dp_433,Kohyani et al 2008 Biological Conservation,Grazing as a management tool in dune grasslands: Evidence of soil and scale dependence of the effect of large herbivores on plant diversity,Grazing as a management tool in dune grasslands: Evidence of soil and scale dependence of the effect of large herbivores on plant diversity,Semi-Domestic,"In the late 1990s, different large herbivore species were introduced in several dune reserves along the Belgian and north-western French coast as a nature conservation tool. Study compares a lot of reserves inside vs outside","",essentially only compared 64m2 inside and outside,"","",inside vs outside exclosure,with_introduction,46.6,1,64,1,0.0625,10,,"","",Europe,51.07943536,2.552838951,"",Westhoek-south,Bos primigenius taurus; Equus ferus caballus,"","",0.09 Bos primigenius taurus; 0.34 Equus ferus caballus,0,individuals,hectare,11,,4015,1,2006,cumulative,diversity,vegetation,plants,higher_level,all plants,species richness,"",mean,SD,"","",14.3,1.63,10,5.9,0.99,10,Westhoek-south1,"",JT,plant_richness,169.5,394.186046511628,750,37.4071541189335,0.00411485137687921,0.885307186354188,1.08960181583363,5.96523869039161,1.42077014882146,5.96523869039161,18
dp_434,Kohyani et al 2008 Biological Conservation,Grazing as a management tool in dune grasslands: Evidence of soil and scale dependence of the effect of large herbivores on plant diversity,Grazing as a management tool in dune grasslands: Evidence of soil and scale dependence of the effect of large herbivores on plant diversity,Semi-Domestic,"In the late 1990s, different large herbivore species were introduced in several dune reserves along the Belgian and north-western French coast as a nature conservation tool. Study compares a lot of reserves inside vs outside","",essentially only compared 64m2 inside and outside,"","",inside vs outside exclosure,with_introduction,46.6,1,64,1,0.0625,10,,"","",Europe,51.08084001,2.564904588,"",Westhoek-south,Bos primigenius taurus; Equus ferus caballus,"","",0.09 Bos primigenius taurus; 0.34 Equus ferus caballus,0,individuals,hectare,11,,4015,1,2006,cumulative,diversity,vegetation,plants,higher_level,all plants,species richness,"",mean,SD,"","",10,1.69,10,2.6,0.8,10,Westhoek-south2,"",JT,plant_richness,169.5,394.186046511628,750,37.4071541189335,0.0123235556213018,1.34707364796661,0.918224114763815,5.35994072640291,1.34089698137193,5.35994072640291,18
dp_435,Kohyani et al 2008 Biological Conservation,Grazing as a management tool in dune grasslands: Evidence of soil and scale dependence of the effect of large herbivores on plant diversity,Grazing as a management tool in dune grasslands: Evidence of soil and scale dependence of the effect of large herbivores on plant diversity,Semi-Domestic,"In the late 1990s, different large herbivore species were introduced in several dune reserves along the Belgian and north-western French coast as a nature conservation tool. Study compares a lot of reserves inside vs outside","",essentially only compared 64m2 inside and outside,"","",inside vs outside exclosure,with_introduction,46.6,1,64,1,0.0625,10,,"","",Europe,51.08520364,2.551422234,"",Westhoek-south-north,Bos primigenius taurus; Equus ferus caballus,"","",0.08 Bos primigenius taurus; 0.16 Equus ferus caballus,0,individuals,hectare,10,,3650,1,2006,cumulative,diversity,vegetation,plants,higher_level,all plants,species richness,"",mean,SD,"","",14.6,3.14,10,7.4,2.07,10,Westhoek-south-north,"",JT,plant_richness,108,450,750,22.9988082942992,0.0124503178440774,0.679541528504167,0.368057455015295,2.59273951653686,0.437958409373722,2.59273951653686,18
dp_436,Kohyani et al 2008 Biological Conservation,Grazing as a management tool in dune grasslands: Evidence of soil and scale dependence of the effect of large herbivores on plant diversity,Grazing as a management tool in dune grasslands: Evidence of soil and scale dependence of the effect of large herbivores on plant diversity,Semi-Domestic,"In the late 1990s, different large herbivore species were introduced in several dune reserves along the Belgian and north-western French coast as a nature conservation tool. Study compares a lot of reserves inside vs outside","",essentially only compared 64m2 inside and outside,"","",inside vs outside exclosure,with_introduction,75,1,64,1,0.0625,10,,"","",Europe,51.05908861,2.545388604,"",Ghyvelde,Equus ferus caballus,"","",0.173 Equus ferus caballus,0,individuals,hectare,11,,4015,1,2006,cumulative,diversity,vegetation,plants,higher_level,all plants,community dissimilarity,"",mean,SD,"","",0.09,0.07,10,0.31,0.11,10,Ghyvelde1,"",JT,plant_beta_diversity,51.9,300,300,12.4705912393594,0.0730848781490474,-1.23676262714893,0.330549986096644,-2.28516945626922,0.393297413537793,-2.28516945626922,2
dp_437,Kohyani et al 2008 Biological Conservation,Grazing as a management tool in dune grasslands: Evidence of soil and scale dependence of the effect of large herbivores on plant diversity,Grazing as a management tool in dune grasslands: Evidence of soil and scale dependence of the effect of large herbivores on plant diversity,Semi-Domestic,"In the late 1990s, different large herbivore species were introduced in several dune reserves along the Belgian and north-western French coast as a nature conservation tool. Study compares a lot of reserves inside vs outside","",essentially only compared 64m2 inside and outside,"","",inside vs outside exclosure,with_introduction,75,1,64,1,0.0625,10,,"","",Europe,51.06437695,2.553386942,"",Ghyvelde,Equus ferus caballus,"","",0.173 Equus ferus caballus,0,individuals,hectare,11,,4015,1,2006,cumulative,diversity,vegetation,plants,higher_level,all plants,community dissimilarity,"",mean,SD,"","",0.15,0.08,10,0.29,0.08,10,Ghyvelde2,"",JT,plant_beta_diversity,51.9,300,300,12.4705912393594,0.036054432553838,-0.659245628884264,0.270214448875584,-1.67588124729151,0.300238276528426,-1.67588124729151,2
dp_438,Kohyani et al 2008 Biological Conservation,Grazing as a management tool in dune grasslands: Evidence of soil and scale dependence of the effect of large herbivores on plant diversity,Grazing as a management tool in dune grasslands: Evidence of soil and scale dependence of the effect of large herbivores on plant diversity,Semi-Domestic,"In the late 1990s, different large herbivore species were introduced in several dune reserves along the Belgian and north-western French coast as a nature conservation tool. Study compares a lot of reserves inside vs outside","",essentially only compared 64m2 inside and outside,"","",inside vs outside exclosure,with_introduction,29.8,1,64,1,0.0625,10,,"","",Europe,51.06523732,2.57608964,"",Cabour,Equus ferus caballus,"","",0.433 Equus ferus caballus,0,individuals,hectare,10,,3650,1,2006,cumulative,diversity,vegetation,plants,higher_level,all plants,community dissimilarity,"",mean,SD,"","",0.2,0.04,10,0.26,0.17,10,Cabour1,"",JT,plant_beta_diversity,129.9,300,300,31.2125202696105,0.0467514792899408,-0.262364264467491,0.205412314828014,-0.465287645570531,0.233053898279353,-0.465287645570531,2
dp_439,Kohyani et al 2008 Biological Conservation,Grazing as a management tool in dune grasslands: Evidence of soil and scale dependence of the effect of large herbivores on plant diversity,Grazing as a management tool in dune grasslands: Evidence of soil and scale dependence of the effect of large herbivores on plant diversity,Semi-Domestic,"In the late 1990s, different large herbivore species were introduced in several dune reserves along the Belgian and north-western French coast as a nature conservation tool. Study compares a lot of reserves inside vs outside","",essentially only compared 64m2 inside and outside,"","",inside vs outside exclosure,with_introduction,29.8,1,64,1,0.0625,10,,"","",Europe,51.06383493,2.579476584,"",Cabour,Equus ferus caballus,"","",0.433 Equus ferus caballus,0,individuals,hectare,10,,3650,1,2006,cumulative,diversity,vegetation,plants,higher_level,all plants,community dissimilarity,"",mean,SD,"","",0.17,0.05,10,0.13,0.19,10,Cabour2,"",JT,plant_beta_diversity,129.9,300,300,31.2125202696105,0.222259986486763,0.268263986594679,0.201900697780707,0.275731592727954,0.225934309520502,0.275731592727954,2
dp_440,Kohyani et al 2008 Biological Conservation,Grazing as a management tool in dune grasslands: Evidence of soil and scale dependence of the effect of large herbivores on plant diversity,Grazing as a management tool in dune grasslands: Evidence of soil and scale dependence of the effect of large herbivores on plant diversity,Semi-Domestic,"In the late 1990s, different large herbivore species were introduced in several dune reserves along the Belgian and north-western French coast as a nature conservation tool. Study compares a lot of reserves inside vs outside","",essentially only compared 64m2 inside and outside,"","",inside vs outside exclosure,with_introduction,16,1,64,1,0.0625,10,,"","",Europe,51.13581458,2.692505635,"",Ter Yde,Equus ferus caballus; Ovis aries,"","",0.3 Equus ferus caballus; 1.56 Ovis aries,0,individuals,hectare,8,,2920,1,2006,cumulative,diversity,vegetation,plants,higher_level,all plants,community dissimilarity,"",mean,SD,"","",0.18,0.06,10,0.28,0.1,10,Ter Yde1,"",JT,plant_beta_diversity,150.99132,81.1781290322581,300,46.01644694535,0.0238662131519274,-0.441832752279039,0.233716422029092,-1.16131687371005,0.267981149466626,-1.16131687371005,2
dp_441,Kohyani et al 2008 Biological Conservation,Grazing as a management tool in dune grasslands: Evidence of soil and scale dependence of the effect of large herbivores on plant diversity,Grazing as a management tool in dune grasslands: Evidence of soil and scale dependence of the effect of large herbivores on plant diversity,Semi-Domestic,"In the late 1990s, different large herbivore species were introduced in several dune reserves along the Belgian and north-western French coast as a nature conservation tool. Study compares a lot of reserves inside vs outside","",essentially only compared 64m2 inside and outside,"","",inside vs outside exclosure,with_introduction,16,1,64,1,0.0625,10,,"","",Europe,51.13467505,2.693152157,"",Ter Yde,Equus ferus caballus; Ovis aries,"","",0.3 Equus ferus caballus; 1.56 Ovis aries,0,individuals,hectare,8,,2920,1,2006,cumulative,diversity,vegetation,plants,higher_level,all plants,community dissimilarity,"",mean,SD,"","",0.11,0.05,10,0.11,0.07,10,Ter Yde2,"",JT,plant_beta_diversity,150.99132,81.1781290322581,300,46.01644694535,0.0611570247933884,0,0.2,0,0.222222222222222,0,2
dp_442,Kohyani et al 2008 Biological Conservation,Grazing as a management tool in dune grasslands: Evidence of soil and scale dependence of the effect of large herbivores on plant diversity,Grazing as a management tool in dune grasslands: Evidence of soil and scale dependence of the effect of large herbivores on plant diversity,Semi-Domestic,"In the late 1990s, different large herbivore species were introduced in several dune reserves along the Belgian and north-western French coast as a nature conservation tool. Study compares a lot of reserves inside vs outside","",essentially only compared 64m2 inside and outside,"","",inside vs outside exclosure,with_introduction,16,1,64,1,0.0625,10,,"","",Europe,51.13185011,2.694455127,"",Ter Yde,Equus ferus caballus; Ovis aries,"","",0.3 Equus ferus caballus; 1.56 Ovis aries,0,individuals,hectare,8,,2920,1,2006,cumulative,diversity,vegetation,plants,higher_level,all plants,community dissimilarity,"",mean,SD,"","",0.11,0.03,10,0.11,0.07,10,Ter Yde3,"",JT,plant_beta_diversity,150.99132,81.1781290322581,300,46.01644694535,0.0479338842975207,0,0.2,0,0.222222222222222,0,2
dp_443,Kohyani et al 2008 Biological Conservation,Grazing as a management tool in dune grasslands: Evidence of soil and scale dependence of the effect of large herbivores on plant diversity,Grazing as a management tool in dune grasslands: Evidence of soil and scale dependence of the effect of large herbivores on plant diversity,Semi-Domestic,"In the late 1990s, different large herbivore species were introduced in several dune reserves along the Belgian and north-western French coast as a nature conservation tool. Study compares a lot of reserves inside vs outside","",essentially only compared 64m2 inside and outside,"","",inside vs outside exclosure,with_introduction,46.6,1,64,1,0.0625,10,,"","",Europe,51.07943536,2.552838951,"",Westhoek-south,Bos primigenius taurus; Equus ferus caballus,"","",0.09 Bos primigenius taurus; 0.34 Equus ferus caballus,0,individuals,hectare,11,,4015,1,2006,cumulative,diversity,vegetation,plants,higher_level,all plants,community dissimilarity,"",mean,SD,"","",0.44,0.22,10,0.19,0.11,10,Westhoek-south1,"",JT,plant_beta_diversity,169.5,394.186046511628,750,37.4071541189335,0.0585180055401662,0.839750654751821,0.247370179710294,1.37651995568963,0.293803827117778,1.37651995568963,2
dp_444,Kohyani et al 2008 Biological Conservation,Grazing as a management tool in dune grasslands: Evidence of soil and scale dependence of the effect of large herbivores on plant diversity,Grazing as a management tool in dune grasslands: Evidence of soil and scale dependence of the effect of large herbivores on plant diversity,Semi-Domestic,"In the late 1990s, different large herbivore species were introduced in several dune reserves along the Belgian and north-western French coast as a nature conservation tool. Study compares a lot of reserves inside vs outside","",essentially only compared 64m2 inside and outside,"","",inside vs outside exclosure,with_introduction,46.6,1,64,1,0.0625,10,,"","",Europe,51.08084001,2.564904588,"",Westhoek-south,Bos primigenius taurus; Equus ferus caballus,"","",0.09 Bos primigenius taurus; 0.34 Equus ferus caballus,0,individuals,hectare,11,,4015,1,2006,cumulative,diversity,vegetation,plants,higher_level,all plants,community dissimilarity,"",mean,SD,"","",0.22,0.09,10,0.16,0.11,10,Westhoek-south2,"",JT,plant_beta_diversity,169.5,394.186046511628,750,37.4071541189335,0.0640011621900827,0.318453731118535,0.208172059517546,0.571736285976191,0.231658334471077,0.571736285976191,2
dp_445,Kohyani et al 2008 Biological Conservation,Grazing as a management tool in dune grasslands: Evidence of soil and scale dependence of the effect of large herbivores on plant diversity,Grazing as a management tool in dune grasslands: Evidence of soil and scale dependence of the effect of large herbivores on plant diversity,Semi-Domestic,"In the late 1990s, different large herbivore species were introduced in several dune reserves along the Belgian and north-western French coast as a nature conservation tool. Study compares a lot of reserves inside vs outside","",essentially only compared 64m2 inside and outside,"","",inside vs outside exclosure,with_introduction,46.6,1,64,1,0.0625,10,,"","",Europe,51.08520364,2.551422234,"",Westhoek-south-north,Bos primigenius taurus; Equus ferus caballus,"","",0.08 Bos primigenius taurus; 0.16 Equus ferus caballus,0,individuals,hectare,10,,3650,1,2006,cumulative,diversity,vegetation,plants,higher_level,all plants,community dissimilarity,"",mean,SD,"","",0.31,0.08,10,0.16,0.03,10,Westhoek-south-north,"",JT,plant_beta_diversity,108,450,750,22.9988082942992,0.0101753544484912,0.661398482245365,0.341331851245234,2.37766146661155,0.468398549926542,2.37766146661155,2
dp_446,Smit et al 2001 Plant Ecology,Effects of introduction and exclusion of large herbivores on small rodent communities,https://doi.org/10.1023/A:1013239805915,Wild Native,They opened parts of a nationalpark to large herbivores after establishing exclosures in the previously ungrased areas,"","","","",inside vs outside exclosure,with_introduction,450,2,4500000,2,375,16,,"","",Europe,52.07451069,5.847622972,"",National Park De Hoge Veluwe,Cervus elaphus; Ovis ammon musimon,"","",0.046 Cervus elaphus; 0.046 Ovis ammon musimon,0,individuals,hectare,3,,1095,1,1997,cumulative,abundance,small mammals,small mammal,higher_level,rodents,total individuals,"",mean,SE,"","",7.06,1,16,6.63,0.92,16,"","",JT,small_mammal_abundance,8.7975,95.625,131.25,2.77542248837535,0.0393179813062048,0.0628402473073796,0.125185836726929,0.109057556012682,0.133532930976406,0.109057556012682,1
dp_447,Ward et al 1999 Journal of Vegetation Science,Effects of grazing by re-introduced Equus hemionus on the vegetation in a Negev desert erosion cirque,https://doi.org/10.2307%2F3237192,Wild Native,"Wild ass reintroduced in 1983, exclosure experiment established 1992 to monitor plant ocmmunity response to donkeys","","","","",inside vs outside exclosure,post_introduction,20000,1,2000000000,1,439,11,,"","",Asia,30.58317348,34.75031541,"",Makhtesh Ramon,Equus hemionus,"","",0.005 Equus hemionus,0,individuals,hectare,12.5,5,1825,1,1997,cumulative,vegetation_structure,vegetation,plants,higher_level,all plants,cover,%,mean,SE,"","",32.9,1.5,11,38.56,1.5,11,"","",JT,plant_cover,1,200,200,0.265914794847249,0.00359193704679064,-0.158742811971019,0.209039242570413,-1.0944069960934,0.229943166827455,-1.0944069960934,7
dp_448,Ward et al 1999 Journal of Vegetation Science,Effects of grazing by re-introduced Equus hemionus on the vegetation in a Negev desert erosion cirque,https://doi.org/10.2307%2F3237192,Wild Native,"Wild ass reintroduced in 1983, exclosure experiment established 1992 to monitor plant ocmmunity response to donkeys","","","","",inside vs outside exclosure,post_introduction,20000,1,2000000000,1,439,11,,"","",Asia,30.58317348,34.75031541,"",Makhtesh Ramon,Equus hemionus,"","",0.005 Equus hemionus,0,individuals,hectare,12.5,5,1825,1,1997,cumulative,diversity,vegetation,plants,higher_level,all plants,species richness,"",mean,SE,"","",41.36,2.16,11,39.73,2.3,11,"","",JT,plant_richness,1,200,200,0.265914794847249,0.00607872536528953,0.0402076603736662,0.182838633547478,0.211895908618,0.201126912363315,0.211895908618,18
dp_449,Ward et al 1999 Journal of Vegetation Science,Effects of grazing by re-introduced Equus hemionus on the vegetation in a Negev desert erosion cirque,https://doi.org/10.2307%2F3237192,Wild Native,"Wild ass reintroduced in 1983, exclosure experiment established 1992 to monitor plant ocmmunity response to donkeys","","","","",inside vs outside exclosure,post_introduction,20000,1,2000000000,1,439,11,,"","",Asia,30.58317348,34.75031541,"",Makhtesh Ramon,Equus hemionus,"","",0.005 Equus hemionus,0,individuals,hectare,12.5,5,1825,1,1997,cumulative,diversity,vegetation,plants,higher_level,all plants,shannon diversity,"",mean,SE,"","",2.8,0.07,11,2.79,0.09,11,"","",JT,plant_diversity,1,200,200,0.265914794847249,0.00166558272632674,0.0035778213478839,0.181847594955054,0.0359746858550393,0.200034314862238,0.0359746858550393,8
dp_450,Ward et al 1999 Journal of Vegetation Science,Effects of grazing by re-introduced Equus hemionus on the vegetation in a Negev desert erosion cirque,https://doi.org/10.2307%2F3237192,Wild Native,"Wild ass reintroduced in 1983, exclosure experiment established 1992 to monitor plant ocmmunity response to donkeys","","","","",inside vs outside exclosure,post_introduction,20000,1,2000000000,1,439,11,,"","",Asia,30.58317348,34.75031541,"",Makhtesh Ramon,Equus hemionus,"","",0.005 Equus hemionus,0,individuals,hectare,12.5,5,1825,1,1997,cumulative,diversity,vegetation,plants,higher_level,all plants,simpson dominance,"",mean,SE,"","",8.66,0.62,11,9.06,0.68,11,"","",JT,plant_diversity,1,200,200,0.265914794847249,0.0107589152285676,-0.0451543974805442,0.182540658491467,-0.178294625899248,0.200801467198731,-0.178294625899248,8
dp_451,Collins et al 1998 Science,Modulation of Diversity by Grazing and Mowing in Native Tallgrass Prairie,10.1126/science.280.5364.74,Wild Native,Konza prairie,"assume error is SE, but they don't report","","","",distal comparison with and without,with_introduction,1012,1,10120000,1,50,8 per treatment,,"",plot,North America,39.08339354,-96.5832714,reasonable,Konza Prairie Biological Station,Bison bison,"In 1987, 30 bison were introduced and restricted to under half of their current spatial extent, including catchment N20A. In 1992, the bison herd was given access to its current 1012 ha area, including catchment N20B. The herd increased to an average of 270 adults with the goal of a grazing rate of ~25% removal of aboveground production each year",likely kept artifically constant,0.26 Bison bison,0,individuals,hectare,3,3,1095,1,1995,cumulative,diversity,vegetation,plants,higher_level,C4 grasses,species richness,"",mean,SE,"","",9.4,3.2,8,6.6,1.2,8,"","",JT,plant_richness,150.606378,579.2553,579.2553,30.6991153067535,0.148947394019208,0.353640040243578,0.254685881385672,0.387231460939731,0.294109503921059,0.387231460939731,18
dp_452,Collins et al 1998 Science,Modulation of Diversity by Grazing and Mowing in Native Tallgrass Prairie,10.1126/science.280.5364.74,Wild Native,Konza prairie,"assume error is SE, but they don't report","","","",distal comparison with and without,with_introduction,1012,1,10120000,1,50,8 per treatment,,"",plot,North America,39.08339354,-96.5832714,reasonable,Konza Prairie Biological Station,Bison bison,"In 1987, 30 bison were introduced and restricted to under half of their current spatial extent, including catchment N20A. In 1992, the bison herd was given access to its current 1012 ha area, including catchment N20B. The herd increased to an average of 270 adults with the goal of a grazing rate of ~25% removal of aboveground production each year",likely kept artifically constant,0.26 Bison bison,0,individuals,hectare,3,3,1095,1,1995,cumulative,diversity,vegetation,plants,higher_level,C3 grasses,species richness,"",mean,SE,"","",8.3,2.1,8,6.4,1.4,8,"","",JT,plant_richness,150.606378,579.2553,579.2553,30.6991153067535,0.111866659030701,0.259957524436926,0.253956269251806,0.355809803206428,0.290904589922911,0.355809803206428,18
dp_453,Collins et al 1998 Science,Modulation of Diversity by Grazing and Mowing in Native Tallgrass Prairie,10.1126/science.280.5364.74,Wild Native,Konza prairie,"assume error is SE, but they don't report","","","",distal comparison with and without,with_introduction,1012,1,10120000,1,50,8 per treatment,,"",plot,North America,39.08339354,-96.5832714,reasonable,Konza Prairie Biological Station,Bison bison,"In 1987, 30 bison were introduced and restricted to under half of their current spatial extent, including catchment N20A. In 1992, the bison herd was given access to its current 1012 ha area, including catchment N20B. The herd increased to an average of 270 adults with the goal of a grazing rate of ~25% removal of aboveground production each year",likely kept artifically constant,0.26 Bison bison,0,individuals,hectare,3,3,1095,1,1995,cumulative,diversity,vegetation,plants,higher_level,Forbs,species richness,"",mean,SE,"","",41.5,10,8,29.1,7.4,8,"","",JT,plant_richness,150.606378,579.2553,579.2553,30.6991153067535,0.122729797543421,0.354955253059206,0.256935898362158,0.471114367844011,0.29431839117752,0.471114367844011,18
dp_454,Collins et al 1998 Science,Modulation of Diversity by Grazing and Mowing in Native Tallgrass Prairie,10.1126/science.280.5364.74,Wild Native,Konza prairie,"assume error is SE, but they don't report","","","",distal comparison with and without,with_introduction,1012,1,10120000,1,50,8 per treatment,,"",plot,North America,39.08339354,-96.5832714,reasonable,Konza Prairie Biological Station,Bison bison,"In 1987, 30 bison were introduced and restricted to under half of their current spatial extent, including catchment N20A. In 1992, the bison herd was given access to its current 1012 ha area, including catchment N20B. The herd increased to an average of 270 adults with the goal of a grazing rate of ~25% removal of aboveground production each year",likely kept artifically constant,0.26 Bison bison,0,individuals,hectare,3,3,1095,1,1995,cumulative,diversity,vegetation,plants,higher_level,woody plants,species richness,"",mean,SE,"","",4.8,1.9,8,4.2,1.9,8,"","",JT,plant_richness,150.606378,579.2553,579.2553,30.6991153067535,0.361332553854875,0.133531392624523,0.250348083449645,0.105539899510307,0.286112095371023,0.105539899510307,18
dp_455,Collins et al 1998 Science,Modulation of Diversity by Grazing and Mowing in Native Tallgrass Prairie,10.1126/science.280.5364.74,Wild Native,Konza prairie,"assume error is SE, but they don't report","","","",distal comparison with and without,with_introduction,1012,1,10120000,1,50,8 per treatment,,"",plot,North America,39.08339354,-96.5832714,reasonable,Konza Prairie Biological Station,Bison bison,"In 1987, 30 bison were introduced and restricted to under half of their current spatial extent, including catchment N20A. In 1992, the bison herd was given access to its current 1012 ha area, including catchment N20B. The herd increased to an average of 270 adults with the goal of a grazing rate of ~25% removal of aboveground production each year",likely kept artifically constant,0.26 Bison bison,0,individuals,hectare,3,3,1095,1,1995,cumulative,diversity,vegetation,plants,higher_level,all plants,species richness,"",mean,SE,"","",64.2,14.4,8,46.2,9.8,8,"","",JT,plant_richness,150.606378,579.2553,579.2553,30.6991153067535,0.0953054793803093,0.329023412608222,0.257454997547114,0.488425963179321,0.295381259871607,0.488425963179321,18
dp_456,Veen et al 2024 Oikos,Vertebrate grazing can mitigate impacts of nutrient addition on plant diversity and insect abundance in a semi-natural grassland,https://doi.org/10.1111/oik.10422,Semi-Domestic,"Part of Nutnet, field experiment to test fertilization of large herbivors and much more, we're focusing on reintroduced horse & cattle vs control","","","The field has been used for agriculture and was abandoned in 1982. Since then, it has been managed by Natuurmonumenten as nature reserve and has developed into a grassland with a Plantagini-Festucion plant community","",inside vs outside exclosure,with_introduction,"",1,"",1,25,5 per treatment,,"","",Europe,52.07451069,5.847622972,not great. npt sure of experiment was actually in the NP,National Park De Hoge Veluwe,Bos primigenius taurus; Equus ferus caballus,exact reintroduction unclear,"",0.025 Bos primigenius taurus; 0.025 Equus ferus caballus,0,individuals,hectare,10,3,1095,1,2020,cumulative,biomass,vegetation,plants,higher_level,all plants,biomass,g/m2,mean,SE,Fig_2,"Fig_2a; ignore NPK treatment, we want to compare control exclosure vs control all herbis",67.7419,33.6612,5,89.2473,14.4262,5,"","",JT,plant_biomass,26.25,525,750,5.38501903136744,0.273041730686603,-0.275706272684597,0.405619844551672,-0.335256455617834,0.510365983737911,-0.335256455617834,5
dp_457,Veen et al 2024 Oikos,Vertebrate grazing can mitigate impacts of nutrient addition on plant diversity and insect abundance in a semi-natural grassland,https://doi.org/10.1111/oik.10422,Semi-Domestic,"Part of Nutnet, field experiment to test fertilization of large herbivors and much more, we're focusing on reintroduced horse & cattle vs control","","","The field has been used for agriculture and was abandoned in 1982. Since then, it has been managed by Natuurmonumenten as nature reserve and has developed into a grassland with a Plantagini-Festucion plant community","",inside vs outside exclosure,with_introduction,"",1,"",1,25,5 per treatment,,"","",Europe,52.07451069,5.847622972,not great. npt sure of experiment was actually in the NP,National Park De Hoge Veluwe,Bos primigenius taurus; Equus ferus caballus,exact reintroduction unclear,"",0.025 Bos primigenius taurus; 0.025 Equus ferus caballus,0,individuals,hectare,10,3,1095,1,2020,cumulative,biomass,vegetation,plants,higher_level,all plants,litter,g/m2,mean,SE,Fig_2,"Fig_2b; ignore NPK treatment, we want to compare control exclosure vs control all herbis",6.8966,7.7106,5,43.1034,38.5529,5,"","",JT,plant_litter,26.25,525,750,5.38501903136744,2.04999118467005,-1.83257334377218,0.413821425742679,-0.525764695328217,0.531997815109588,-0.525764695328217,2
dp_458,Veen et al 2024 Oikos,Vertebrate grazing can mitigate impacts of nutrient addition on plant diversity and insect abundance in a semi-natural grassland,https://doi.org/10.1111/oik.10422,Semi-Domestic,"Part of Nutnet, field experiment to test fertilization of large herbivors and much more, we're focusing on reintroduced horse & cattle vs control","","","The field has been used for agriculture and was abandoned in 1982. Since then, it has been managed by Natuurmonumenten as nature reserve and has developed into a grassland with a Plantagini-Festucion plant community","",inside vs outside exclosure,with_introduction,"",1,"",1,25,5 per treatment,,"","",Europe,52.07451069,5.847622972,not great. npt sure of experiment was actually in the NP,National Park De Hoge Veluwe,Bos primigenius taurus; Equus ferus caballus,exact reintroduction unclear,"",0.025 Bos primigenius taurus; 0.025 Equus ferus caballus,0,individuals,hectare,10,3,1095,1,2020,cumulative,diversity,vegetation,plants,higher_level,all plants,shannon diversity,"",mean,SE,Fig_2,"Fig_2c; ignore NPK treatment, we want to compare control exclosure vs control all herbis",1.8557,0.2766,5,1.5464,0.5994,5,"","",JT,plant_diversity,26.25,525,750,5.38501903136744,0.172458633949447,0.182332334456172,0.403577706753843,0.267496046843438,0.506355087151141,0.267496046843438,8
dp_459,Veen et al 2024 Oikos,Vertebrate grazing can mitigate impacts of nutrient addition on plant diversity and insect abundance in a semi-natural grassland,https://doi.org/10.1111/oik.10422,Semi-Domestic,"Part of Nutnet, field experiment to test fertilization of large herbivors and much more, we're focusing on reintroduced horse & cattle vs control","","","The field has been used for agriculture and was abandoned in 1982. Since then, it has been managed by Natuurmonumenten as nature reserve and has developed into a grassland with a Plantagini-Festucion plant community","",inside vs outside exclosure,with_introduction,"",1,"",1,25,5 per treatment,,"","",Europe,52.07451069,5.847622972,not great. npt sure of experiment was actually in the NP,National Park De Hoge Veluwe,Bos primigenius taurus; Equus ferus caballus,exact reintroduction unclear,"",0.025 Bos primigenius taurus; 0.025 Equus ferus caballus,0,individuals,hectare,10,3,1095,1,2020,cumulative,abundance,arthropods,arthropods,higher_level,orthoptera,abundance,n / plot,mean,SE,Fig_3,"Fig_3a; ignore NPK treatment, we want to compare control exclosure vs control all herbis",2.5,2.5156,5,5.25,4.1926,5,"","",JT,invertebrate_abundance,26.25,525,750,5.38501903136744,1.65026568626213,-0.741937344729377,0.405155562446418,-0.321109403363353,0.507871523285525,-0.321109403363353,6
dp_460,Veen et al 2024 Oikos,Vertebrate grazing can mitigate impacts of nutrient addition on plant diversity and insect abundance in a semi-natural grassland,https://doi.org/10.1111/oik.10422,Semi-Domestic,"Part of Nutnet, field experiment to test fertilization of large herbivors and much more, we're focusing on reintroduced horse & cattle vs control","","","The field has been used for agriculture and was abandoned in 1982. Since then, it has been managed by Natuurmonumenten as nature reserve and has developed into a grassland with a Plantagini-Festucion plant community","",inside vs outside exclosure,with_introduction,"",1,"",1,25,5 per treatment,,"","",Europe,52.07451069,5.847622972,not great. npt sure of experiment was actually in the NP,National Park De Hoge Veluwe,Bos primigenius taurus; Equus ferus caballus,exact reintroduction unclear,"",0.025 Bos primigenius taurus; 0.025 Equus ferus caballus,0,individuals,hectare,10,3,1095,1,2020,cumulative,abundance,arthropods,arthropods,higher_level,pollinator,visits,n / plot / 20mins,mean,SE,Fig_3,"Fig_3b; ignore NPK treatment, we want to compare control exclosure vs control all herbis",17.1429,5.38,5,21.9549,7.3975,5,"","",JT,invertebrate_abundance,26.25,525,750,5.38501903136744,0.212019923173823,-0.247406255508577,0.404510399598472,-0.300346453232645,0.506173218208661,-0.300346453232645,6
dp_461,Veen et al 2024 Oikos,Vertebrate grazing can mitigate impacts of nutrient addition on plant diversity and insect abundance in a semi-natural grassland,https://doi.org/10.1111/oik.10422,Semi-Domestic,"Part of Nutnet, field experiment to test fertilization of large herbivors and much more, we're focusing on reintroduced horse & cattle vs control","","","The field has been used for agriculture and was abandoned in 1982. Since then, it has been managed by Natuurmonumenten as nature reserve and has developed into a grassland with a Plantagini-Festucion plant community","",inside vs outside exclosure,with_introduction,"",1,"",1,25,5 per treatment,,"","",Europe,52.07451069,5.847622972,not great. npt sure of experiment was actually in the NP,National Park De Hoge Veluwe,Bos primigenius taurus; Equus ferus caballus,exact reintroduction unclear,"",0.025 Bos primigenius taurus; 0.025 Equus ferus caballus,0,individuals,hectare,10,3,1095,1,2020,cumulative,abundance,arthropods,arthropods,higher_level,hymenoptera,visits,n / plot / 20mins,mean,SE,Fig_3,"Fig_3c; ignore NPK treatment, we want to compare control exclosure vs control all herbis",12.9891,5.8332,5,14.4565,3.2812,5,"","",JT,invertebrate_abundance,26.25,525,750,5.38501903136744,0.253192285804898,-0.107033596188639,0.400783451032569,-0.125175958759584,0.501243389745187,-0.125175958759584,6
dp_462,Veen et al 2024 Oikos,Vertebrate grazing can mitigate impacts of nutrient addition on plant diversity and insect abundance in a semi-natural grassland,https://doi.org/10.1111/oik.10422,Semi-Domestic,"Part of Nutnet, field experiment to test fertilization of large herbivors and much more, we're focusing on reintroduced horse & cattle vs control","","","The field has been used for agriculture and was abandoned in 1982. Since then, it has been managed by Natuurmonumenten as nature reserve and has developed into a grassland with a Plantagini-Festucion plant community","",inside vs outside exclosure,with_introduction,"",1,"",1,25,5 per treatment,,"","",Europe,52.07451069,5.847622972,not great. npt sure of experiment was actually in the NP,National Park De Hoge Veluwe,Bos primigenius taurus; Equus ferus caballus,exact reintroduction unclear,"",0.025 Bos primigenius taurus; 0.025 Equus ferus caballus,0,individuals,hectare,10,3,1095,1,2020,cumulative,abundance,arthropods,arthropods,higher_level,diptera,visits,n / plot / 20mins,mean,SE,Fig_3,"Fig_3d; ignore NPK treatment, we want to compare control exclosure vs control all herbis",3.8889,2.7606,5,6.4815,3.8648,5,"","",JT,invertebrate_abundance,26.25,525,750,5.38501903136744,0.859462404670182,-0.510825623765991,0.404856220477412,-0.31164789354051,0.506708748763538,-0.31164789354051,6
dp_463,Tapia et al 2021 Restoration Ecology,"Introduction of giant tortoises as a replacement “ecosystem engineer” to facilitate restoration of Santa Fe Island, Galapagos",https://doi.org/10.1111/rec.13476,Wild Non-Native,31 subadult tortoises of the non-native Española Island species (Chelonoidis hoodensis) were translocated. Study looks at their impact on veg,"","","","",inside vs outside exclosure,with_introduction,177.2,1,25,5,4,1 per exclosure,,"","",South America,-0.8182872096,-90.05877038,good,Santa Fe Island,Chelonoidis hoodensis,"","",0.21 Chelonoidis hoodensis,0,individuals,hectare,1.7,,620.5,1,2016,cumulative,vegetation_structure,vegetation,grass,higher_level,grass,cover,percent,mean,SD,Fig_5g,1.7y; compare +I+T (high megafauna) vs -I-T (exclosure),0.4142,0.1401,5,0.3717,0.1617,5,"","",JT,plant_cover,10.5,50,50,3.94863324774071,0.0607314989659612,0.108261871658277,0.403215441024915,0.253591838390555,0.504100817068226,0.253591838390555,7
dp_464,Tapia et al 2021 Restoration Ecology,"Introduction of giant tortoises as a replacement “ecosystem engineer” to facilitate restoration of Santa Fe Island, Galapagos",https://doi.org/10.1111/rec.13476,Wild Non-Native,31 subadult tortoises of the non-native Española Island species (Chelonoidis hoodensis) were translocated. Study looks at their impact on veg,"","","","",inside vs outside exclosure,with_introduction,177.2,1,25,5,4,1 per exclosure,,"","",South America,-0.8182872096,-90.05877038,good,Santa Fe Island,Chelonoidis hoodensis,"","",0.21 Chelonoidis hoodensis,0,individuals,hectare,2.6,,949,2,2017,cumulative,vegetation_structure,vegetation,grass,higher_level,grass,cover,percent,mean,SD,Fig_5g,2.6y; compare +I+T (high megafauna) vs -I-T (exclosure),0.1827,0.1186,5,0.2677,0.1994,5,"","",JT,plant_cover,10.5,50,50,3.94863324774071,0.195243936179821,-0.382021487142346,0.410937882535636,-0.467715352231156,0.516787875379966,-0.467715352231156,7
dp_465,Tapia et al 2021 Restoration Ecology,"Introduction of giant tortoises as a replacement “ecosystem engineer” to facilitate restoration of Santa Fe Island, Galapagos",https://doi.org/10.1111/rec.13476,Wild Non-Native,31 subadult tortoises of the non-native Española Island species (Chelonoidis hoodensis) were translocated. Study looks at their impact on veg,"","","","",inside vs outside exclosure,with_introduction,177.2,1,25,5,4,1 per exclosure,,"","",South America,-0.8182872096,-90.05877038,good,Santa Fe Island,Chelonoidis hoodensis,"","",0.21 Chelonoidis hoodensis,0,individuals,hectare,3.5,,1277.5,3,2018,cumulative,vegetation_structure,vegetation,grass,higher_level,grass,cover,percent,mean,SD,Fig_5g,3.5yr; compare +I+T (high megafauna) vs -I-T (exclosure),0.3339,0.0755,5,0.0409,0.0755,5,"","",JT,plant_cover,10.5,50,50,3.94863324774071,0.691743578155604,2.09971148390085,1.01362272420175,3.50320631479719,1.26702840525218,3.50320631479719,7
dp_466,Tapia et al 2021 Restoration Ecology,"Introduction of giant tortoises as a replacement “ecosystem engineer” to facilitate restoration of Santa Fe Island, Galapagos",https://doi.org/10.1111/rec.13476,Wild Non-Native,31 subadult tortoises of the non-native Española Island species (Chelonoidis hoodensis) were translocated. Study looks at their impact on veg,"","","","",inside vs outside exclosure,with_introduction,177.2,1,25,5,4,1 per exclosure,,"","",South America,-0.8182872096,-90.05877038,good,Santa Fe Island,Chelonoidis hoodensis,"","",0.21 Chelonoidis hoodensis,0,individuals,hectare,4.5,,1642.5,4,2019,cumulative,vegetation_structure,vegetation,grass,higher_level,grass,cover,percent,mean,SD,Fig_5g,4.5y compare +I+T (high megafauna) vs -I-T (exclosure),0.0409,0.0755,5,0.0787,0.1563,5,"","",JT,plant_cover,10.5,50,50,3.94863324774071,1.47037529428365,-0.654513092374602,0.403864340846028,-0.278005066357705,0.506696971164728,-0.278005066357705,7
dp_467,Tapia et al 2021 Restoration Ecology,"Introduction of giant tortoises as a replacement “ecosystem engineer” to facilitate restoration of Santa Fe Island, Galapagos",https://doi.org/10.1111/rec.13476,Wild Non-Native,31 subadult tortoises of the non-native Española Island species (Chelonoidis hoodensis) were translocated. Study looks at their impact on veg,"","","","",inside vs outside exclosure,with_introduction,177.2,1,25,5,4,1 per exclosure,,"","",South America,-0.8182872096,-90.05877038,good,Santa Fe Island,Chelonoidis hoodensis,"","",0.21 Chelonoidis hoodensis,0,individuals,hectare,5.2,,1898,5,2020,cumulative,vegetation_structure,vegetation,grass,higher_level,grass,cover,percent,mean,SD,Fig_5g,5.2 ycompare +I+T (high megafauna) vs -I-T (exclosure),0.4661,0.0755,5,0.3906,0.1078,5,"","",JT,plant_cover,10.5,50,50,3.94863324774071,0.020481277294439,0.176716184936117,0.426816912662662,0.732351181642547,0.537437642611482,0.732351181642547,7
dp_468,Tapia et al 2021 Restoration Ecology,"Introduction of giant tortoises as a replacement “ecosystem engineer” to facilitate restoration of Santa Fe Island, Galapagos",https://doi.org/10.1111/rec.13476,Wild Non-Native,31 subadult tortoises of the non-native Española Island species (Chelonoidis hoodensis) were translocated. Study looks at their impact on veg,"","","","",inside vs outside exclosure,with_introduction,177.2,1,25,5,4,1 per exclosure,,"","",South America,-0.8182872096,-90.05877038,good,Santa Fe Island,Chelonoidis hoodensis,"","",0.21 Chelonoidis hoodensis,0,individuals,hectare,5.3,,1934.5,6,2020,cumulative,vegetation_structure,vegetation,grass,higher_level,grass,cover,percent,mean,SD,Fig_5g,5.3y compare +I+T (high megafauna) vs -I-T (exclosure),0.4709,0.0808,5,0.5039,0.1886,5,"","",JT,plant_cover,10.5,50,50,3.94863324774071,0.0339055685098039,-0.0677320784370435,0.402107901529026,-0.205324208461944,0.503888761975771,-0.205324208461944,7
dp_469,Tapia et al 2021 Restoration Ecology,"Introduction of giant tortoises as a replacement “ecosystem engineer” to facilitate restoration of Santa Fe Island, Galapagos",https://doi.org/10.1111/rec.13476,Wild Non-Native,31 subadult tortoises of the non-native Española Island species (Chelonoidis hoodensis) were translocated. Study looks at their impact on veg,"","","","",inside vs outside exclosure,with_introduction,177.2,1,25,5,4,1 per exclosure,,"","",South America,-0.8182872096,-90.05877038,good,Santa Fe Island,Chelonoidis hoodensis,"","",0.21 Chelonoidis hoodensis,0,individuals,hectare,5.4,,1971,7,2020,cumulative,vegetation_structure,vegetation,grass,higher_level,grass,cover,percent,mean,SD,Fig_5g,5.4y compare +I+T (high megafauna) vs -I-T (exclosure),0.4236,0.0862,5,0.4378,0.1563,5,"","",JT,plant_cover,10.5,50,50,3.94863324774071,0.0337735117678926,-0.0329725713615113,0.40051572625081,-0.101560450059086,0.500828182159717,-0.101560450059086,7
dp_470,Tapia et al 2021 Restoration Ecology,"Introduction of giant tortoises as a replacement “ecosystem engineer” to facilitate restoration of Santa Fe Island, Galapagos",https://doi.org/10.1111/rec.13476,Wild Non-Native,31 subadult tortoises of the non-native Española Island species (Chelonoidis hoodensis) were translocated. Study looks at their impact on veg,"","","","",inside vs outside exclosure,with_introduction,177.2,1,25,5,4,1 per exclosure,,"","",South America,-0.8182872096,-90.05877038,good,Santa Fe Island,Chelonoidis hoodensis,"","",0.21 Chelonoidis hoodensis,0,individuals,hectare,5.7,,2080.5,8,2020,cumulative,vegetation_structure,vegetation,grass,higher_level,grass,cover,percent,mean,SD,Fig_5g,5.7y compare +I+T (high megafauna) vs -I-T (exclosure),0.1165,0.0701,5,0.1118,0.0485,5,"","",JT,plant_cover,10.5,50,50,3.94863324774071,0.110050895013325,0.0411797122847566,0.400247727873592,0.0703886174877373,0.500348149132081,0.0703886174877373,7
dp_471,Tapia et al 2021 Restoration Ecology,"Introduction of giant tortoises as a replacement “ecosystem engineer” to facilitate restoration of Santa Fe Island, Galapagos",https://doi.org/10.1111/rec.13476,Wild Non-Native,31 subadult tortoises of the non-native Española Island species (Chelonoidis hoodensis) were translocated. Study looks at their impact on veg,"","","","",inside vs outside exclosure,with_introduction,177.2,1,25,5,4,1 per exclosure,,"","",South America,-0.8182872096,-90.05877038,good,Santa Fe Island,Chelonoidis hoodensis,"","",0.21 Chelonoidis hoodensis,0,individuals,hectare,6.3,,2299.5,9,2021,cumulative,vegetation_structure,vegetation,grass,higher_level,grass,cover,percent,mean,SD,Fig_5g,6.3y compare +I+T (high megafauna) vs -I-T (exclosure),1e-04,0.0862,5,0.0315,0.194,5,"","",JT,plant_cover,10.5,50,50,3.94863324774071,148616.385991434,-5.75257263882563,0.40178277336168,-0.188826553306447,0.503229557404038,-0.188826553306447,7
dp_472,Tapia et al 2021 Restoration Ecology,"Introduction of giant tortoises as a replacement “ecosystem engineer” to facilitate restoration of Santa Fe Island, Galapagos",https://doi.org/10.1111/rec.13476,Wild Non-Native,31 subadult tortoises of the non-native Española Island species (Chelonoidis hoodensis) were translocated. Study looks at their impact on veg,"","","","",inside vs outside exclosure,with_introduction,177.2,1,25,5,4,1 per exclosure,,"","",South America,-0.8182872096,-90.05877038,good,Santa Fe Island,Chelonoidis hoodensis,"","",0.21 Chelonoidis hoodensis,0,individuals,hectare,1.7,,620.5,1,2016,cumulative,vegetation_structure,vegetation,herbs,higher_level,herbaceous plants,cover,percent,mean,SD,Fig_5h,1.7y; compare +I+T (high megafauna) vs -I-T (exclosure),0.2034,0.0503,5,0.1593,0.1547,5,"","",JT,plant_cover,10.5,50,50,3.94863324774071,0.200847294158898,0.244385266698457,0.405988825408026,0.346087428492467,0.512382795450938,0.346087428492467,7
dp_473,Tapia et al 2021 Restoration Ecology,"Introduction of giant tortoises as a replacement “ecosystem engineer” to facilitate restoration of Santa Fe Island, Galapagos",https://doi.org/10.1111/rec.13476,Wild Non-Native,31 subadult tortoises of the non-native Española Island species (Chelonoidis hoodensis) were translocated. Study looks at their impact on veg,"","","","",inside vs outside exclosure,with_introduction,177.2,1,25,5,4,1 per exclosure,,"","",South America,-0.8182872096,-90.05877038,good,Santa Fe Island,Chelonoidis hoodensis,"","",0.21 Chelonoidis hoodensis,0,individuals,hectare,2.6,,949,2,2017,cumulative,vegetation_structure,vegetation,herbs,higher_level,herbaceous plants,cover,percent,mean,SD,Fig_5h,2.6y; compare +I+T (high megafauna) vs -I-T (exclosure),0.2407,0.0387,5,0.2136,0.0657,5,"","",JT,plant_cover,10.5,50,50,3.94863324774071,0.0240917261346293,0.119446237702986,0.410292958019726,0.453717048825067,0.515890336840911,0.453717048825067,7
dp_474,Tapia et al 2021 Restoration Ecology,"Introduction of giant tortoises as a replacement “ecosystem engineer” to facilitate restoration of Santa Fe Island, Galapagos",https://doi.org/10.1111/rec.13476,Wild Non-Native,31 subadult tortoises of the non-native Española Island species (Chelonoidis hoodensis) were translocated. Study looks at their impact on veg,"","","","",inside vs outside exclosure,with_introduction,177.2,1,25,5,4,1 per exclosure,,"","",South America,-0.8182872096,-90.05877038,good,Santa Fe Island,Chelonoidis hoodensis,"","",0.21 Chelonoidis hoodensis,0,individuals,hectare,3.5,,1277.5,3,2018,cumulative,vegetation_structure,vegetation,herbs,higher_level,herbaceous plants,cover,percent,mean,SD,Fig_5h,3.5yr; compare +I+T (high megafauna) vs -I-T (exclosure),0.1864,0.0348,5,0.2475,0.0967,5,"","",JT,plant_cover,10.5,50,50,3.94863324774071,0.037501428458034,-0.283515679757254,0.428802436529237,-0.75897874185299,0.557386874781463,-0.75897874185299,7
dp_475,Tapia et al 2021 Restoration Ecology,"Introduction of giant tortoises as a replacement “ecosystem engineer” to facilitate restoration of Santa Fe Island, Galapagos",https://doi.org/10.1111/rec.13476,Wild Non-Native,31 subadult tortoises of the non-native Española Island species (Chelonoidis hoodensis) were translocated. Study looks at their impact on veg,"","","","",inside vs outside exclosure,with_introduction,177.2,1,25,5,4,1 per exclosure,,"","",South America,-0.8182872096,-90.05877038,good,Santa Fe Island,Chelonoidis hoodensis,"","",0.21 Chelonoidis hoodensis,0,individuals,hectare,4.5,,1642.5,4,2019,cumulative,vegetation_structure,vegetation,herbs,higher_level,herbaceous plants,cover,percent,mean,SD,Fig_5h,4.5y compare +I+T (high megafauna) vs -I-T (exclosure),0.0949,0.0309,5,0.1525,0.1005,5,"","",JT,plant_cover,10.5,50,50,3.94863324774071,0.108064361911704,-0.474340890431584,0.424455354095246,-0.6993619105334,0.551489640121,-0.6993619105334,7
dp_476,Tapia et al 2021 Restoration Ecology,"Introduction of giant tortoises as a replacement “ecosystem engineer” to facilitate restoration of Santa Fe Island, Galapagos",https://doi.org/10.1111/rec.13476,Wild Non-Native,31 subadult tortoises of the non-native Española Island species (Chelonoidis hoodensis) were translocated. Study looks at their impact on veg,"","","","",inside vs outside exclosure,with_introduction,177.2,1,25,5,4,1 per exclosure,,"","",South America,-0.8182872096,-90.05877038,good,Santa Fe Island,Chelonoidis hoodensis,"","",0.21 Chelonoidis hoodensis,0,individuals,hectare,5.2,,1898,5,2020,cumulative,vegetation_structure,vegetation,herbs,higher_level,herbaceous plants,cover,percent,mean,SD,Fig_5h,5.2 ycompare +I+T (high megafauna) vs -I-T (exclosure),0.278,0.0464,5,0.3525,0.1547,5,"","",JT,plant_cover,10.5,50,50,3.94863324774071,0.044092095487638,-0.237429508561686,0.417338477715114,-0.588871424253451,0.536781504470749,-0.588871424253451,7
dp_477,Tapia et al 2021 Restoration Ecology,"Introduction of giant tortoises as a replacement “ecosystem engineer” to facilitate restoration of Santa Fe Island, Galapagos",https://doi.org/10.1111/rec.13476,Wild Non-Native,31 subadult tortoises of the non-native Española Island species (Chelonoidis hoodensis) were translocated. Study looks at their impact on veg,"","","","",inside vs outside exclosure,with_introduction,177.2,1,25,5,4,1 per exclosure,,"","",South America,-0.8182872096,-90.05877038,good,Santa Fe Island,Chelonoidis hoodensis,"","",0.21 Chelonoidis hoodensis,0,individuals,hectare,5.3,,1934.5,6,2020,cumulative,vegetation_structure,vegetation,herbs,higher_level,herbaceous plants,cover,percent,mean,SD,Fig_5h,5.3y compare +I+T (high megafauna) vs -I-T (exclosure),0.2576,0.0503,5,0.3322,0.1431,5,"","",JT,plant_cover,10.5,50,50,3.94863324774071,0.0447372320590786,-0.254329202948996,0.419710359324305,-0.627859209127414,0.539630206720335,-0.627859209127414,7
dp_478,Tapia et al 2021 Restoration Ecology,"Introduction of giant tortoises as a replacement “ecosystem engineer” to facilitate restoration of Santa Fe Island, Galapagos",https://doi.org/10.1111/rec.13476,Wild Non-Native,31 subadult tortoises of the non-native Española Island species (Chelonoidis hoodensis) were translocated. Study looks at their impact on veg,"","","","",inside vs outside exclosure,with_introduction,177.2,1,25,5,4,1 per exclosure,,"","",South America,-0.8182872096,-90.05877038,good,Santa Fe Island,Chelonoidis hoodensis,"","",0.21 Chelonoidis hoodensis,0,individuals,hectare,5.4,,1971,7,2020,cumulative,vegetation_structure,vegetation,herbs,higher_level,herbaceous plants,cover,percent,mean,SD,Fig_5h,5.4y compare +I+T (high megafauna) vs -I-T (exclosure),0.2475,0.058,5,0.3186,0.1276,5,"","",JT,plant_cover,10.5,50,50,3.94863324774071,0.0430637710223417,-0.252525815467203,0.420968166660501,-0.647582684458144,0.537542225586321,-0.647582684458144,7
dp_479,Tapia et al 2021 Restoration Ecology,"Introduction of giant tortoises as a replacement “ecosystem engineer” to facilitate restoration of Santa Fe Island, Galapagos",https://doi.org/10.1111/rec.13476,Wild Non-Native,31 subadult tortoises of the non-native Española Island species (Chelonoidis hoodensis) were translocated. Study looks at their impact on veg,"","","","",inside vs outside exclosure,with_introduction,177.2,1,25,5,4,1 per exclosure,,"","",South America,-0.8182872096,-90.05877038,good,Santa Fe Island,Chelonoidis hoodensis,"","",0.21 Chelonoidis hoodensis,0,individuals,hectare,5.7,,2080.5,8,2020,cumulative,vegetation_structure,vegetation,herbs,higher_level,herbaceous plants,cover,percent,mean,SD,Fig_5h,5.7y compare +I+T (high megafauna) vs -I-T (exclosure),0.1085,0.0348,5,0.1729,0.0309,5,"","",JT,plant_cover,10.5,50,50,3.94863324774071,0.0269623698300998,-0.465963219708731,0.556039105445059,-1.76657355037971,0.697778781357725,-1.76657355037971,7
dp_480,Tapia et al 2021 Restoration Ecology,"Introduction of giant tortoises as a replacement “ecosystem engineer” to facilitate restoration of Santa Fe Island, Galapagos",https://doi.org/10.1111/rec.13476,Wild Non-Native,31 subadult tortoises of the non-native Española Island species (Chelonoidis hoodensis) were translocated. Study looks at their impact on veg,"","","","",inside vs outside exclosure,with_introduction,177.2,1,25,5,4,1 per exclosure,,"","",South America,-0.8182872096,-90.05877038,good,Santa Fe Island,Chelonoidis hoodensis,"","",0.21 Chelonoidis hoodensis,0,individuals,hectare,6.3,,2299.5,9,2021,cumulative,vegetation_structure,vegetation,herbs,higher_level,herbaceous plants,cover,percent,mean,SD,Fig_5h,6.3y compare +I+T (high megafauna) vs -I-T (exclosure),0.0949,0.0387,5,0.1288,0.0773,5,"","",JT,plant_cover,10.5,50,50,3.94863324774071,0.105297061754534,-0.305437108054371,0.412531286782666,-0.500625344597451,0.521287633475596,-0.500625344597451,7
dp_481,"Rupprecht et al 2016 Agriculture, Ecosystems & Environment",Effects of year-round grazing on the vegetation of nutrient-poor grass- and heathlands—Evidence from a large-scale survey,https://doi.org/10.1016/j.agee.2016.02.015,Semi-Domestic,Study looks at 5 grazing projects in northwest germany and the netherlands. Compares grazed vs ungrazed,"all sites have different size and age, takoing the average","","","",distal comparison with and without,with_introduction,1016,5,10160000,5,16,12 per site,,"","",Europe,53.61946051,10.20765484,"poor, capatures 1 of 5 sites",North-West Germany & Netherlands,Bos primigenius taurus; Equus ferus caballus,"Some reserves additionally introduced red deer and wild boar, but almost all had horse and cattle",guesstimated based on 0.2-0.5 animal units / ha,0.2 Bos primigenius taurus; 0.2 Equus ferus caballus,0,individuals,hectare,17,,6205,1,2014,cumulative,diversity,vegetation,plants,higher_level,all plants,species richness,species / 16m2,mean,SE,"","",18.4,0.9,60,13.47,1.5,30,"","",JT,plant_richness,210,525,750,43.0801522509395,0.0147932179615317,0.311885674192667,0.0524207858885368,0.660107157919548,0.0572959265130096,0.641528791835638,18
dp_482,"Rupprecht et al 2016 Agriculture, Ecosystems & Environment",Effects of year-round grazing on the vegetation of nutrient-poor grass- and heathlands—Evidence from a large-scale survey,https://doi.org/10.1016/j.agee.2016.02.015,Semi-Domestic,Study looks at 5 grazing projects in northwest germany and the netherlands. Compares grazed vs ungrazed,"all sites have different size and age, takoing the average","","","",distal comparison with and without,with_introduction,1016,5,10160000,5,16,12 per site,,"","",Europe,53.61946051,10.20765484,"poor, capatures 1 of 5 sites",North-West Germany & Netherlands,Bos primigenius taurus; Equus ferus caballus,"Some reserves additionally introduced red deer and wild boar, but almost all had horse and cattle",guesstimated based on 0.2-0.5 animal units / ha,0.2 Bos primigenius taurus; 0.2 Equus ferus caballus,0,individuals,hectare,17,,6205,1,2014,cumulative,diversity,vegetation,plants,higher_level,all plants,red list species richness,"",mean,SE,"","",2.38,0.2,60,1.13,0.2,30,"","",JT,plant_richness,210,525,750,43.0801522509395,0.0383875155236391,0.744882854959134,0.0542566927367813,0.875331190247804,0.050435835000518,0.923727994428644,18
dp_483,"Rupprecht et al 2016 Agriculture, Ecosystems & Environment",Effects of year-round grazing on the vegetation of nutrient-poor grass- and heathlands—Evidence from a large-scale survey,https://doi.org/10.1016/j.agee.2016.02.015,Semi-Domestic,Study looks at 5 grazing projects in northwest germany and the netherlands. Compares grazed vs ungrazed,"all sites have different size and age, takoing the average","","","",distal comparison with and without,with_introduction,1016,5,10160000,5,16,12 per site,,"","",Europe,53.61946051,10.20765484,"poor, capatures 1 of 5 sites",North-West Germany & Netherlands,Bos primigenius taurus; Equus ferus caballus,"Some reserves additionally introduced red deer and wild boar, but almost all had horse and cattle",guesstimated based on 0.2-0.5 animal units / ha,0.2 Bos primigenius taurus; 0.2 Equus ferus caballus,0,individuals,hectare,17,,6205,1,2014,cumulative,diversity,vegetation,plants,higher_level,all plants,shannon diversity,"",mean,SE,"","",1.56,0.1,60,1.35,0.1,30,"","",JT,plant_diversity,210,525,750,43.0801522509395,0.00959610717445475,0.144581228811107,0.0504805635832117,0.294111279923262,0.0461347474531162,0.310372606128024,8
dp_484,"Rupprecht et al 2016 Agriculture, Ecosystems & Environment",Effects of year-round grazing on the vegetation of nutrient-poor grass- and heathlands—Evidence from a large-scale survey,https://doi.org/10.1016/j.agee.2016.02.015,Semi-Domestic,Study looks at 5 grazing projects in northwest germany and the netherlands. Compares grazed vs ungrazed,"all sites have different size and age, takoing the average","","","",distal comparison with and without,with_introduction,1016,5,10160000,5,16,12 per site,,"","",Europe,53.61946051,10.20765484,"poor, capatures 1 of 5 sites",North-West Germany & Netherlands,Bos primigenius taurus; Equus ferus caballus,"Some reserves additionally introduced red deer and wild boar, but almost all had horse and cattle",guesstimated based on 0.2-0.5 animal units / ha,0.2 Bos primigenius taurus; 0.2 Equus ferus caballus,0,individuals,hectare,17,,6205,1,2014,cumulative,diversity,vegetation,plants,higher_level,all plants,evenness,"",mean,SE,"","",0.54,0.01,60,0.53,0.01,30,"","",JT,plant_evenness,210,525,750,43.0801522509395,0.000698934104126409,0.0186921330121525,0.0501089713340616,0.140052990439649,0.0457114963590641,0.147796479108583,4
dp_485,"Rupprecht et al 2016 Agriculture, Ecosystems & Environment",Effects of year-round grazing on the vegetation of nutrient-poor grass- and heathlands—Evidence from a large-scale survey,https://doi.org/10.1016/j.agee.2016.02.015,Semi-Domestic,Study looks at 5 grazing projects in northwest germany and the netherlands. Compares grazed vs ungrazed,"all sites have different size and age, takoing the average","","","",distal comparison with and without,with_introduction,1016,5,10160000,5,16,12 per site,,"","",Europe,53.61946051,10.20765484,"poor, capatures 1 of 5 sites",North-West Germany & Netherlands,Bos primigenius taurus; Equus ferus caballus,"Some reserves additionally introduced red deer and wild boar, but almost all had horse and cattle",guesstimated based on 0.2-0.5 animal units / ha,0.2 Bos primigenius taurus; 0.2 Equus ferus caballus,0,individuals,hectare,17,,6205,1,2014,cumulative,biomass,vegetation,plants,higher_level,all plants,biomass,g/m2,mean,SE,"","",182,14.3,60,290.66,31.1,30,"","",JT,plant_biomass,210,525,750,43.0801522509395,0.0176220129139455,-0.468147512121229,0.0536247161369094,-0.807743093219434,0.0637530889083059,-0.749816887342532,5
dp_486,"Rupprecht et al 2016 Agriculture, Ecosystems & Environment",Effects of year-round grazing on the vegetation of nutrient-poor grass- and heathlands—Evidence from a large-scale survey,https://doi.org/10.1016/j.agee.2016.02.015,Semi-Domestic,Study looks at 5 grazing projects in northwest germany and the netherlands. Compares grazed vs ungrazed,"all sites have different size and age, takoing the average","","","",distal comparison with and without,with_introduction,1016,5,10160000,5,16,12 per site,,"","",Europe,53.61946051,10.20765484,"poor, capatures 1 of 5 sites",North-West Germany & Netherlands,Bos primigenius taurus; Equus ferus caballus,"Some reserves additionally introduced red deer and wild boar, but almost all had horse and cattle",guesstimated based on 0.2-0.5 animal units / ha,0.2 Bos primigenius taurus; 0.2 Equus ferus caballus,0,individuals,hectare,17,,6205,1,2014,cumulative,vegetation_structure,vegetation,plants,higher_level,all plants,vegetation height,cm,mean,SE,"","",35.71,2.9,60,60.17,5,30,"","",JT,plant_height,210,525,750,43.0801522509395,0.0135002819188594,-0.521743127625903,0.0555805384772433,-1.00224594082679,0.061923182718096,-0.968253674931653,7
dp_487,"Rupprecht et al 2016 Agriculture, Ecosystems & Environment",Effects of year-round grazing on the vegetation of nutrient-poor grass- and heathlands—Evidence from a large-scale survey,https://doi.org/10.1016/j.agee.2016.02.015,Semi-Domestic,Study looks at 5 grazing projects in northwest germany and the netherlands. Compares grazed vs ungrazed,"all sites have different size and age, takoing the average","","","",distal comparison with and without,with_introduction,1016,5,10160000,5,16,12 per site,,"","",Europe,53.61946051,10.20765484,"poor, capatures 1 of 5 sites",North-West Germany & Netherlands,Bos primigenius taurus; Equus ferus caballus,"Some reserves additionally introduced red deer and wild boar, but almost all had horse and cattle",guesstimated based on 0.2-0.5 animal units / ha,0.2 Bos primigenius taurus; 0.2 Equus ferus caballus,0,individuals,hectare,17,,6205,1,2014,cumulative,vegetation_structure,vegetation,herbs,higher_level,herbs,cover,%,mean,SE,"","",88.13,1.5,60,87.33,2.4,30,"","",JT,plant_cover,210,525,750,43.0801522509395,0.00104494938137045,0.00911895068592749,0.0500237019075889,0.0653172516721827,0.053614037811668,0.0639353463443128,7
dp_488,"Rupprecht et al 2016 Agriculture, Ecosystems & Environment",Effects of year-round grazing on the vegetation of nutrient-poor grass- and heathlands—Evidence from a large-scale survey,https://doi.org/10.1016/j.agee.2016.02.015,Semi-Domestic,Study looks at 5 grazing projects in northwest germany and the netherlands. Compares grazed vs ungrazed,"all sites have different size and age, takoing the average","","","",distal comparison with and without,with_introduction,1016,5,10160000,5,16,12 per site,,"","",Europe,53.61946051,10.20765484,"poor, capatures 1 of 5 sites",North-West Germany & Netherlands,Bos primigenius taurus; Equus ferus caballus,"Some reserves additionally introduced red deer and wild boar, but almost all had horse and cattle",guesstimated based on 0.2-0.5 animal units / ha,0.2 Bos primigenius taurus; 0.2 Equus ferus caballus,0,individuals,hectare,17,,6205,1,2014,cumulative,vegetation_structure,vegetation,bryophytes,higher_level,moss,cover,%,mean,SE,"","",59.8,3.4,60,57.08,5.9,30,"","",JT,plant_cover,210,525,750,43.0801522509395,0.0139166805254427,0.0465518683479503,0.0500499304369092,0.094802313493111,0.0550335094024781,0.0914833069853593,7
dp_489,"Rupprecht et al 2016 Agriculture, Ecosystems & Environment",Effects of year-round grazing on the vegetation of nutrient-poor grass- and heathlands—Evidence from a large-scale survey,https://doi.org/10.1016/j.agee.2016.02.015,Semi-Domestic,Study looks at 5 grazing projects in northwest germany and the netherlands. Compares grazed vs ungrazed,"all sites have different size and age, takoing the average","","","",distal comparison with and without,with_introduction,1016,5,10160000,5,16,12 per site,,"","",Europe,53.61946051,10.20765484,"poor, capatures 1 of 5 sites",North-West Germany & Netherlands,Bos primigenius taurus; Equus ferus caballus,"Some reserves additionally introduced red deer and wild boar, but almost all had horse and cattle",guesstimated based on 0.2-0.5 animal units / ha,0.2 Bos primigenius taurus; 0.2 Equus ferus caballus,0,individuals,hectare,17,,6205,1,2014,cumulative,vegetation_structure,vegetation,bryophytes,higher_level,lichens,cover,%,mean,SE,"","",0.21,0.1,60,0.15,0.1,30,"","",JT,plant_cover,210,525,750,43.0801522509395,0.671201814058957,0.336472236621213,0.0500392296802622,0.0840317942637892,0.0456320592035822,0.0886778874651498,7
dp_490,"Rupprecht et al 2016 Agriculture, Ecosystems & Environment",Effects of year-round grazing on the vegetation of nutrient-poor grass- and heathlands—Evidence from a large-scale survey,https://doi.org/10.1016/j.agee.2016.02.015,Semi-Domestic,Study looks at 5 grazing projects in northwest germany and the netherlands. Compares grazed vs ungrazed,"all sites have different size and age, takoing the average","","","",distal comparison with and without,with_introduction,1016,5,10160000,5,16,12 per site,,"","",Europe,53.61946051,10.20765484,"poor, capatures 1 of 5 sites",North-West Germany & Netherlands,Bos primigenius taurus; Equus ferus caballus,"Some reserves additionally introduced red deer and wild boar, but almost all had horse and cattle",guesstimated based on 0.2-0.5 animal units / ha,0.2 Bos primigenius taurus; 0.2 Equus ferus caballus,0,individuals,hectare,17,,6205,1,2014,cumulative,vegetation_structure,vegetation,grass,higher_level,grass,cover,%,mean,SE,"","",63.4,3.7,60,53.58,6.5,30,"","",JT,plant_cover,210,525,750,43.0801522509395,0.0181229133551964,0.168287997326718,0.0505437907216924,0.312861518734146,0.0558713799594321,0.301257595707798,7
dp_491,"Rupprecht et al 2016 Agriculture, Ecosystems & Environment",Effects of year-round grazing on the vegetation of nutrient-poor grass- and heathlands—Evidence from a large-scale survey,https://doi.org/10.1016/j.agee.2016.02.015,Semi-Domestic,Study looks at 5 grazing projects in northwest germany and the netherlands. Compares grazed vs ungrazed,"all sites have different size and age, takoing the average","","","",distal comparison with and without,with_introduction,1016,5,10160000,5,16,12 per site,,"","",Europe,53.61946051,10.20765484,"poor, capatures 1 of 5 sites",North-West Germany & Netherlands,Bos primigenius taurus; Equus ferus caballus,"Some reserves additionally introduced red deer and wild boar, but almost all had horse and cattle",guesstimated based on 0.2-0.5 animal units / ha,0.2 Bos primigenius taurus; 0.2 Equus ferus caballus,0,individuals,hectare,17,,6205,1,2014,cumulative,vegetation_structure,vegetation,litter,higher_level,all plants,cover,%,mean,SE,"","",49.83,4.8,60,76.03,5.4,30,"","",JT,plant_cover,210,525,750,43.0801522509395,0.0143234830396299,-0.422510786947032,0.0530849677179991,-0.745180642018989,0.05093765410634,-0.7732173908415,7
dp_492,"Rupprecht et al 2016 Agriculture, Ecosystems & Environment",Effects of year-round grazing on the vegetation of nutrient-poor grass- and heathlands—Evidence from a large-scale survey,https://doi.org/10.1016/j.agee.2016.02.015,Semi-Domestic,Study looks at 5 grazing projects in northwest germany and the netherlands. Compares grazed vs ungrazed,"all sites have different size and age, takoing the average","","","",distal comparison with and without,with_introduction,1016,5,10160000,5,16,12 per site,,"","",Europe,53.61946051,10.20765484,"poor, capatures 1 of 5 sites",North-West Germany & Netherlands,Bos primigenius taurus; Equus ferus caballus,"Some reserves additionally introduced red deer and wild boar, but almost all had horse and cattle",guesstimated based on 0.2-0.5 animal units / ha,0.2 Bos primigenius taurus; 0.2 Equus ferus caballus,0,individuals,hectare,17,,6205,1,2014,cumulative,vegetation_structure,vegetation,woodies,higher_level,woody plants,cover,%,mean,SE,"","",0.7,0.2,60,14.3,3.9,30,"","",JT,plant_cover,210,525,750,43.0801522509395,0.156012818350481,-3.01693448120459,0.0566459583193759,-1.09374242739672,0.0823071594888044,-0.890348192137118,7
dp_493,"Rupprecht et al 2016 Agriculture, Ecosystems & Environment",Effects of year-round grazing on the vegetation of nutrient-poor grass- and heathlands—Evidence from a large-scale survey,https://doi.org/10.1016/j.agee.2016.02.015,Semi-Domestic,Study looks at 5 grazing projects in northwest germany and the netherlands. Compares grazed vs ungrazed,"all sites have different size and age, takoing the average","","","",distal comparison with and without,with_introduction,1016,5,10160000,5,16,12 per site,,"","",Europe,53.61946051,10.20765484,"poor, capatures 1 of 5 sites",North-West Germany & Netherlands,Bos primigenius taurus; Equus ferus caballus,"Some reserves additionally introduced red deer and wild boar, but almost all had horse and cattle",guesstimated based on 0.2-0.5 animal units / ha,0.2 Bos primigenius taurus; 0.2 Equus ferus caballus,0,individuals,hectare,17,,6205,1,2014,cumulative,soil_cover,soil,soil,higher_level,soil,bare ground,%,mean,SE,"","",5.89,1,60,4.28,1.7,30,"","",JT,bare_ground,210,525,750,43.0801522509395,0.186589876563788,0.31930298806979,0.0502057494448645,0.192444537661126,0.0548815337619579,0.186378650140491,2
dp_494,"Rupprecht et al 2016 Agriculture, Ecosystems & Environment",Effects of year-round grazing on the vegetation of nutrient-poor grass- and heathlands—Evidence from a large-scale survey,https://doi.org/10.1016/j.agee.2016.02.015,Semi-Domestic,Study looks at 5 grazing projects in northwest germany and the netherlands. Compares grazed vs ungrazed,"all sites have different size and age, takoing the average","","","",distal comparison with and without,with_introduction,1016,5,10160000,5,16,12 per site,,"","",Europe,53.61946051,10.20765484,"poor, capatures 1 of 5 sites",North-West Germany & Netherlands,Bos primigenius taurus; Equus ferus caballus,"Some reserves additionally introduced red deer and wild boar, but almost all had horse and cattle",guesstimated based on 0.2-0.5 animal units / ha,0.2 Bos primigenius taurus; 0.2 Equus ferus caballus,0,individuals,hectare,17,,6205,1,2014,cumulative,soil_nutrients,soil,soil,higher_level,soil,P,mg/100 g,mean,SE,"","",1.78,0.2,60,2.01,0.4,30,"","",JT,soil_p,210,525,750,43.0801522509395,0.0522276487267036,-0.121521357766991,0.0500905335240452,-0.12765592163366,0.0574007310943902,-0.120184076505151,2
dp_495,"Rupprecht et al 2016 Agriculture, Ecosystems & Environment",Effects of year-round grazing on the vegetation of nutrient-poor grass- and heathlands—Evidence from a large-scale survey,https://doi.org/10.1016/j.agee.2016.02.015,Semi-Domestic,Study looks at 5 grazing projects in northwest germany and the netherlands. Compares grazed vs ungrazed,"all sites have different size and age, takoing the average","","","",distal comparison with and without,with_introduction,1016,5,10160000,5,16,12 per site,,"","",Europe,53.61946051,10.20765484,"poor, capatures 1 of 5 sites",North-West Germany & Netherlands,Bos primigenius taurus; Equus ferus caballus,"Some reserves additionally introduced red deer and wild boar, but almost all had horse and cattle",guesstimated based on 0.2-0.5 animal units / ha,0.2 Bos primigenius taurus; 0.2 Equus ferus caballus,0,individuals,hectare,17,,6205,1,2014,cumulative,soil_nutrients,soil,soil,higher_level,soil,K,mg/100 g,mean,SE,"","",4.27,0.3,60,3.84,0.4,30,"","",JT,soil_k,210,525,750,43.0801522509395,0.0157868263817665,0.106141460640898,0.0501940939417559,0.186914176872853,0.0506212395121336,0.188779013638457,1
dp_496,"Rupprecht et al 2016 Agriculture, Ecosystems & Environment",Effects of year-round grazing on the vegetation of nutrient-poor grass- and heathlands—Evidence from a large-scale survey,https://doi.org/10.1016/j.agee.2016.02.015,Semi-Domestic,Study looks at 5 grazing projects in northwest germany and the netherlands. Compares grazed vs ungrazed,"all sites have different size and age, takoing the average","","","",distal comparison with and without,with_introduction,1016,5,10160000,5,16,12 per site,,"","",Europe,53.61946051,10.20765484,"poor, capatures 1 of 5 sites",North-West Germany & Netherlands,Bos primigenius taurus; Equus ferus caballus,"Some reserves additionally introduced red deer and wild boar, but almost all had horse and cattle",guesstimated based on 0.2-0.5 animal units / ha,0.2 Bos primigenius taurus; 0.2 Equus ferus caballus,0,individuals,hectare,17,,6205,1,2014,cumulative,soil_conditions,soil,soil,higher_level,soil,pH (CaCl₂),"",mean,SE,"","",4.15,0.1,60,4.23,0.2,30,"","",JT,soil_ph,210,525,750,43.0801522509395,0.00281615938376509,-0.0190936588155797,0.0500438120645663,-0.0888041193973287,0.0573365917973664,-0.0836063140905401,2
dp_497,"Rupprecht et al 2016 Agriculture, Ecosystems & Environment",Effects of year-round grazing on the vegetation of nutrient-poor grass- and heathlands—Evidence from a large-scale survey,https://doi.org/10.1016/j.agee.2016.02.015,Semi-Domestic,Study looks at 5 grazing projects in northwest germany and the netherlands. Compares grazed vs ungrazed,"all sites have different size and age, takoing the average","","","",distal comparison with and without,with_introduction,1016,5,10160000,5,16,12 per site,,"","",Europe,53.61946051,10.20765484,"poor, capatures 1 of 5 sites",North-West Germany & Netherlands,Bos primigenius taurus; Equus ferus caballus,"Some reserves additionally introduced red deer and wild boar, but almost all had horse and cattle",guesstimated based on 0.2-0.5 animal units / ha,0.2 Bos primigenius taurus; 0.2 Equus ferus caballus,0,individuals,hectare,17,,6205,1,2014,cumulative,plant_nutrients,vegetation,plants,higher_level,all plants,C,%,mean,SE,"","",45.98,0.1,60,46.46,0.2,30,"","",JT,plant_c,210,525,750,43.0801522509395,2.3261126324583e-05,-0.0103852080072277,0.051577234324387,-0.532824716383976,0.0594416764176372,-0.501637884543244,2
dp_498,"Rupprecht et al 2016 Agriculture, Ecosystems & Environment",Effects of year-round grazing on the vegetation of nutrient-poor grass- and heathlands—Evidence from a large-scale survey,https://doi.org/10.1016/j.agee.2016.02.015,Semi-Domestic,Study looks at 5 grazing projects in northwest germany and the netherlands. Compares grazed vs ungrazed,"all sites have different size and age, takoing the average","","","",distal comparison with and without,with_introduction,1016,5,10160000,5,16,12 per site,,"","",Europe,53.61946051,10.20765484,"poor, capatures 1 of 5 sites",North-West Germany & Netherlands,Bos primigenius taurus; Equus ferus caballus,"Some reserves additionally introduced red deer and wild boar, but almost all had horse and cattle",guesstimated based on 0.2-0.5 animal units / ha,0.2 Bos primigenius taurus; 0.2 Equus ferus caballus,0,individuals,hectare,17,,6205,1,2014,cumulative,soil_nutrients,soil,soil,higher_level,all plants,N,%,mean,SE,"","",1.45,0.1,60,1.22,0.1,30,"","",JT,plant_n,210,525,750,43.0801522509395,0.0114748665941705,0.172712697687318,0.0505764583571859,0.322121878011192,0.0462439735419039,0.339931901949741,2
dp_499,"Rupprecht et al 2016 Agriculture, Ecosystems & Environment",Effects of year-round grazing on the vegetation of nutrient-poor grass- and heathlands—Evidence from a large-scale survey,https://doi.org/10.1016/j.agee.2016.02.015,Semi-Domestic,Study looks at 5 grazing projects in northwest germany and the netherlands. Compares grazed vs ungrazed,"all sites have different size and age, takoing the average","","","",distal comparison with and without,with_introduction,1016,5,10160000,5,16,12 per site,,"","",Europe,53.61946051,10.20765484,"poor, capatures 1 of 5 sites",North-West Germany & Netherlands,Bos primigenius taurus; Equus ferus caballus,"Some reserves additionally introduced red deer and wild boar, but almost all had horse and cattle",guesstimated based on 0.2-0.5 animal units / ha,0.2 Bos primigenius taurus; 0.2 Equus ferus caballus,0,individuals,hectare,17,,6205,1,2014,cumulative,soil_nutrients,soil,soil,higher_level,all plants,P,%,mean,SE,"","",0.24,0.01,60,0.29,0.01,30,"","some errors were 0, set to a very small number to enable effect size calculation",JT,plant_p,210,525,750,43.0801522509395,0.00292517175320386,-0.189241999638528,0.0527242833515401,-0.700264952198244,0.048690389689636,-0.738982395542915,2
dp_500,"Rupprecht et al 2016 Agriculture, Ecosystems & Environment",Effects of year-round grazing on the vegetation of nutrient-poor grass- and heathlands—Evidence from a large-scale survey,https://doi.org/10.1016/j.agee.2016.02.015,Semi-Domestic,Study looks at 5 grazing projects in northwest germany and the netherlands. Compares grazed vs ungrazed,"all sites have different size and age, takoing the average","","","",distal comparison with and without,with_introduction,1016,5,10160000,5,16,12 per site,,"","",Europe,53.61946051,10.20765484,"poor, capatures 1 of 5 sites",North-West Germany & Netherlands,Bos primigenius taurus; Equus ferus caballus,"Some reserves additionally introduced red deer and wild boar, but almost all had horse and cattle",guesstimated based on 0.2-0.5 animal units / ha,0.2 Bos primigenius taurus; 0.2 Equus ferus caballus,0,individuals,hectare,17,,6205,1,2014,cumulative,soil_nutrients,soil,soil,higher_level,all plants,K,%,mean,SE,"","",1.37,0.1,60,1.63,0.1,30,"","",JT,plant_k,210,525,750,43.0801522509395,0.00909171922190597,-0.173769274978637,0.0507366462182564,-0.364137775143086,0.0464264307584014,-0.384270845682316,1
dp_501,"Rupprecht et al 2016 Agriculture, Ecosystems & Environment",Effects of year-round grazing on the vegetation of nutrient-poor grass- and heathlands—Evidence from a large-scale survey,https://doi.org/10.1016/j.agee.2016.02.015,Semi-Domestic,Study looks at 5 grazing projects in northwest germany and the netherlands. Compares grazed vs ungrazed,"all sites have different size and age, takoing the average","","","",distal comparison with and without,with_introduction,1016,5,10160000,5,16,12 per site,,"","",Europe,53.61946051,10.20765484,"poor, capatures 1 of 5 sites",North-West Germany & Netherlands,Bos primigenius taurus; Equus ferus caballus,"Some reserves additionally introduced red deer and wild boar, but almost all had horse and cattle",guesstimated based on 0.2-0.5 animal units / ha,0.2 Bos primigenius taurus; 0.2 Equus ferus caballus,0,individuals,hectare,17,,6205,1,2014,cumulative,soil_nutrients,soil,soil,higher_level,all plants,Ca,%,mean,SE,"","",0.66,0.01,60,0.83,0.1,30,"","",JT,plant_ca,210,525,750,43.0801522509395,0.0147454633163075,-0.229185865770172,0.0515339394250958,-0.52546084203986,0.0713554679425514,-0.430897079954828,1
dp_502,"Rupprecht et al 2016 Agriculture, Ecosystems & Environment",Effects of year-round grazing on the vegetation of nutrient-poor grass- and heathlands—Evidence from a large-scale survey,https://doi.org/10.1016/j.agee.2016.02.015,Semi-Domestic,Study looks at 5 grazing projects in northwest germany and the netherlands. Compares grazed vs ungrazed,"all sites have different size and age, takoing the average","","","",distal comparison with and without,with_introduction,1016,5,10160000,5,16,12 per site,,"","",Europe,53.61946051,10.20765484,"poor, capatures 1 of 5 sites",North-West Germany & Netherlands,Bos primigenius taurus; Equus ferus caballus,"Some reserves additionally introduced red deer and wild boar, but almost all had horse and cattle",guesstimated based on 0.2-0.5 animal units / ha,0.2 Bos primigenius taurus; 0.2 Equus ferus caballus,0,individuals,hectare,17,,6205,1,2014,cumulative,soil_nutrients,soil,soil,higher_level,all plants,Mg,%,mean,SE,"","",0.27,0.01,60,0.27,0.01,30,"","",JT,plant_mg,210,525,750,43.0801522509395,0.00274348422496571,0,0.05,0,0.0455873758036236,0,1
dp_503,Stroh et al 2021 European Journal of Ecology,The effects of extensive grazing on the vegetation of a landscape-scale restoration site,https://doi.org/10.17161/eurojecol.v7i2.15606,Semi-Domestic,"Study looks at the effect of introduced konik horses and highland cattle on plants, using exclosures","","","","",inside vs outside exclosure,post_introduction,119,1,1190000,1,625,7 exclosures,,"","",Europe,52.3099813,0.2896646527,ok,Wicked Fen,Bos primigenius taurus; Equus ferus caballus,"","",0.12 Bos primigenius taurus; 0.41 Equus ferus caballus,0,individuals,hectare,2,,730,1,2008,cumulative,diversity,vegetation,plants,higher_level,all plants,species richness,"",mean,SE,Fig_5,"2008, grazed = black solid vs ungrazed (black dashed line)",7.6991,1.1589,14,7.3894,1.49,14,"","",JT,plant_richness,213,401.88679245283,750,46.7525506535361,0.0633162659692079,0.0410568980458083,0.142921863886719,0.0602028043885485,0.153920076323985,0.0602028043885485,18
dp_504,Stroh et al 2021 European Journal of Ecology,The effects of extensive grazing on the vegetation of a landscape-scale restoration site,https://doi.org/10.17161/eurojecol.v7i2.15606,Semi-Domestic,"Study looks at the effect of introduced konik horses and highland cattle on plants, using exclosures","","","","",inside vs outside exclosure,post_introduction,119,1,1190000,1,625,7 exclosures,,"","",Europe,52.3099813,0.2896646527,ok,Wicked Fen,Bos primigenius taurus; Equus ferus caballus,"","",0.12 Bos primigenius taurus; 0.41 Equus ferus caballus,0,individuals,hectare,3,,1095,1,2009,cumulative,diversity,vegetation,plants,higher_level,all plants,species richness,"",mean,SE,Fig_5,"2009, grazed = black solid vs ungrazed (black dashed line)",8.1416,1.8212,14,7.9204,1.9867,14,"","",JT,plant_richness,213,401.88679245283,750,46.7525506535361,0.112954858103297,0.0275450112940823,0.142873338813287,0.0301160014620754,0.153863726936697,0.0301160014620754,18
dp_505,Stroh et al 2021 European Journal of Ecology,The effects of extensive grazing on the vegetation of a landscape-scale restoration site,https://doi.org/10.17161/eurojecol.v7i2.15606,Semi-Domestic,"Study looks at the effect of introduced konik horses and highland cattle on plants, using exclosures","","","","",inside vs outside exclosure,post_introduction,119,1,1190000,1,625,7 exclosures,,"","",Europe,52.3099813,0.2896646527,ok,Wicked Fen,Bos primigenius taurus; Equus ferus caballus,"","",0.12 Bos primigenius taurus; 0.41 Equus ferus caballus,0,individuals,hectare,4,,1460,1,2010,cumulative,diversity,vegetation,plants,higher_level,all plants,species richness,"",mean,SE,Fig_5,"2010, grazed = black solid vs ungrazed (black dashed line)",8.7168,2.649,14,7.3894,1.9867,14,"","",JT,plant_richness,213,401.88679245283,750,46.7525506535361,0.164637408022148,0.165205657227364,0.143243531692685,0.147097840875872,0.154294893411312,0.147097840875872,18
dp_506,Stroh et al 2021 European Journal of Ecology,The effects of extensive grazing on the vegetation of a landscape-scale restoration site,https://doi.org/10.17161/eurojecol.v7i2.15606,Semi-Domestic,"Study looks at the effect of introduced konik horses and highland cattle on plants, using exclosures","","","","",inside vs outside exclosure,post_introduction,119,1,1190000,1,625,7 exclosures,,"","",Europe,52.3099813,0.2896646527,ok,Wicked Fen,Bos primigenius taurus; Equus ferus caballus,"","",0.12 Bos primigenius taurus; 0.41 Equus ferus caballus,0,individuals,hectare,5,,1825,1,2011,cumulative,diversity,vegetation,plants,higher_level,all plants,species richness,"",mean,SE,Fig_5,"2011, grazed = black solid vs ungrazed (black dashed line)",9.2035,2.649,14,6.7699,1.8212,14,"","",JT,plant_richness,213,401.88679245283,750,46.7525506535361,0.155212094820036,0.307097530724294,0.144235076152857,0.277784565013981,0.155520357654734,0.277784565013981,18
dp_507,Stroh et al 2021 European Journal of Ecology,The effects of extensive grazing on the vegetation of a landscape-scale restoration site,https://doi.org/10.17161/eurojecol.v7i2.15606,Semi-Domestic,"Study looks at the effect of introduced konik horses and highland cattle on plants, using exclosures","","","","",inside vs outside exclosure,post_introduction,119,1,1190000,1,625,7 exclosures,,"","",Europe,52.3099813,0.2896646527,ok,Wicked Fen,Bos primigenius taurus; Equus ferus caballus,"","",0.12 Bos primigenius taurus; 0.41 Equus ferus caballus,0,individuals,hectare,6,,2190,1,2012,cumulative,diversity,vegetation,plants,higher_level,all plants,species richness,"",mean,SE,Fig_5,"2012, grazed = black solid vs ungrazed (black dashed line)",9.3805,2.3178,14,6.5487,1.3245,14,"","",JT,plant_richness,213,401.88679245283,750,46.7525506535361,0.101958639423092,0.359366509835239,0.145562633639087,0.389239622583428,0.157510674366812,0.389239622583428,18
dp_508,Stroh et al 2021 European Journal of Ecology,The effects of extensive grazing on the vegetation of a landscape-scale restoration site,https://doi.org/10.17161/eurojecol.v7i2.15606,Semi-Domestic,"Study looks at the effect of introduced konik horses and highland cattle on plants, using exclosures","","","","",inside vs outside exclosure,post_introduction,119,1,1190000,1,625,7 exclosures,,"","",Europe,52.3099813,0.2896646527,ok,Wicked Fen,Bos primigenius taurus; Equus ferus caballus,"","",0.12 Bos primigenius taurus; 0.41 Equus ferus caballus,0,individuals,hectare,7,,2555,1,2013,cumulative,diversity,vegetation,plants,higher_level,all plants,species richness,"",mean,SE,Fig_5,"2013, grazed = black solid vs ungrazed (black dashed line)",9.7345,2.8145,14,7.6106,1.9867,14,"","",JT,plant_richness,213,401.88679245283,750,46.7525506535361,0.151737888632013,0.246134264044422,0.143770989753858,0.226219862558649,0.154940660079257,0.226219862558649,18
dp_509,Stroh et al 2021 European Journal of Ecology,The effects of extensive grazing on the vegetation of a landscape-scale restoration site,https://doi.org/10.17161/eurojecol.v7i2.15606,Semi-Domestic,"Study looks at the effect of introduced konik horses and highland cattle on plants, using exclosures","","","","",inside vs outside exclosure,post_introduction,119,1,1190000,1,625,7 exclosures,,"","",Europe,52.3099813,0.2896646527,ok,Wicked Fen,Bos primigenius taurus; Equus ferus caballus,"","",0.12 Bos primigenius taurus; 0.41 Equus ferus caballus,0,individuals,hectare,8,,2920,1,2014,cumulative,diversity,vegetation,plants,higher_level,all plants,species richness,"",mean,SE,Fig_5,"2014, grazed = black solid vs ungrazed (black dashed line)",7.7876,3.4768,14,5.9735,1.3245,14,"","",JT,plant_richness,213,401.88679245283,750,46.7525506535361,0.248484465732547,0.265199704847477,0.143428762126043,0.178915284585788,0.154804819273493,0.178915284585788,18
dp_510,Stroh et al 2021 European Journal of Ecology,The effects of extensive grazing on the vegetation of a landscape-scale restoration site,https://doi.org/10.17161/eurojecol.v7i2.15606,Semi-Domestic,"Study looks at the effect of introduced konik horses and highland cattle on plants, using exclosures","","","","",inside vs outside exclosure,post_introduction,119,1,1190000,1,625,7 exclosures,,"","",Europe,52.3099813,0.2896646527,ok,Wicked Fen,Bos primigenius taurus; Equus ferus caballus,"","",0.12 Bos primigenius taurus; 0.41 Equus ferus caballus,0,individuals,hectare,11,,4015,1,2017,cumulative,diversity,vegetation,plants,higher_level,all plants,species richness,"",mean,SE,Fig_5,"2017, grazed = black solid vs ungrazed (black dashed line)",9.469,2.9801,14,7.1239,2.3178,14,"","",JT,plant_richness,213,401.88679245283,750,46.7525506535361,0.204905960392092,0.284567976730301,0.143784842923995,0.227928067038093,0.154905761389035,0.227928067038093,18
dp_511,del Valle et al 2024 The Journal of Wildlife Management,Grassland bird responses to bison and prescribed fire in restored tallgrass prairies,https://doi.org/10.1002/jwmg.22699,Wild Native,"Bison were reintroduced into the grasslands in October 2014, they compared sites with and without bison and with varying fire regimes.","","","","",distal comparison with and without,with_introduction,1600,1,16000000,1,31400,7,,"","",North America,41.88436596,-89.3431613,visitor center of site,Nachusa Grasslands,Bison bison,Introduced 2014,"",0.16 Bison bison,0,individuals,hectare,6,,2190,1,2020,cumulative,diversity,birds,birds,higher_level,birds,species richness,"",mean,SD,"","",11.9,4.3,7,12.4,3.99,7,"","",JT,bird_richness,92.680848,579.2553,579.2553,18.8917632656944,0.033444072377506,-0.0411580724935074,0.286168879764053,-0.112821245310771,0.333866651282468,-0.112821245310771,2
dp_512,del Valle et al 2024 The Journal of Wildlife Management,Grassland bird responses to bison and prescribed fire in restored tallgrass prairies,https://doi.org/10.1002/jwmg.22699,Wild Native,"Bison were reintroduced into the grasslands in October 2014, they compared sites with and without bison and with varying fire regimes.","","","","",distal comparison with and without,with_introduction,1600,1,16000000,1,31400,10,,"","",North America,41.88436596,-89.3431613,visitor center of site,Nachusa Grasslands,Bison bison,Introduced 2014,"",0.16 Bison bison,0,individuals,hectare,7,,2555,2,2021,cumulative,diversity,birds,birds,higher_level,birds,species richness,"",mean,SD,"","",10.7,3.3,10,11.3,2.16,10,"","",JT,bird_richness,92.680848,579.2553,579.2553,18.8917632656944,0.0131655969168441,-0.0545589842504345,0.201061197268215,-0.206028858970279,0.223590118594567,-0.206028858970279,2
dp_513,del Valle et al 2024 The Journal of Wildlife Management,Grassland bird responses to bison and prescribed fire in restored tallgrass prairies,https://doi.org/10.1002/jwmg.22699,Wild Native,"Bison were reintroduced into the grasslands in October 2014, they compared sites with and without bison and with varying fire regimes.","","","","",distal comparison with and without,with_introduction,1600,1,16000000,1,31400,7,,"","",North America,41.88436596,-89.3431613,visitor center of site,Nachusa Grasslands,Bison bison,Introduced 2014,"",0.16 Bison bison,0,individuals,hectare,6,,2190,1,2020,cumulative,abundance,birds,birds,higher_level,birds,abundance,number of individuals,mean,SD,"","",63.4,4.83,7,80,20.3,7,"","",JT,bird_abundance,92.680848,579.2553,579.2553,18.8917632656944,0.0100275581002647,-0.232562773230701,0.325312770913038,-1.05297558640505,0.416359420197809,-1.05297558640505,2
dp_514,del Valle et al 2024 The Journal of Wildlife Management,Grassland bird responses to bison and prescribed fire in restored tallgrass prairies,https://doi.org/10.1002/jwmg.22699,Wild Native,"Bison were reintroduced into the grasslands in October 2014, they compared sites with and without bison and with varying fire regimes.","","","","",distal comparison with and without,with_introduction,1600,1,16000000,1,31400,10,,"","",North America,41.88436596,-89.3431613,visitor center of site,Nachusa Grasslands,Bison bison,Introduced 2014,"",0.16 Bison bison,0,individuals,hectare,7,,2555,2,2021,cumulative,abundance,birds,birds,higher_level,birds,abundance,number of individuals,mean,SD,"","",56.1,11.1,10,59,13.7,10,"","",JT,bird_abundance,92.680848,579.2553,579.2553,18.8917632656944,0.00930673747566575,-0.0504016313770688,0.201240382594403,-0.222744929855039,0.223659706957529,-0.222744929855039,2
dp_515,del Valle et al 2024 The Journal of Wildlife Management,Grassland bird responses to bison and prescribed fire in restored tallgrass prairies,https://doi.org/10.1002/jwmg.22699,Wild Native,"Bison were reintroduced into the grasslands in October 2014, they compared sites with and without bison and with varying fire regimes.","","","","",distal comparison with and without,with_introduction,1600,1,16000000,1,200,"",0.5,"","",North America,41.88436596,-89.3431613,visitor center of site,Nachusa Grasslands,Bison bison,Introduced 2014,"",0.16 Bison bison,0,individuals,hectare,6,,2190,1,2020,cumulative,vegetation_structure,vegetation,plants,higher_level,all plants,height,cm,mean,SD,"","",0.496,0.146,21,0.631,0.119,21,"","",JT,plant_height,92.680848,579.2553,579.2553,18.8917632656944,0.00581956122974411,-0.240729935816286,0.107011679761247,-0.994475288755187,0.11286509644062,-0.994475288755187,7
dp_516,del Valle et al 2024 The Journal of Wildlife Management,Grassland bird responses to bison and prescribed fire in restored tallgrass prairies,https://doi.org/10.1002/jwmg.22699,Wild Native,"Bison were reintroduced into the grasslands in October 2014, they compared sites with and without bison and with varying fire regimes.","","","","",distal comparison with and without,with_introduction,1600,1,16000000,1,200,"",0.5,"","",North America,41.88436596,-89.3431613,visitor center of site,Nachusa Grasslands,Bison bison,Introduced 2014,"",0.16 Bison bison,0,individuals,hectare,7,,2555,2,2021,cumulative,vegetation_structure,vegetation,plants,higher_level,all plants,height,cm,mean,SD,"","",0.505,0.129,27,0.705,0.175,28,"","",JT,plant_height,92.680848,579.2553,579.2553,18.8917632656944,0.00461735005865036,-0.333639373536909,0.0876203545277935,-1.27890323926863,0.0917842691914486,-1.28246782915113,7
dp_517,del Valle et al 2024 The Journal of Wildlife Management,Grassland bird responses to bison and prescribed fire in restored tallgrass prairies,https://doi.org/10.1002/jwmg.22699,Wild Native,"Bison were reintroduced into the grasslands in October 2014, they compared sites with and without bison and with varying fire regimes.","","","","",distal comparison with and without,with_introduction,1600,1,16000000,1,200,"",0.5,"","",North America,41.88436596,-89.3431613,visitor center of site,Nachusa Grasslands,Bison bison,Introduced 2014,"",0.16 Bison bison,0,individuals,hectare,6,,2190,1,2020,cumulative,biomass,vegetation,plants,higher_level,all plants,litter,depth in cm,mean,SD,"","",0.00869,0.0105,21,0.0492,0.0443,21,"","",JT,plant_litter,92.680848,579.2553,579.2553,18.8917632656944,0.108127878351281,-1.73372068422096,0.11338354405858,-1.23459211925263,0.134267368039168,-1.23459211925263,2
dp_518,del Valle et al 2024 The Journal of Wildlife Management,Grassland bird responses to bison and prescribed fire in restored tallgrass prairies,https://doi.org/10.1002/jwmg.22699,Wild Native,"Bison were reintroduced into the grasslands in October 2014, they compared sites with and without bison and with varying fire regimes.","","","","",distal comparison with and without,with_introduction,1600,1,16000000,1,200,"",0.5,"","",North America,41.88436596,-89.3431613,visitor center of site,Nachusa Grasslands,Bison bison,Introduced 2014,"",0.16 Bison bison,0,individuals,hectare,7,,2555,2,2021,cumulative,biomass,vegetation,plants,higher_level,all plants,litter,depth in cm,mean,SD,"","",0.0195,0.0174,27,0.0238,0.0336,28,"","",JT,plant_litter,92.680848,579.2553,579.2553,18.8917632656944,0.1006707847698,-0.199271115107728,0.0729770400676107,-0.157571903560485,0.0749871320440911,-0.158427408763012,2
dp_519,del Valle et al 2024 The Journal of Wildlife Management,Grassland bird responses to bison and prescribed fire in restored tallgrass prairies,https://doi.org/10.1002/jwmg.22699,Wild Native,"Bison were reintroduced into the grasslands in October 2014, they compared sites with and without bison and with varying fire regimes.","","","","",distal comparison with and without,with_introduction,1600,1,16000000,1,200,"",0.5,"","",North America,41.88436596,-89.3431613,visitor center of site,Nachusa Grasslands,Bison bison,Introduced 2014,"",0.16 Bison bison,0,individuals,hectare,6,,2190,1,2020,cumulative,soil_cover,soil,soil,higher_level,soil,bare ground,%,mean,SD,"","",14.2,10.3,21,6.79,4.52,21,"","",JT,bare_ground,92.680848,579.2553,579.2553,18.8917632656944,0.0461558086237563,0.73779102303661,0.105184449341464,0.914053469269141,0.11523090063805,0.914053469269141,2
dp_520,del Valle et al 2024 The Journal of Wildlife Management,Grassland bird responses to bison and prescribed fire in restored tallgrass prairies,https://doi.org/10.1002/jwmg.22699,Wild Native,"Bison were reintroduced into the grasslands in October 2014, they compared sites with and without bison and with varying fire regimes.","","","","",distal comparison with and without,with_introduction,1600,1,16000000,1,200,"",0.5,"","",North America,41.88436596,-89.3431613,visitor center of site,Nachusa Grasslands,Bison bison,Introduced 2014,"",0.16 Bison bison,0,individuals,hectare,7,,2555,2,2021,cumulative,soil_cover,soil,soil,higher_level,soil,bare ground,%,mean,SD,"","",5.6,8.8,27,6.75,5.68,28,"","",JT,bare_ground,92.680848,579.2553,579.2553,18.8917632656944,0.116747773018673,-0.186775907143335,0.0729659853639439,-0.153664854108941,0.0763472595519705,-0.153066687983111,2
dp_521,del Valle et al 2024 The Journal of Wildlife Management,Grassland bird responses to bison and prescribed fire in restored tallgrass prairies,https://doi.org/10.1002/jwmg.22699,Wild Native,"Bison were reintroduced into the grasslands in October 2014, they compared sites with and without bison and with varying fire regimes.","","","","",distal comparison with and without,with_introduction,1600,1,16000000,1,200,"",0.5,"","",North America,41.88436596,-89.3431613,visitor center of site,Nachusa Grasslands,Bison bison,Introduced 2014,"",0.16 Bison bison,0,individuals,hectare,6,,2190,1,2020,cumulative,vegetation_structure,vegetation,forbs,higher_level,forbs,cover,%,mean,SD,"","",49.6,22.7,21,42.5,13.2,21,"","",JT,plant_cover,92.680848,579.2553,579.2553,18.8917632656944,0.0145675670744211,0.154486757800511,0.0969136228462807,0.375159058384012,0.102189702403001,0.375159058384012,7
dp_522,del Valle et al 2024 The Journal of Wildlife Management,Grassland bird responses to bison and prescribed fire in restored tallgrass prairies,https://doi.org/10.1002/jwmg.22699,Wild Native,"Bison were reintroduced into the grasslands in October 2014, they compared sites with and without bison and with varying fire regimes.","","","","",distal comparison with and without,with_introduction,1600,1,16000000,1,200,"",0.5,"","",North America,41.88436596,-89.3431613,visitor center of site,Nachusa Grasslands,Bison bison,Introduced 2014,"",0.16 Bison bison,0,individuals,hectare,7,,2555,2,2021,cumulative,vegetation_structure,vegetation,forbs,higher_level,forbs,cover,%,mean,SD,"","",58.9,16.8,27,53.1,19.1,28,"","",JT,plant_cover,92.680848,579.2553,579.2553,18.8917632656944,0.0076340004758471,0.103664162409648,0.0736676758863375,0.317488338134833,0.0762812927701325,0.317870322136995,7
dp_523,del Valle et al 2024 The Journal of Wildlife Management,Grassland bird responses to bison and prescribed fire in restored tallgrass prairies,https://doi.org/10.1002/jwmg.22699,Wild Native,"Bison were reintroduced into the grasslands in October 2014, they compared sites with and without bison and with varying fire regimes.","","","","",distal comparison with and without,with_introduction,1600,1,16000000,1,200,"",0.5,"","",North America,41.88436596,-89.3431613,visitor center of site,Nachusa Grasslands,Bison bison,Introduced 2014,"",0.16 Bison bison,0,individuals,hectare,6,,2190,1,2020,cumulative,vegetation_structure,vegetation,grass,higher_level,grass,cover,%,mean,SD,"","",31.7,18.2,21,32.5,12.5,21,"","",JT,plant_cover,92.680848,579.2553,579.2553,18.8917632656944,0.0227408148849225,-0.0249234084524569,0.0952681838615672,-0.0502736946289394,0.100035663919252,-0.0502736946289394,7
dp_524,del Valle et al 2024 The Journal of Wildlife Management,Grassland bird responses to bison and prescribed fire in restored tallgrass prairies,https://doi.org/10.1002/jwmg.22699,Wild Native,"Bison were reintroduced into the grasslands in October 2014, they compared sites with and without bison and with varying fire regimes.","","","","",distal comparison with and without,with_introduction,1600,1,16000000,1,200,"",0.5,"","",North America,41.88436596,-89.3431613,visitor center of site,Nachusa Grasslands,Bison bison,Introduced 2014,"",0.16 Bison bison,0,individuals,hectare,7,,2555,2,2021,cumulative,vegetation_structure,vegetation,grass,higher_level,grass,cover,%,mean,SD,"","",28.6,12.9,27,32,15.7,28,"","",JT,plant_cover,92.680848,579.2553,579.2553,18.8917632656944,0.0161318947376469,-0.11232918497392,0.0732441738761428,-0.232838192164009,0.0757513609943703,-0.233263820732828,7
dp_525,del Valle et al 2024 The Journal of Wildlife Management,Grassland bird responses to bison and prescribed fire in restored tallgrass prairies,https://doi.org/10.1002/jwmg.22699,Wild Native,"Bison were reintroduced into the grasslands in October 2014, they compared sites with and without bison and with varying fire regimes.","","","","",distal comparison with and without,with_introduction,1600,1,16000000,1,200,"",0.5,"","",North America,41.88436596,-89.3431613,visitor center of site,Nachusa Grasslands,Bison bison,Introduced 2014,"",0.16 Bison bison,0,individuals,hectare,6,,2190,1,2020,cumulative,vegetation_structure,vegetation,woodies,higher_level,woody plants,cover,%,mean,SD,"","",0.0595,0.273,21,1.13,2.68,21,"","",JT,plant_cover,92.680848,579.2553,579.2553,18.8917632656944,1.27032265965956,-2.9439965991548,0.0988572614283604,-0.551370982172868,0.107445742429872,-0.551370982172868,7
dp_526,del Valle et al 2024 The Journal of Wildlife Management,Grassland bird responses to bison and prescribed fire in restored tallgrass prairies,https://doi.org/10.1002/jwmg.22699,Wild Native,"Bison were reintroduced into the grasslands in October 2014, they compared sites with and without bison and with varying fire regimes.","","","","",distal comparison with and without,with_introduction,1600,1,16000000,1,200,"",0.5,"","",North America,41.88436596,-89.3431613,visitor center of site,Nachusa Grasslands,Bison bison,Introduced 2014,"",0.16 Bison bison,0,individuals,hectare,7,,2555,2,2021,cumulative,vegetation_structure,vegetation,woodies,higher_level,woody plants,cover,%,mean,SD,"","",0.469,1.1,27,1.59,2.24,28,"","",JT,plant_cover,92.680848,579.2553,579.2553,18.8917632656944,0.274623093239933,-1.220886526768,0.0762758292094169,-0.62265215842423,0.0796267624468604,-0.626233313442926,7
dp_527,Garrido et al 2022 Journal of Insect Conservation,"Effects of experimental rewilding on butterflies, bumblebees and grasshoppers",https://doi.org/10.1007/s10841-022-00420-4,Semi-Domestic,Experimetal rewilding at Krusenberg in sweden. They kept a few horses in three enclosures for 2-3 years and monitored what happend,"","","","",inside vs outside exclosure,with_introduction,11.5,3,345000,1,100,3 per site,1,4 per exclosure,subplot,Europe,59.73331705,17.66667743,roughly ok,Krusenberg,Equus ferus caballus,Introduced 2014,"fluctuated (some horses were removed temporarily or excluded), took the initial value",0.35 Equus ferus caballus,0,individuals,hectare,1,,365,1,2015,cumulative,diversity,arthropods,arthropods,higher_level,Grasshoppers,species richness,"",mean,SD,"","",0.278,0.513,36,0.583,0.874,36,"","",JT,invertebrate_richness,105,300,300,25.2295198484149,0.157017987384992,-0.740566072659855,0.0567866228936254,-0.42103883037323,0.0587100549699839,-0.42103883037323,4
dp_528,Garrido et al 2022 Journal of Insect Conservation,"Effects of experimental rewilding on butterflies, bumblebees and grasshoppers",https://doi.org/10.1007/s10841-022-00420-4,Semi-Domestic,Experimetal rewilding at Krusenberg in sweden. They kept a few horses in three enclosures for 2-3 years and monitored what happend,"","","","",inside vs outside exclosure,with_introduction,11.5,3,345000,1,100,3 per site,1,4 per exclosure,subplot,Europe,59.73331705,17.66667743,roughly ok,Krusenberg,Equus ferus caballus,Introduced 2014,"fluctuated (some horses were removed temporarily or excluded), took the initial value",0.35 Equus ferus caballus,0,individuals,hectare,1,,365,1,2015,cumulative,abundance,arthropods,arthropods,higher_level,Grasshoppers,abundance,"",mean,SD,"","",0.556,1.18,36,0.694,1.31,36,"","",JT,invertebrate_abundance,105,300,300,25.2295198484149,0.224089740938497,-0.221703666256222,0.0556388237032906,-0.109501658772096,0.0572294331266548,-0.109501658772096,6
dp_529,Garrido et al 2022 Journal of Insect Conservation,"Effects of experimental rewilding on butterflies, bumblebees and grasshoppers",https://doi.org/10.1007/s10841-022-00420-4,Semi-Domestic,Experimetal rewilding at Krusenberg in sweden. They kept a few horses in three enclosures for 2-3 years and monitored what happend,"","","","",inside vs outside exclosure,with_introduction,11.5,3,345000,1,100,3 per site,1,4 per exclosure,subplot,Europe,59.73331705,17.66667743,roughly ok,Krusenberg,Equus ferus caballus,Introduced 2014,"fluctuated (some horses were removed temporarily or excluded), took the initial value",0.35 Equus ferus caballus,0,individuals,hectare,2,,730,2,2016,cumulative,diversity,arthropods,arthropods,higher_level,Grasshoppers,species richness,"",mean,SD,"","",0.194,0.467,36,0.194,0.401,36,"","",JT,invertebrate_richness,105,300,300,25.2295198484149,0.27964507976996,0,0.0555555555555556,0,0.0571428571428571,0,4
dp_530,Garrido et al 2022 Journal of Insect Conservation,"Effects of experimental rewilding on butterflies, bumblebees and grasshoppers",https://doi.org/10.1007/s10841-022-00420-4,Semi-Domestic,Experimetal rewilding at Krusenberg in sweden. They kept a few horses in three enclosures for 2-3 years and monitored what happend,"","","","",inside vs outside exclosure,with_introduction,11.5,3,345000,1,100,3 per site,1,4 per exclosure,subplot,Europe,59.73331705,17.66667743,roughly ok,Krusenberg,Equus ferus caballus,Introduced 2014,"fluctuated (some horses were removed temporarily or excluded), took the initial value",0.35 Equus ferus caballus,0,individuals,hectare,2,,730,2,2016,cumulative,abundance,arthropods,arthropods,higher_level,Grasshoppers,abundance,"",mean,SD,"","",0.25,0.649,36,0.25,0.649,36,"","",JT,invertebrate_abundance,105,300,300,25.2295198484149,0.374400888888889,0,0.0555555555555556,0,0.0571428571428571,0,6
dp_531,Mata et al 2025 Applied Vegetation Science,Capybaras (Hydrochoerus hydrochaeris) Generate Grazing Lawns and Maintain Plant Diversity in Neotropical Savanna,https://doi.org/10.1111/avsc.70013,Wild Native,"Rewilding in Argentina, exclosure experiment to investigate effects of large herbivores","","","","",inside vs outside exclosure,post_introduction,1240000,1,12400000000,1,4,30 paired plots per habitat type (10 per habitat type ),0.25,1 per plot,subplot,South America,-28.63787431,-57.34588999,roughly ok,Rincón del Socorro,Hydrochoerus hydrochaeris; Ozotoceros bezoarticus; Dicotyles tajacu; Tapirus terrestris,Few capybara have been present before but massive recovery since it became a rewilding project. Listed here only because they're the dominating grazer in the system and excluding them would be kinda unfair/misleading,"",NA Hydrochoerus hydrochaeris; NA Ozotoceros bezoarticus; NA Dicotyles tajacu; NA Tapirus terrestris,0,individuals,hectare,9,1,389,1,2019,cumulative,diversity,vegetation,plants,higher_level,all plants,species richness,"",mean,SD,"","",8.64,2.96,28,5.93,2.54,28,"","",JT,plant_richness,0,,207.5009,0,0.0107441686154273,0.37637836980633,0.0798099453225318,0.968872476708656,0.0829662667202125,0.968872476708655,18
dp_532,Mata et al 2025 Applied Vegetation Science,Capybaras (Hydrochoerus hydrochaeris) Generate Grazing Lawns and Maintain Plant Diversity in Neotropical Savanna,https://doi.org/10.1111/avsc.70013,Wild Native,"Rewilding in Argentina, exclosure experiment to investigate effects of large herbivores","","","","",inside vs outside exclosure,post_introduction,1240000,1,12400000000,1,4,30 paired plots per habitat type (10 per habitat type ),0.25,1 per plot,subplot,South America,-28.63787431,-57.34588999,roughly ok,Rincón del Socorro,Hydrochoerus hydrochaeris; Ozotoceros bezoarticus; Dicotyles tajacu; Tapirus terrestris,Few capybara have been present before but massive recovery since it became a rewilding project. Listed here only because they're the dominating grazer in the system and excluding them would be kinda unfair/misleading,"",NA Hydrochoerus hydrochaeris; NA Ozotoceros bezoarticus; NA Dicotyles tajacu; NA Tapirus terrestris,0,individuals,hectare,10,2,518,2,2020,cumulative,diversity,vegetation,plants,higher_level,all plants,species richness,"",mean,SD,"","",7.92,3.01,24,5.67,1.83,24,"","",JT,plant_richness,0,,207.5009,0,0.0103586167802864,0.334202088086674,0.0915560741061062,0.888472348577147,0.0973543012456442,0.888472348577147,18
dp_533,Mata et al 2025 Applied Vegetation Science,Capybaras (Hydrochoerus hydrochaeris) Generate Grazing Lawns and Maintain Plant Diversity in Neotropical Savanna,https://doi.org/10.1111/avsc.70013,Wild Native,"Rewilding in Argentina, exclosure experiment to investigate effects of large herbivores","","","","",inside vs outside exclosure,post_introduction,1240000,1,12400000000,1,4,30 paired plots per habitat type (10 per habitat type ),0.25,1 per plot,subplot,South America,-28.63787431,-57.34588999,roughly ok,Rincón del Socorro,Hydrochoerus hydrochaeris; Ozotoceros bezoarticus; Dicotyles tajacu; Tapirus terrestris,Few capybara have been present before but massive recovery since it became a rewilding project. Listed here only because they're the dominating grazer in the system and excluding them would be kinda unfair/misleading,"",NA Hydrochoerus hydrochaeris; NA Ozotoceros bezoarticus; NA Dicotyles tajacu; NA Tapirus terrestris,0,individuals,hectare,9,1,389,1,2019,cumulative,vegetation_structure,vegetation,plants,higher_level,all plants,height,cm,mean,SD,"","",37.5,33.5,28,59.4,25.3,28,"","",JT,plant_height,0,,207.5009,0,0.0349806192435822,-0.459953293392234,0.0761535053487432,-0.727456252333598,0.0793407748381568,-0.727456252333598,7
dp_534,Mata et al 2025 Applied Vegetation Science,Capybaras (Hydrochoerus hydrochaeris) Generate Grazing Lawns and Maintain Plant Diversity in Neotropical Savanna,https://doi.org/10.1111/avsc.70013,Wild Native,"Rewilding in Argentina, exclosure experiment to investigate effects of large herbivores","","","","",inside vs outside exclosure,post_introduction,1240000,1,12400000000,1,4,30 paired plots per habitat type (10 per habitat type ),0.25,1 per plot,subplot,South America,-28.63787431,-57.34588999,roughly ok,Rincón del Socorro,Hydrochoerus hydrochaeris; Ozotoceros bezoarticus; Dicotyles tajacu; Tapirus terrestris,Few capybara have been present before but massive recovery since it became a rewilding project. Listed here only because they're the dominating grazer in the system and excluding them would be kinda unfair/misleading,"",NA Hydrochoerus hydrochaeris; NA Ozotoceros bezoarticus; NA Dicotyles tajacu; NA Tapirus terrestris,0,individuals,hectare,10,2,518,2,2020,cumulative,vegetation_structure,vegetation,plants,higher_level,all plants,height,cm,mean,SD,"","",29.9,27.1,24,50.6,22.1,24,"","",JT,plant_height,0,,207.5009,0,0.0421765349088145,-0.526093095896779,0.0903959641495647,-0.823415179820124,0.0946244834912284,-0.823415179820123,7
dp_535,Mata et al 2025 Applied Vegetation Science,Capybaras (Hydrochoerus hydrochaeris) Generate Grazing Lawns and Maintain Plant Diversity in Neotropical Savanna,https://doi.org/10.1111/avsc.70013,Wild Native,"Rewilding in Argentina, exclosure experiment to investigate effects of large herbivores","","","","",inside vs outside exclosure,post_introduction,1240000,1,12400000000,1,4,30 paired plots per habitat type (10 per habitat type ),0.25,1 per plot,subplot,South America,-28.63787431,-57.34588999,roughly ok,Rincón del Socorro,Hydrochoerus hydrochaeris; Ozotoceros bezoarticus; Dicotyles tajacu; Tapirus terrestris,Few capybara have been present before but massive recovery since it became a rewilding project. Listed here only because they're the dominating grazer in the system and excluding them would be kinda unfair/misleading,"",NA Hydrochoerus hydrochaeris; NA Ozotoceros bezoarticus; NA Dicotyles tajacu; NA Tapirus terrestris,0,individuals,hectare,9,1,389,1,2019,cumulative,biomass,vegetation,plants,higher_level,herbaceous plants,biomass,g,mean,SD,"","",734,900,28,1433,931,28,"","",JT,plant_biomass,0,,207.5009,0,0.0687698356661558,-0.669016399213656,0.0764877545038658,-0.752747304500632,0.0793266464863421,-0.752747304500632,5
dp_536,Mata et al 2025 Applied Vegetation Science,Capybaras (Hydrochoerus hydrochaeris) Generate Grazing Lawns and Maintain Plant Diversity in Neotropical Savanna,https://doi.org/10.1111/avsc.70013,Wild Native,"Rewilding in Argentina, exclosure experiment to investigate effects of large herbivores","","","","",inside vs outside exclosure,post_introduction,1240000,1,12400000000,1,4,30 paired plots per habitat type (10 per habitat type ),0.25,1 per plot,subplot,South America,-28.63787431,-57.34588999,roughly ok,Rincón del Socorro,Hydrochoerus hydrochaeris; Ozotoceros bezoarticus; Dicotyles tajacu; Tapirus terrestris,Few capybara have been present before but massive recovery since it became a rewilding project. Listed here only because they're the dominating grazer in the system and excluding them would be kinda unfair/misleading,"",NA Hydrochoerus hydrochaeris; NA Ozotoceros bezoarticus; NA Dicotyles tajacu; NA Tapirus terrestris,0,individuals,hectare,10,2,518,2,2020,cumulative,biomass,vegetation,plants,higher_level,herbaceous plants,biomass,g,mean,SD,"","",468,644,24,1012,848,24,"","",JT,plant_biomass,0,,207.5009,0,0.108154809816438,-0.771215553929764,0.0885939223354488,-0.710645160542931,0.0928413918592531,-0.710645160542931,5
