data_point_id,time_series_clean,citation,experimental_mechanism,site_name,individuals_ha,species,mass_kg,common_name,biomass_kg_ha
dp_1,1,Noble et al 2025 Ecological Applications,distal comparison with and without,Konza Prairie Biological Station,0.26,Bison bison,579.2553,American Bison,150.606378
dp_2,1,Noble et al 2025 Ecological Applications,distal comparison with and without,Konza Prairie Biological Station,0.26,Bison bison,579.2553,American Bison,150.606378
dp_3,2,Noble et al 2025 Ecological Applications,distal comparison with and without,Konza Prairie Biological Station,0.26,Bison bison,579.2553,American Bison,150.606378
dp_4,2,Noble et al 2025 Ecological Applications,distal comparison with and without,Konza Prairie Biological Station,0.26,Bison bison,579.2553,American Bison,150.606378
dp_5,1,Noble et al 2025 Ecological Applications,distal comparison with and without,Konza Prairie Biological Station,0.26,Bison bison,579.2553,American Bison,150.606378
dp_6,1,Noble et al 2025 Ecological Applications,distal comparison with and without,Konza Prairie Biological Station,0.26,Bison bison,579.2553,American Bison,150.606378
dp_7,2,Noble et al 2025 Ecological Applications,distal comparison with and without,Konza Prairie Biological Station,0.26,Bison bison,579.2553,American Bison,150.606378
dp_8,2,Noble et al 2025 Ecological Applications,distal comparison with and without,Konza Prairie Biological Station,0.26,Bison bison,579.2553,American Bison,150.606378
dp_9,1,Noble et al 2025 Ecological Applications,distal comparison with and without,Konza Prairie Biological Station,0.26,Bison bison,579.2553,American Bison,150.606378
dp_10,1,Noble et al 2025 Ecological Applications,distal comparison with and without,Konza Prairie Biological Station,0.26,Bison bison,579.2553,American Bison,150.606378
dp_11,2,Noble et al 2025 Ecological Applications,distal comparison with and without,Konza Prairie Biological Station,0.26,Bison bison,579.2553,American Bison,150.606378
dp_12,2,Noble et al 2025 Ecological Applications,distal comparison with and without,Konza Prairie Biological Station,0.26,Bison bison,579.2553,American Bison,150.606378
dp_13,1,Kaštovská et al 2025 Science of The Total Environment,distal comparison with and without,MBV,0.25,Equus ferus caballus,300,Horse,75
dp_13,1,Kaštovská et al 2025 Science of The Total Environment,distal comparison with and without,MBV,0.09,Bos primigenius taurus,750,Cattle,67.5
dp_14,1,Kaštovská et al 2025 Science of The Total Environment,distal comparison with and without,MTR,0.16,Equus ferus caballus,300,Horse,48
dp_14,1,Kaštovská et al 2025 Science of The Total Environment,distal comparison with and without,MTR,0.12,Bison bonasus,500,European Bison,60
dp_14,1,Kaštovská et al 2025 Science of The Total Environment,distal comparison with and without,MTR,0.02,Bos primigenius taurus,750,Cattle,15
dp_15,1,Kaštovská et al 2025 Science of The Total Environment,distal comparison with and without,DOB,0.2,Equus ferus caballus,300,Horse,60
dp_16,1,Kaštovská et al 2025 Science of The Total Environment,distal comparison with and without,HAV,0.23,Equus ferus caballus,300,Horse,69
dp_17,1,Kaštovská et al 2025 Science of The Total Environment,distal comparison with and without,MAS,0.31,Equus ferus caballus,300,Horse,93
dp_18,1,Kaštovská et al 2025 Science of The Total Environment,distal comparison with and without,HRK,0.17,Equus ferus caballus,300,Horse,51
dp_19,1,Kaštovská et al 2025 Science of The Total Environment,distal comparison with and without,MBV,0.25,Equus ferus caballus,300,Horse,75
dp_19,1,Kaštovská et al 2025 Science of The Total Environment,distal comparison with and without,MBV,0.09,Bos primigenius taurus,750,Cattle,67.5
dp_20,1,Kaštovská et al 2025 Science of The Total Environment,distal comparison with and without,MTR,0.16,Equus ferus caballus,300,Horse,48
dp_20,1,Kaštovská et al 2025 Science of The Total Environment,distal comparison with and without,MTR,0.12,Bison bonasus,500,European Bison,60
dp_20,1,Kaštovská et al 2025 Science of The Total Environment,distal comparison with and without,MTR,0.02,Bos primigenius taurus,750,Cattle,15
dp_21,1,Kaštovská et al 2025 Science of The Total Environment,distal comparison with and without,DOB,0.2,Equus ferus caballus,300,Horse,60
dp_22,1,Kaštovská et al 2025 Science of The Total Environment,distal comparison with and without,HAV,0.23,Equus ferus caballus,300,Horse,69
dp_23,1,Kaštovská et al 2025 Science of The Total Environment,distal comparison with and without,MAS,0.31,Equus ferus caballus,300,Horse,93
dp_24,1,Kaštovská et al 2025 Science of The Total Environment,distal comparison with and without,HRK,0.17,Equus ferus caballus,300,Horse,51
dp_25,1,Kaštovská et al 2025 Science of The Total Environment,distal comparison with and without,MBV,0.25,Equus ferus caballus,300,Horse,75
dp_25,1,Kaštovská et al 2025 Science of The Total Environment,distal comparison with and without,MBV,0.09,Bos primigenius taurus,750,Cattle,67.5
dp_26,1,Kaštovská et al 2025 Science of The Total Environment,distal comparison with and without,MTR,0.16,Equus ferus caballus,300,Horse,48
dp_26,1,Kaštovská et al 2025 Science of The Total Environment,distal comparison with and without,MTR,0.12,Bison bonasus,500,European Bison,60
dp_26,1,Kaštovská et al 2025 Science of The Total Environment,distal comparison with and without,MTR,0.02,Bos primigenius taurus,750,Cattle,15
dp_27,1,Kaštovská et al 2025 Science of The Total Environment,distal comparison with and without,DOB,0.2,Equus ferus caballus,300,Horse,60
dp_28,1,Kaštovská et al 2025 Science of The Total Environment,distal comparison with and without,HAV,0.23,Equus ferus caballus,300,Horse,69
dp_29,1,Kaštovská et al 2025 Science of The Total Environment,distal comparison with and without,MAS,0.31,Equus ferus caballus,300,Horse,93
dp_30,1,Kaštovská et al 2025 Science of The Total Environment,distal comparison with and without,HRK,0.17,Equus ferus caballus,300,Horse,51
dp_31,1,Kaštovská et al 2025 Science of The Total Environment,distal comparison with and without,MBV,0.25,Equus ferus caballus,300,Horse,75
dp_31,1,Kaštovská et al 2025 Science of The Total Environment,distal comparison with and without,MBV,0.09,Bos primigenius taurus,750,Cattle,67.5
dp_32,1,Kaštovská et al 2025 Science of The Total Environment,distal comparison with and without,MTR,0.16,Equus ferus caballus,300,Horse,48
dp_32,1,Kaštovská et al 2025 Science of The Total Environment,distal comparison with and without,MTR,0.12,Bison bonasus,500,European Bison,60
dp_32,1,Kaštovská et al 2025 Science of The Total Environment,distal comparison with and without,MTR,0.02,Bos primigenius taurus,750,Cattle,15
dp_33,1,Kaštovská et al 2025 Science of The Total Environment,distal comparison with and without,DOB,0.2,Equus ferus caballus,300,Horse,60
dp_34,1,Kaštovská et al 2025 Science of The Total Environment,distal comparison with and without,HAV,0.23,Equus ferus caballus,300,Horse,69
dp_35,1,Kaštovská et al 2025 Science of The Total Environment,distal comparison with and without,MAS,0.31,Equus ferus caballus,300,Horse,93
dp_36,1,Kaštovská et al 2025 Science of The Total Environment,distal comparison with and without,HRK,0.17,Equus ferus caballus,300,Horse,51
dp_37,1,Kaštovská et al 2025 Science of The Total Environment,distal comparison with and without,MBV,0.25,Equus ferus caballus,300,Horse,75
dp_37,1,Kaštovská et al 2025 Science of The Total Environment,distal comparison with and without,MBV,0.09,Bos primigenius taurus,750,Cattle,67.5
dp_38,1,Kaštovská et al 2025 Science of The Total Environment,distal comparison with and without,MTR,0.16,Equus ferus caballus,300,Horse,48
dp_38,1,Kaštovská et al 2025 Science of The Total Environment,distal comparison with and without,MTR,0.12,Bison bonasus,500,European Bison,60
dp_38,1,Kaštovská et al 2025 Science of The Total Environment,distal comparison with and without,MTR,0.02,Bos primigenius taurus,750,Cattle,15
dp_39,1,Kaštovská et al 2025 Science of The Total Environment,distal comparison with and without,DOB,0.2,Equus ferus caballus,300,Horse,60
dp_40,1,Kaštovská et al 2025 Science of The Total Environment,distal comparison with and without,HAV,0.23,Equus ferus caballus,300,Horse,69
dp_41,1,Kaštovská et al 2025 Science of The Total Environment,distal comparison with and without,MAS,0.31,Equus ferus caballus,300,Horse,93
dp_42,1,Kaštovská et al 2025 Science of The Total Environment,distal comparison with and without,HRK,0.17,Equus ferus caballus,300,Horse,51
dp_43,1,Kaštovská et al 2025 Science of The Total Environment,distal comparison with and without,MBV,0.25,Equus ferus caballus,300,Horse,75
dp_43,1,Kaštovská et al 2025 Science of The Total Environment,distal comparison with and without,MBV,0.09,Bos primigenius taurus,750,Cattle,67.5
dp_44,1,Kaštovská et al 2025 Science of The Total Environment,distal comparison with and without,MTR,0.16,Equus ferus caballus,300,Horse,48
dp_44,1,Kaštovská et al 2025 Science of The Total Environment,distal comparison with and without,MTR,0.12,Bison bonasus,500,European Bison,60
dp_44,1,Kaštovská et al 2025 Science of The Total Environment,distal comparison with and without,MTR,0.02,Bos primigenius taurus,750,Cattle,15
dp_45,1,Kaštovská et al 2025 Science of The Total Environment,distal comparison with and without,DOB,0.2,Equus ferus caballus,300,Horse,60
dp_46,1,Kaštovská et al 2025 Science of The Total Environment,distal comparison with and without,HAV,0.23,Equus ferus caballus,300,Horse,69
dp_47,1,Kaštovská et al 2025 Science of The Total Environment,distal comparison with and without,MAS,0.31,Equus ferus caballus,300,Horse,93
dp_48,1,Kaštovská et al 2025 Science of The Total Environment,distal comparison with and without,HRK,0.17,Equus ferus caballus,300,Horse,51
dp_49,1,Kaštovská et al 2025 Science of The Total Environment,distal comparison with and without,MBV,0.25,Equus ferus caballus,300,Horse,75
dp_49,1,Kaštovská et al 2025 Science of The Total Environment,distal comparison with and without,MBV,0.09,Bos primigenius taurus,750,Cattle,67.5
dp_50,1,Kaštovská et al 2025 Science of The Total Environment,distal comparison with and without,MTR,0.16,Equus ferus caballus,300,Horse,48
dp_50,1,Kaštovská et al 2025 Science of The Total Environment,distal comparison with and without,MTR,0.12,Bison bonasus,500,European Bison,60
dp_50,1,Kaštovská et al 2025 Science of The Total Environment,distal comparison with and without,MTR,0.02,Bos primigenius taurus,750,Cattle,15
dp_51,1,Kaštovská et al 2025 Science of The Total Environment,distal comparison with and without,DOB,0.2,Equus ferus caballus,300,Horse,60
dp_52,1,Kaštovská et al 2025 Science of The Total Environment,distal comparison with and without,HAV,0.23,Equus ferus caballus,300,Horse,69
dp_53,1,Kaštovská et al 2025 Science of The Total Environment,distal comparison with and without,MAS,0.31,Equus ferus caballus,300,Horse,93
dp_54,1,Kaštovská et al 2025 Science of The Total Environment,distal comparison with and without,HRK,0.17,Equus ferus caballus,300,Horse,51
dp_55,1,Kaštovská et al 2025 Science of The Total Environment,distal comparison with and without,MBV,0.25,Equus ferus caballus,300,Horse,75
dp_55,1,Kaštovská et al 2025 Science of The Total Environment,distal comparison with and without,MBV,0.09,Bos primigenius taurus,750,Cattle,67.5
dp_56,1,Kaštovská et al 2025 Science of The Total Environment,distal comparison with and without,MTR,0.16,Equus ferus caballus,300,Horse,48
dp_56,1,Kaštovská et al 2025 Science of The Total Environment,distal comparison with and without,MTR,0.12,Bison bonasus,500,European Bison,60
dp_56,1,Kaštovská et al 2025 Science of The Total Environment,distal comparison with and without,MTR,0.02,Bos primigenius taurus,750,Cattle,15
dp_57,1,Kaštovská et al 2025 Science of The Total Environment,distal comparison with and without,DOB,0.2,Equus ferus caballus,300,Horse,60
dp_58,1,Kaštovská et al 2025 Science of The Total Environment,distal comparison with and without,HAV,0.23,Equus ferus caballus,300,Horse,69
dp_59,1,Kaštovská et al 2025 Science of The Total Environment,distal comparison with and without,MAS,0.31,Equus ferus caballus,300,Horse,93
dp_60,1,Kaštovská et al 2025 Science of The Total Environment,distal comparison with and without,HRK,0.17,Equus ferus caballus,300,Horse,51
dp_61,1,Kaštovská et al 2025 Science of The Total Environment,distal comparison with and without,MBV,0.25,Equus ferus caballus,300,Horse,75
dp_61,1,Kaštovská et al 2025 Science of The Total Environment,distal comparison with and without,MBV,0.09,Bos primigenius taurus,750,Cattle,67.5
dp_62,1,Kaštovská et al 2025 Science of The Total Environment,distal comparison with and without,MTR,0.16,Equus ferus caballus,300,Horse,48
dp_62,1,Kaštovská et al 2025 Science of The Total Environment,distal comparison with and without,MTR,0.12,Bison bonasus,500,European Bison,60
dp_62,1,Kaštovská et al 2025 Science of The Total Environment,distal comparison with and without,MTR,0.02,Bos primigenius taurus,750,Cattle,15
dp_63,1,Kaštovská et al 2025 Science of The Total Environment,distal comparison with and without,DOB,0.2,Equus ferus caballus,300,Horse,60
dp_64,1,Kaštovská et al 2025 Science of The Total Environment,distal comparison with and without,HAV,0.23,Equus ferus caballus,300,Horse,69
dp_65,1,Kaštovská et al 2025 Science of The Total Environment,distal comparison with and without,MAS,0.31,Equus ferus caballus,300,Horse,93
dp_66,1,Kaštovská et al 2025 Science of The Total Environment,distal comparison with and without,HRK,0.17,Equus ferus caballus,300,Horse,51
dp_67,1,Kaštovská et al 2025 Science of The Total Environment,distal comparison with and without,MBV,0.25,Equus ferus caballus,300,Horse,75
dp_67,1,Kaštovská et al 2025 Science of The Total Environment,distal comparison with and without,MBV,0.09,Bos primigenius taurus,750,Cattle,67.5
dp_68,1,Kaštovská et al 2025 Science of The Total Environment,distal comparison with and without,MTR,0.16,Equus ferus caballus,300,Horse,48
dp_68,1,Kaštovská et al 2025 Science of The Total Environment,distal comparison with and without,MTR,0.12,Bison bonasus,500,European Bison,60
dp_68,1,Kaštovská et al 2025 Science of The Total Environment,distal comparison with and without,MTR,0.02,Bos primigenius taurus,750,Cattle,15
dp_69,1,Kaštovská et al 2025 Science of The Total Environment,distal comparison with and without,DOB,0.2,Equus ferus caballus,300,Horse,60
dp_70,1,Kaštovská et al 2025 Science of The Total Environment,distal comparison with and without,HAV,0.23,Equus ferus caballus,300,Horse,69
dp_71,1,Kaštovská et al 2025 Science of The Total Environment,distal comparison with and without,MAS,0.31,Equus ferus caballus,300,Horse,93
dp_72,1,Kaštovská et al 2025 Science of The Total Environment,distal comparison with and without,HRK,0.17,Equus ferus caballus,300,Horse,51
dp_73,1,Kaštovská et al 2025 Science of The Total Environment,distal comparison with and without,MBV,0.25,Equus ferus caballus,300,Horse,75
dp_73,1,Kaštovská et al 2025 Science of The Total Environment,distal comparison with and without,MBV,0.09,Bos primigenius taurus,750,Cattle,67.5
dp_74,1,Kaštovská et al 2025 Science of The Total Environment,distal comparison with and without,MTR,0.16,Equus ferus caballus,300,Horse,48
dp_74,1,Kaštovská et al 2025 Science of The Total Environment,distal comparison with and without,MTR,0.12,Bison bonasus,500,European Bison,60
dp_74,1,Kaštovská et al 2025 Science of The Total Environment,distal comparison with and without,MTR,0.02,Bos primigenius taurus,750,Cattle,15
dp_75,1,Kaštovská et al 2025 Science of The Total Environment,distal comparison with and without,DOB,0.2,Equus ferus caballus,300,Horse,60
dp_76,1,Kaštovská et al 2025 Science of The Total Environment,distal comparison with and without,HAV,0.23,Equus ferus caballus,300,Horse,69
dp_77,1,Kaštovská et al 2025 Science of The Total Environment,distal comparison with and without,MAS,0.31,Equus ferus caballus,300,Horse,93
dp_78,1,Kaštovská et al 2025 Science of The Total Environment,distal comparison with and without,HRK,0.17,Equus ferus caballus,300,Horse,51
dp_79,1,Kaštovská et al 2025 Science of The Total Environment,distal comparison with and without,MBV,0.25,Equus ferus caballus,300,Horse,75
dp_79,1,Kaštovská et al 2025 Science of The Total Environment,distal comparison with and without,MBV,0.09,Bos primigenius taurus,750,Cattle,67.5
dp_80,1,Kaštovská et al 2025 Science of The Total Environment,distal comparison with and without,MTR,0.16,Equus ferus caballus,300,Horse,48
dp_80,1,Kaštovská et al 2025 Science of The Total Environment,distal comparison with and without,MTR,0.12,Bison bonasus,500,European Bison,60
dp_80,1,Kaštovská et al 2025 Science of The Total Environment,distal comparison with and without,MTR,0.02,Bos primigenius taurus,750,Cattle,15
dp_81,1,Kaštovská et al 2025 Science of The Total Environment,distal comparison with and without,DOB,0.2,Equus ferus caballus,300,Horse,60
dp_82,1,Kaštovská et al 2025 Science of The Total Environment,distal comparison with and without,HAV,0.23,Equus ferus caballus,300,Horse,69
dp_83,1,Kaštovská et al 2025 Science of The Total Environment,distal comparison with and without,MAS,0.31,Equus ferus caballus,300,Horse,93
dp_84,1,Kaštovská et al 2025 Science of The Total Environment,distal comparison with and without,HRK,0.17,Equus ferus caballus,300,Horse,51
dp_85,1,Kaštovská et al 2025 Science of The Total Environment,distal comparison with and without,MBV,0.25,Equus ferus caballus,300,Horse,75
dp_85,1,Kaštovská et al 2025 Science of The Total Environment,distal comparison with and without,MBV,0.09,Bos primigenius taurus,750,Cattle,67.5
dp_86,1,Kaštovská et al 2025 Science of The Total Environment,distal comparison with and without,MTR,0.16,Equus ferus caballus,300,Horse,48
dp_86,1,Kaštovská et al 2025 Science of The Total Environment,distal comparison with and without,MTR,0.12,Bison bonasus,500,European Bison,60
dp_86,1,Kaštovská et al 2025 Science of The Total Environment,distal comparison with and without,MTR,0.02,Bos primigenius taurus,750,Cattle,15
dp_87,1,Kaštovská et al 2025 Science of The Total Environment,distal comparison with and without,DOB,0.2,Equus ferus caballus,300,Horse,60
dp_88,1,Kaštovská et al 2025 Science of The Total Environment,distal comparison with and without,HAV,0.23,Equus ferus caballus,300,Horse,69
dp_89,1,Kaštovská et al 2025 Science of The Total Environment,distal comparison with and without,MAS,0.31,Equus ferus caballus,300,Horse,93
dp_90,1,Kaštovská et al 2025 Science of The Total Environment,distal comparison with and without,HRK,0.17,Equus ferus caballus,300,Horse,51
dp_91,1,Kaštovská et al 2025 Science of The Total Environment,distal comparison with and without,MBV,0.25,Equus ferus caballus,300,Horse,75
dp_91,1,Kaštovská et al 2025 Science of The Total Environment,distal comparison with and without,MBV,0.09,Bos primigenius taurus,750,Cattle,67.5
dp_92,1,Kaštovská et al 2025 Science of The Total Environment,distal comparison with and without,MTR,0.16,Equus ferus caballus,300,Horse,48
dp_92,1,Kaštovská et al 2025 Science of The Total Environment,distal comparison with and without,MTR,0.12,Bison bonasus,500,European Bison,60
dp_92,1,Kaštovská et al 2025 Science of The Total Environment,distal comparison with and without,MTR,0.02,Bos primigenius taurus,750,Cattle,15
dp_93,1,Kaštovská et al 2025 Science of The Total Environment,distal comparison with and without,DOB,0.2,Equus ferus caballus,300,Horse,60
dp_94,1,Kaštovská et al 2025 Science of The Total Environment,distal comparison with and without,HAV,0.23,Equus ferus caballus,300,Horse,69
dp_95,1,Kaštovská et al 2025 Science of The Total Environment,distal comparison with and without,MAS,0.31,Equus ferus caballus,300,Horse,93
dp_96,1,Kaštovská et al 2025 Science of The Total Environment,distal comparison with and without,HRK,0.17,Equus ferus caballus,300,Horse,51
dp_97,1,Kaštovská et al 2025 Science of The Total Environment,distal comparison with and without,MBV,0.25,Equus ferus caballus,300,Horse,75
dp_97,1,Kaštovská et al 2025 Science of The Total Environment,distal comparison with and without,MBV,0.09,Bos primigenius taurus,750,Cattle,67.5
dp_98,1,Kaštovská et al 2025 Science of The Total Environment,distal comparison with and without,MTR,0.16,Equus ferus caballus,300,Horse,48
dp_98,1,Kaštovská et al 2025 Science of The Total Environment,distal comparison with and without,MTR,0.12,Bison bonasus,500,European Bison,60
dp_98,1,Kaštovská et al 2025 Science of The Total Environment,distal comparison with and without,MTR,0.02,Bos primigenius taurus,750,Cattle,15
dp_99,1,Kaštovská et al 2025 Science of The Total Environment,distal comparison with and without,DOB,0.2,Equus ferus caballus,300,Horse,60
dp_100,1,Kaštovská et al 2025 Science of The Total Environment,distal comparison with and without,HAV,0.23,Equus ferus caballus,300,Horse,69
dp_101,1,Kaštovská et al 2025 Science of The Total Environment,distal comparison with and without,MAS,0.31,Equus ferus caballus,300,Horse,93
dp_102,1,Kaštovská et al 2025 Science of The Total Environment,distal comparison with and without,HRK,0.17,Equus ferus caballus,300,Horse,51
dp_103,1,Kaštovská et al 2025 Science of The Total Environment,distal comparison with and without,MBV,0.25,Equus ferus caballus,300,Horse,75
dp_103,1,Kaštovská et al 2025 Science of The Total Environment,distal comparison with and without,MBV,0.09,Bos primigenius taurus,750,Cattle,67.5
dp_104,1,Kaštovská et al 2025 Science of The Total Environment,distal comparison with and without,MTR,0.16,Equus ferus caballus,300,Horse,48
dp_104,1,Kaštovská et al 2025 Science of The Total Environment,distal comparison with and without,MTR,0.12,Bison bonasus,500,European Bison,60
dp_104,1,Kaštovská et al 2025 Science of The Total Environment,distal comparison with and without,MTR,0.02,Bos primigenius taurus,750,Cattle,15
dp_105,1,Kaštovská et al 2025 Science of The Total Environment,distal comparison with and without,DOB,0.2,Equus ferus caballus,300,Horse,60
dp_106,1,Kaštovská et al 2025 Science of The Total Environment,distal comparison with and without,HAV,0.23,Equus ferus caballus,300,Horse,69
dp_107,1,Kaštovská et al 2025 Science of The Total Environment,distal comparison with and without,MAS,0.31,Equus ferus caballus,300,Horse,93
dp_108,1,Kaštovská et al 2025 Science of The Total Environment,distal comparison with and without,HRK,0.17,Equus ferus caballus,300,Horse,51
dp_109,1,Kaštovská et al 2025 Science of The Total Environment,distal comparison with and without,MBV,0.25,Equus ferus caballus,300,Horse,75
dp_109,1,Kaštovská et al 2025 Science of The Total Environment,distal comparison with and without,MBV,0.09,Bos primigenius taurus,750,Cattle,67.5
dp_110,1,Kaštovská et al 2025 Science of The Total Environment,distal comparison with and without,MTR,0.16,Equus ferus caballus,300,Horse,48
dp_110,1,Kaštovská et al 2025 Science of The Total Environment,distal comparison with and without,MTR,0.12,Bison bonasus,500,European Bison,60
dp_110,1,Kaštovská et al 2025 Science of The Total Environment,distal comparison with and without,MTR,0.02,Bos primigenius taurus,750,Cattle,15
dp_111,1,Kaštovská et al 2025 Science of The Total Environment,distal comparison with and without,DOB,0.2,Equus ferus caballus,300,Horse,60
dp_112,1,Kaštovská et al 2025 Science of The Total Environment,distal comparison with and without,HAV,0.23,Equus ferus caballus,300,Horse,69
dp_113,1,Kaštovská et al 2025 Science of The Total Environment,distal comparison with and without,MAS,0.31,Equus ferus caballus,300,Horse,93
dp_114,1,Kaštovská et al 2025 Science of The Total Environment,distal comparison with and without,HRK,0.17,Equus ferus caballus,300,Horse,51
dp_115,1,Kaštovská et al 2025 Science of The Total Environment,distal comparison with and without,MBV,0.25,Equus ferus caballus,300,Horse,75
dp_115,1,Kaštovská et al 2025 Science of The Total Environment,distal comparison with and without,MBV,0.09,Bos primigenius taurus,750,Cattle,67.5
dp_116,1,Kaštovská et al 2025 Science of The Total Environment,distal comparison with and without,MTR,0.16,Equus ferus caballus,300,Horse,48
dp_116,1,Kaštovská et al 2025 Science of The Total Environment,distal comparison with and without,MTR,0.12,Bison bonasus,500,European Bison,60
dp_116,1,Kaštovská et al 2025 Science of The Total Environment,distal comparison with and without,MTR,0.02,Bos primigenius taurus,750,Cattle,15
dp_117,1,Kaštovská et al 2025 Science of The Total Environment,distal comparison with and without,DOB,0.2,Equus ferus caballus,300,Horse,60
dp_118,1,Kaštovská et al 2025 Science of The Total Environment,distal comparison with and without,HAV,0.23,Equus ferus caballus,300,Horse,69
dp_119,1,Kaštovská et al 2025 Science of The Total Environment,distal comparison with and without,MAS,0.31,Equus ferus caballus,300,Horse,93
dp_120,1,Kaštovská et al 2025 Science of The Total Environment,distal comparison with and without,HRK,0.17,Equus ferus caballus,300,Horse,51
dp_121,1,Kaštovská et al 2025 Science of The Total Environment,distal comparison with and without,MBV,0.25,Equus ferus caballus,300,Horse,75
dp_121,1,Kaštovská et al 2025 Science of The Total Environment,distal comparison with and without,MBV,0.09,Bos primigenius taurus,750,Cattle,67.5
dp_122,1,Kaštovská et al 2025 Science of The Total Environment,distal comparison with and without,MTR,0.16,Equus ferus caballus,300,Horse,48
dp_122,1,Kaštovská et al 2025 Science of The Total Environment,distal comparison with and without,MTR,0.12,Bison bonasus,500,European Bison,60
dp_122,1,Kaštovská et al 2025 Science of The Total Environment,distal comparison with and without,MTR,0.02,Bos primigenius taurus,750,Cattle,15
dp_123,1,Kaštovská et al 2025 Science of The Total Environment,distal comparison with and without,DOB,0.2,Equus ferus caballus,300,Horse,60
dp_124,1,Kaštovská et al 2025 Science of The Total Environment,distal comparison with and without,HAV,0.23,Equus ferus caballus,300,Horse,69
dp_125,1,Kaštovská et al 2025 Science of The Total Environment,distal comparison with and without,MAS,0.31,Equus ferus caballus,300,Horse,93
dp_126,1,Kaštovská et al 2025 Science of The Total Environment,distal comparison with and without,HRK,0.17,Equus ferus caballus,300,Horse,51
dp_127,1,Kaštovská et al 2025 Science of The Total Environment,distal comparison with and without,MBV,0.25,Equus ferus caballus,300,Horse,75
dp_127,1,Kaštovská et al 2025 Science of The Total Environment,distal comparison with and without,MBV,0.09,Bos primigenius taurus,750,Cattle,67.5
dp_128,1,Kaštovská et al 2025 Science of The Total Environment,distal comparison with and without,MTR,0.16,Equus ferus caballus,300,Horse,48
dp_128,1,Kaštovská et al 2025 Science of The Total Environment,distal comparison with and without,MTR,0.12,Bison bonasus,500,European Bison,60
dp_128,1,Kaštovská et al 2025 Science of The Total Environment,distal comparison with and without,MTR,0.02,Bos primigenius taurus,750,Cattle,15
dp_129,1,Kaštovská et al 2025 Science of The Total Environment,distal comparison with and without,DOB,0.2,Equus ferus caballus,300,Horse,60
dp_130,1,Kaštovská et al 2025 Science of The Total Environment,distal comparison with and without,HAV,0.23,Equus ferus caballus,300,Horse,69
dp_131,1,Kaštovská et al 2025 Science of The Total Environment,distal comparison with and without,MAS,0.31,Equus ferus caballus,300,Horse,93
dp_132,1,Kaštovská et al 2025 Science of The Total Environment,distal comparison with and without,HRK,0.17,Equus ferus caballus,300,Horse,51
dp_133,1,Kaštovská et al 2025 Science of The Total Environment,distal comparison with and without,MBV,0.25,Equus ferus caballus,300,Horse,75
dp_133,1,Kaštovská et al 2025 Science of The Total Environment,distal comparison with and without,MBV,0.09,Bos primigenius taurus,750,Cattle,67.5
dp_134,1,Kaštovská et al 2025 Science of The Total Environment,distal comparison with and without,MTR,0.16,Equus ferus caballus,300,Horse,48
dp_134,1,Kaštovská et al 2025 Science of The Total Environment,distal comparison with and without,MTR,0.12,Bison bonasus,500,European Bison,60
dp_134,1,Kaštovská et al 2025 Science of The Total Environment,distal comparison with and without,MTR,0.02,Bos primigenius taurus,750,Cattle,15
dp_135,1,Kaštovská et al 2025 Science of The Total Environment,distal comparison with and without,DOB,0.2,Equus ferus caballus,300,Horse,60
dp_136,1,Kaštovská et al 2025 Science of The Total Environment,distal comparison with and without,HAV,0.23,Equus ferus caballus,300,Horse,69
dp_137,1,Kaštovská et al 2025 Science of The Total Environment,distal comparison with and without,MAS,0.31,Equus ferus caballus,300,Horse,93
dp_138,1,Kaštovská et al 2025 Science of The Total Environment,distal comparison with and without,HRK,0.17,Equus ferus caballus,300,Horse,51
dp_139,1,Kaštovská et al 2025 Science of The Total Environment,distal comparison with and without,MBV,0.25,Equus ferus caballus,300,Horse,75
dp_139,1,Kaštovská et al 2025 Science of The Total Environment,distal comparison with and without,MBV,0.09,Bos primigenius taurus,750,Cattle,67.5
dp_140,1,Kaštovská et al 2025 Science of The Total Environment,distal comparison with and without,MTR,0.16,Equus ferus caballus,300,Horse,48
dp_140,1,Kaštovská et al 2025 Science of The Total Environment,distal comparison with and without,MTR,0.12,Bison bonasus,500,European Bison,60
dp_140,1,Kaštovská et al 2025 Science of The Total Environment,distal comparison with and without,MTR,0.02,Bos primigenius taurus,750,Cattle,15
dp_141,1,Kaštovská et al 2025 Science of The Total Environment,distal comparison with and without,DOB,0.2,Equus ferus caballus,300,Horse,60
dp_142,1,Kaštovská et al 2025 Science of The Total Environment,distal comparison with and without,HAV,0.23,Equus ferus caballus,300,Horse,69
dp_143,1,Kaštovská et al 2025 Science of The Total Environment,distal comparison with and without,MAS,0.31,Equus ferus caballus,300,Horse,93
dp_144,1,Kaštovská et al 2025 Science of The Total Environment,distal comparison with and without,HRK,0.17,Equus ferus caballus,300,Horse,51
dp_145,1,Kaštovská et al 2025 Science of The Total Environment,distal comparison with and without,MBV,0.25,Equus ferus caballus,300,Horse,75
dp_145,1,Kaštovská et al 2025 Science of The Total Environment,distal comparison with and without,MBV,0.09,Bos primigenius taurus,750,Cattle,67.5
dp_146,1,Kaštovská et al 2025 Science of The Total Environment,distal comparison with and without,MTR,0.16,Equus ferus caballus,300,Horse,48
dp_146,1,Kaštovská et al 2025 Science of The Total Environment,distal comparison with and without,MTR,0.12,Bison bonasus,500,European Bison,60
dp_146,1,Kaštovská et al 2025 Science of The Total Environment,distal comparison with and without,MTR,0.02,Bos primigenius taurus,750,Cattle,15
dp_147,1,Kaštovská et al 2025 Science of The Total Environment,distal comparison with and without,DOB,0.2,Equus ferus caballus,300,Horse,60
dp_148,1,Kaštovská et al 2025 Science of The Total Environment,distal comparison with and without,HAV,0.23,Equus ferus caballus,300,Horse,69
dp_149,1,Kaštovská et al 2025 Science of The Total Environment,distal comparison with and without,MAS,0.31,Equus ferus caballus,300,Horse,93
dp_150,1,Kaštovská et al 2025 Science of The Total Environment,distal comparison with and without,HRK,0.17,Equus ferus caballus,300,Horse,51
dp_151,1,Kaštovská et al 2025 Science of The Total Environment,distal comparison with and without,MBV,0.25,Equus ferus caballus,300,Horse,75
dp_151,1,Kaštovská et al 2025 Science of The Total Environment,distal comparison with and without,MBV,0.09,Bos primigenius taurus,750,Cattle,67.5
dp_152,1,Kaštovská et al 2025 Science of The Total Environment,distal comparison with and without,MTR,0.16,Equus ferus caballus,300,Horse,48
dp_152,1,Kaštovská et al 2025 Science of The Total Environment,distal comparison with and without,MTR,0.12,Bison bonasus,500,European Bison,60
dp_152,1,Kaštovská et al 2025 Science of The Total Environment,distal comparison with and without,MTR,0.02,Bos primigenius taurus,750,Cattle,15
dp_153,1,Kaštovská et al 2025 Science of The Total Environment,distal comparison with and without,DOB,0.2,Equus ferus caballus,300,Horse,60
dp_154,1,Kaštovská et al 2025 Science of The Total Environment,distal comparison with and without,HAV,0.23,Equus ferus caballus,300,Horse,69
dp_155,1,Kaštovská et al 2025 Science of The Total Environment,distal comparison with and without,MAS,0.31,Equus ferus caballus,300,Horse,93
dp_156,1,Kaštovská et al 2025 Science of The Total Environment,distal comparison with and without,HRK,0.17,Equus ferus caballus,300,Horse,51
dp_157,1,Kaštovská et al 2025 Science of The Total Environment,distal comparison with and without,MBV,0.25,Equus ferus caballus,300,Horse,75
dp_157,1,Kaštovská et al 2025 Science of The Total Environment,distal comparison with and without,MBV,0.09,Bos primigenius taurus,750,Cattle,67.5
dp_158,1,Kaštovská et al 2025 Science of The Total Environment,distal comparison with and without,MTR,0.16,Equus ferus caballus,300,Horse,48
dp_158,1,Kaštovská et al 2025 Science of The Total Environment,distal comparison with and without,MTR,0.12,Bison bonasus,500,European Bison,60
dp_158,1,Kaštovská et al 2025 Science of The Total Environment,distal comparison with and without,MTR,0.02,Bos primigenius taurus,750,Cattle,15
dp_159,1,Kaštovská et al 2025 Science of The Total Environment,distal comparison with and without,DOB,0.2,Equus ferus caballus,300,Horse,60
dp_160,1,Kaštovská et al 2025 Science of The Total Environment,distal comparison with and without,HAV,0.23,Equus ferus caballus,300,Horse,69
dp_161,1,Kaštovská et al 2025 Science of The Total Environment,distal comparison with and without,MAS,0.31,Equus ferus caballus,300,Horse,93
dp_162,1,Kaštovská et al 2025 Science of The Total Environment,distal comparison with and without,HRK,0.17,Equus ferus caballus,300,Horse,51
dp_163,1,Kaštovská et al 2025 Science of The Total Environment,distal comparison with and without,MBV,0.25,Equus ferus caballus,300,Horse,75
dp_163,1,Kaštovská et al 2025 Science of The Total Environment,distal comparison with and without,MBV,0.09,Bos primigenius taurus,750,Cattle,67.5
dp_164,1,Kaštovská et al 2025 Science of The Total Environment,distal comparison with and without,MTR,0.16,Equus ferus caballus,300,Horse,48
dp_164,1,Kaštovská et al 2025 Science of The Total Environment,distal comparison with and without,MTR,0.12,Bison bonasus,500,European Bison,60
dp_164,1,Kaštovská et al 2025 Science of The Total Environment,distal comparison with and without,MTR,0.02,Bos primigenius taurus,750,Cattle,15
dp_165,1,Kaštovská et al 2025 Science of The Total Environment,distal comparison with and without,DOB,0.2,Equus ferus caballus,300,Horse,60
dp_166,1,Kaštovská et al 2025 Science of The Total Environment,distal comparison with and without,HAV,0.23,Equus ferus caballus,300,Horse,69
dp_167,1,Kaštovská et al 2025 Science of The Total Environment,distal comparison with and without,MAS,0.31,Equus ferus caballus,300,Horse,93
dp_168,1,Kaštovská et al 2025 Science of The Total Environment,distal comparison with and without,HRK,0.17,Equus ferus caballus,300,Horse,51
dp_169,1,Kaštovská et al 2025 Science of The Total Environment,distal comparison with and without,MBV,0.25,Equus ferus caballus,300,Horse,75
dp_169,1,Kaštovská et al 2025 Science of The Total Environment,distal comparison with and without,MBV,0.09,Bos primigenius taurus,750,Cattle,67.5
dp_170,1,Kaštovská et al 2025 Science of The Total Environment,distal comparison with and without,MTR,0.16,Equus ferus caballus,300,Horse,48
dp_170,1,Kaštovská et al 2025 Science of The Total Environment,distal comparison with and without,MTR,0.12,Bison bonasus,500,European Bison,60
dp_170,1,Kaštovská et al 2025 Science of The Total Environment,distal comparison with and without,MTR,0.02,Bos primigenius taurus,750,Cattle,15
dp_171,1,Kaštovská et al 2025 Science of The Total Environment,distal comparison with and without,DOB,0.2,Equus ferus caballus,300,Horse,60
dp_172,1,Kaštovská et al 2025 Science of The Total Environment,distal comparison with and without,HAV,0.23,Equus ferus caballus,300,Horse,69
dp_173,1,Kaštovská et al 2025 Science of The Total Environment,distal comparison with and without,MAS,0.31,Equus ferus caballus,300,Horse,93
dp_174,1,Kaštovská et al 2025 Science of The Total Environment,distal comparison with and without,HRK,0.17,Equus ferus caballus,300,Horse,51
dp_175,1,Kaštovská et al 2025 Science of The Total Environment,distal comparison with and without,MBV,0.25,Equus ferus caballus,300,Horse,75
dp_175,1,Kaštovská et al 2025 Science of The Total Environment,distal comparison with and without,MBV,0.09,Bos primigenius taurus,750,Cattle,67.5
dp_176,1,Kaštovská et al 2025 Science of The Total Environment,distal comparison with and without,MTR,0.16,Equus ferus caballus,300,Horse,48
dp_176,1,Kaštovská et al 2025 Science of The Total Environment,distal comparison with and without,MTR,0.12,Bison bonasus,500,European Bison,60
dp_176,1,Kaštovská et al 2025 Science of The Total Environment,distal comparison with and without,MTR,0.02,Bos primigenius taurus,750,Cattle,15
dp_177,1,Kaštovská et al 2025 Science of The Total Environment,distal comparison with and without,DOB,0.2,Equus ferus caballus,300,Horse,60
dp_178,1,Kaštovská et al 2025 Science of The Total Environment,distal comparison with and without,HAV,0.23,Equus ferus caballus,300,Horse,69
dp_179,1,Kaštovská et al 2025 Science of The Total Environment,distal comparison with and without,MAS,0.31,Equus ferus caballus,300,Horse,93
dp_180,1,Kaštovská et al 2025 Science of The Total Environment,distal comparison with and without,HRK,0.17,Equus ferus caballus,300,Horse,51
dp_181,1,Kaštovská et al 2025 Science of The Total Environment,distal comparison with and without,MBV,0.25,Equus ferus caballus,300,Horse,75
dp_181,1,Kaštovská et al 2025 Science of The Total Environment,distal comparison with and without,MBV,0.09,Bos primigenius taurus,750,Cattle,67.5
dp_182,1,Kaštovská et al 2025 Science of The Total Environment,distal comparison with and without,MTR,0.16,Equus ferus caballus,300,Horse,48
dp_182,1,Kaštovská et al 2025 Science of The Total Environment,distal comparison with and without,MTR,0.12,Bison bonasus,500,European Bison,60
dp_182,1,Kaštovská et al 2025 Science of The Total Environment,distal comparison with and without,MTR,0.02,Bos primigenius taurus,750,Cattle,15
dp_183,1,Kaštovská et al 2025 Science of The Total Environment,distal comparison with and without,DOB,0.2,Equus ferus caballus,300,Horse,60
dp_184,1,Kaštovská et al 2025 Science of The Total Environment,distal comparison with and without,HAV,0.23,Equus ferus caballus,300,Horse,69
dp_185,1,Kaštovská et al 2025 Science of The Total Environment,distal comparison with and without,MAS,0.31,Equus ferus caballus,300,Horse,93
dp_186,1,Kaštovská et al 2025 Science of The Total Environment,distal comparison with and without,HRK,0.17,Equus ferus caballus,300,Horse,51
dp_187,1,Kaštovská et al 2025 Science of The Total Environment,distal comparison with and without,MBV,0.25,Equus ferus caballus,300,Horse,75
dp_187,1,Kaštovská et al 2025 Science of The Total Environment,distal comparison with and without,MBV,0.09,Bos primigenius taurus,750,Cattle,67.5
dp_188,1,Kaštovská et al 2025 Science of The Total Environment,distal comparison with and without,MTR,0.16,Equus ferus caballus,300,Horse,48
dp_188,1,Kaštovská et al 2025 Science of The Total Environment,distal comparison with and without,MTR,0.12,Bison bonasus,500,European Bison,60
dp_188,1,Kaštovská et al 2025 Science of The Total Environment,distal comparison with and without,MTR,0.02,Bos primigenius taurus,750,Cattle,15
dp_189,1,Kaštovská et al 2025 Science of The Total Environment,distal comparison with and without,DOB,0.2,Equus ferus caballus,300,Horse,60
dp_190,1,Kaštovská et al 2025 Science of The Total Environment,distal comparison with and without,HAV,0.23,Equus ferus caballus,300,Horse,69
dp_191,1,Kaštovská et al 2025 Science of The Total Environment,distal comparison with and without,MAS,0.31,Equus ferus caballus,300,Horse,93
dp_192,1,Kaštovská et al 2025 Science of The Total Environment,distal comparison with and without,HRK,0.17,Equus ferus caballus,300,Horse,51
dp_193,1,Kaštovská et al 2025 Science of The Total Environment,distal comparison with and without,MBV,0.25,Equus ferus caballus,300,Horse,75
dp_193,1,Kaštovská et al 2025 Science of The Total Environment,distal comparison with and without,MBV,0.09,Bos primigenius taurus,750,Cattle,67.5
dp_194,1,Kaštovská et al 2025 Science of The Total Environment,distal comparison with and without,MTR,0.16,Equus ferus caballus,300,Horse,48
dp_194,1,Kaštovská et al 2025 Science of The Total Environment,distal comparison with and without,MTR,0.12,Bison bonasus,500,European Bison,60
dp_194,1,Kaštovská et al 2025 Science of The Total Environment,distal comparison with and without,MTR,0.02,Bos primigenius taurus,750,Cattle,15
dp_195,1,Kaštovská et al 2025 Science of The Total Environment,distal comparison with and without,DOB,0.2,Equus ferus caballus,300,Horse,60
dp_196,1,Kaštovská et al 2025 Science of The Total Environment,distal comparison with and without,HAV,0.23,Equus ferus caballus,300,Horse,69
dp_197,1,Kaštovská et al 2025 Science of The Total Environment,distal comparison with and without,MAS,0.31,Equus ferus caballus,300,Horse,93
dp_198,1,Kaštovská et al 2025 Science of The Total Environment,distal comparison with and without,HRK,0.17,Equus ferus caballus,300,Horse,51
dp_199,1,Kaštovská et al 2025 Science of The Total Environment,distal comparison with and without,MBV,0.25,Equus ferus caballus,300,Horse,75
dp_199,1,Kaštovská et al 2025 Science of The Total Environment,distal comparison with and without,MBV,0.09,Bos primigenius taurus,750,Cattle,67.5
dp_200,1,Kaštovská et al 2025 Science of The Total Environment,distal comparison with and without,MTR,0.16,Equus ferus caballus,300,Horse,48
dp_200,1,Kaštovská et al 2025 Science of The Total Environment,distal comparison with and without,MTR,0.12,Bison bonasus,500,European Bison,60
dp_200,1,Kaštovská et al 2025 Science of The Total Environment,distal comparison with and without,MTR,0.02,Bos primigenius taurus,750,Cattle,15
dp_201,1,Kaštovská et al 2025 Science of The Total Environment,distal comparison with and without,DOB,0.2,Equus ferus caballus,300,Horse,60
dp_202,1,Kaštovská et al 2025 Science of The Total Environment,distal comparison with and without,HAV,0.23,Equus ferus caballus,300,Horse,69
dp_203,1,Kaštovská et al 2025 Science of The Total Environment,distal comparison with and without,MAS,0.31,Equus ferus caballus,300,Horse,93
dp_204,1,Kaštovská et al 2025 Science of The Total Environment,distal comparison with and without,HRK,0.17,Equus ferus caballus,300,Horse,51
dp_205,1,Kaštovská et al 2025 Science of The Total Environment,distal comparison with and without,MBV,0.25,Equus ferus caballus,300,Horse,75
dp_205,1,Kaštovská et al 2025 Science of The Total Environment,distal comparison with and without,MBV,0.09,Bos primigenius taurus,750,Cattle,67.5
dp_206,1,Kaštovská et al 2025 Science of The Total Environment,distal comparison with and without,MTR,0.16,Equus ferus caballus,300,Horse,48
dp_206,1,Kaštovská et al 2025 Science of The Total Environment,distal comparison with and without,MTR,0.12,Bison bonasus,500,European Bison,60
dp_206,1,Kaštovská et al 2025 Science of The Total Environment,distal comparison with and without,MTR,0.02,Bos primigenius taurus,750,Cattle,15
dp_207,1,Kaštovská et al 2025 Science of The Total Environment,distal comparison with and without,DOB,0.2,Equus ferus caballus,300,Horse,60
dp_208,1,Kaštovská et al 2025 Science of The Total Environment,distal comparison with and without,HAV,0.23,Equus ferus caballus,300,Horse,69
dp_209,1,Kaštovská et al 2025 Science of The Total Environment,distal comparison with and without,MAS,0.31,Equus ferus caballus,300,Horse,93
dp_210,1,Kaštovská et al 2025 Science of The Total Environment,distal comparison with and without,HRK,0.17,Equus ferus caballus,300,Horse,51
dp_211,1,Kaštovská et al 2025 Science of The Total Environment,distal comparison with and without,MBV,0.25,Equus ferus caballus,300,Horse,75
dp_211,1,Kaštovská et al 2025 Science of The Total Environment,distal comparison with and without,MBV,0.09,Bos primigenius taurus,750,Cattle,67.5
dp_212,1,Kaštovská et al 2025 Science of The Total Environment,distal comparison with and without,MTR,0.16,Equus ferus caballus,300,Horse,48
dp_212,1,Kaštovská et al 2025 Science of The Total Environment,distal comparison with and without,MTR,0.12,Bison bonasus,500,European Bison,60
dp_212,1,Kaštovská et al 2025 Science of The Total Environment,distal comparison with and without,MTR,0.02,Bos primigenius taurus,750,Cattle,15
dp_213,1,Kaštovská et al 2025 Science of The Total Environment,distal comparison with and without,DOB,0.2,Equus ferus caballus,300,Horse,60
dp_214,1,Kaštovská et al 2025 Science of The Total Environment,distal comparison with and without,HAV,0.23,Equus ferus caballus,300,Horse,69
dp_215,1,Kaštovská et al 2025 Science of The Total Environment,distal comparison with and without,MAS,0.31,Equus ferus caballus,300,Horse,93
dp_216,1,Kaštovská et al 2025 Science of The Total Environment,distal comparison with and without,HRK,0.17,Equus ferus caballus,300,Horse,51
dp_217,1,Kaštovská et al 2025 Science of The Total Environment,distal comparison with and without,MBV,0.25,Equus ferus caballus,300,Horse,75
dp_217,1,Kaštovská et al 2025 Science of The Total Environment,distal comparison with and without,MBV,0.09,Bos primigenius taurus,750,Cattle,67.5
dp_218,1,Kaštovská et al 2025 Science of The Total Environment,distal comparison with and without,MTR,0.16,Equus ferus caballus,300,Horse,48
dp_218,1,Kaštovská et al 2025 Science of The Total Environment,distal comparison with and without,MTR,0.12,Bison bonasus,500,European Bison,60
dp_218,1,Kaštovská et al 2025 Science of The Total Environment,distal comparison with and without,MTR,0.02,Bos primigenius taurus,750,Cattle,15
dp_219,1,Kaštovská et al 2025 Science of The Total Environment,distal comparison with and without,DOB,0.2,Equus ferus caballus,300,Horse,60
dp_220,1,Kaštovská et al 2025 Science of The Total Environment,distal comparison with and without,HAV,0.23,Equus ferus caballus,300,Horse,69
dp_221,1,Kaštovská et al 2025 Science of The Total Environment,distal comparison with and without,MAS,0.31,Equus ferus caballus,300,Horse,93
dp_222,1,Kaštovská et al 2025 Science of The Total Environment,distal comparison with and without,HRK,0.17,Equus ferus caballus,300,Horse,51
dp_223,1,Kaštovská et al 2025 Science of The Total Environment,distal comparison with and without,MBV,0.25,Equus ferus caballus,300,Horse,75
dp_223,1,Kaštovská et al 2025 Science of The Total Environment,distal comparison with and without,MBV,0.09,Bos primigenius taurus,750,Cattle,67.5
dp_224,1,Kaštovská et al 2025 Science of The Total Environment,distal comparison with and without,MTR,0.16,Equus ferus caballus,300,Horse,48
dp_224,1,Kaštovská et al 2025 Science of The Total Environment,distal comparison with and without,MTR,0.12,Bison bonasus,500,European Bison,60
dp_224,1,Kaštovská et al 2025 Science of The Total Environment,distal comparison with and without,MTR,0.02,Bos primigenius taurus,750,Cattle,15
dp_225,1,Kaštovská et al 2025 Science of The Total Environment,distal comparison with and without,DOB,0.2,Equus ferus caballus,300,Horse,60
dp_226,1,Kaštovská et al 2025 Science of The Total Environment,distal comparison with and without,HAV,0.23,Equus ferus caballus,300,Horse,69
dp_227,1,Kaštovská et al 2025 Science of The Total Environment,distal comparison with and without,MAS,0.31,Equus ferus caballus,300,Horse,93
dp_228,1,Kaštovská et al 2025 Science of The Total Environment,distal comparison with and without,HRK,0.17,Equus ferus caballus,300,Horse,51
dp_229,1,Kaštovská et al 2025 Science of The Total Environment,distal comparison with and without,MBV,0.25,Equus ferus caballus,300,Horse,75
dp_229,1,Kaštovská et al 2025 Science of The Total Environment,distal comparison with and without,MBV,0.09,Bos primigenius taurus,750,Cattle,67.5
dp_230,1,Kaštovská et al 2025 Science of The Total Environment,distal comparison with and without,MTR,0.16,Equus ferus caballus,300,Horse,48
dp_230,1,Kaštovská et al 2025 Science of The Total Environment,distal comparison with and without,MTR,0.12,Bison bonasus,500,European Bison,60
dp_230,1,Kaštovská et al 2025 Science of The Total Environment,distal comparison with and without,MTR,0.02,Bos primigenius taurus,750,Cattle,15
dp_231,1,Kaštovská et al 2025 Science of The Total Environment,distal comparison with and without,DOB,0.2,Equus ferus caballus,300,Horse,60
dp_232,1,Kaštovská et al 2025 Science of The Total Environment,distal comparison with and without,HAV,0.23,Equus ferus caballus,300,Horse,69
dp_233,1,Kaštovská et al 2025 Science of The Total Environment,distal comparison with and without,MAS,0.31,Equus ferus caballus,300,Horse,93
dp_234,1,Kaštovská et al 2025 Science of The Total Environment,distal comparison with and without,HRK,0.17,Equus ferus caballus,300,Horse,51
dp_235,1,Gardiner & Crisp 2025 Journal of Orthoptera Research,distal comparison with and without,Spains Hall Estate,0.2,Castor fiber,19,Eurasian Beaver,3.8
dp_236,1,Gardiner & Crisp 2025 Journal of Orthoptera Research,distal comparison with and without,Spains Hall Estate,0.2,Castor fiber,19,Eurasian Beaver,3.8
dp_237,1,Gardiner & Crisp 2025 Journal of Orthoptera Research,distal comparison with and without,Spains Hall Estate,0.2,Castor fiber,19,Eurasian Beaver,3.8
dp_238,1,Gardiner & Crisp 2025 Journal of Orthoptera Research,distal comparison with and without,Spains Hall Estate,0.2,Castor fiber,19,Eurasian Beaver,3.8
dp_239,1,Gardiner & Crisp 2025 Journal of Orthoptera Research,distal comparison with and without,Spains Hall Estate,0.2,Castor fiber,19,Eurasian Beaver,3.8
dp_240,1,Gardiner & Crisp 2025 Journal of Orthoptera Research,distal comparison with and without,Spains Hall Estate,0.2,Castor fiber,19,Eurasian Beaver,3.8
dp_241,1,Ribeiro et al 2025 Frontiers in Ecology and Evolution,inside vs outside exclosure,Vale Carapito (Site 1),0.11,Equus ferus caballus,300,Horse,33
dp_242,2,Ribeiro et al 2025 Frontiers in Ecology and Evolution,inside vs outside exclosure,Vale Carapito (Site 1),0.11,Equus ferus caballus,300,Horse,33
dp_243,1,Ribeiro et al 2025 Frontiers in Ecology and Evolution,inside vs outside exclosure,Vale Carapito (Site 1),0.11,Equus ferus caballus,300,Horse,33
dp_244,2,Ribeiro et al 2025 Frontiers in Ecology and Evolution,inside vs outside exclosure,Vale Carapito (Site 1),0.11,Equus ferus caballus,300,Horse,33
dp_245,1,Ribeiro et al 2025 Frontiers in Ecology and Evolution,inside vs outside exclosure,Vale Carapito (Site 1),0.11,Equus ferus caballus,300,Horse,33
dp_246,2,Ribeiro et al 2025 Frontiers in Ecology and Evolution,inside vs outside exclosure,Vale Carapito (Site 1),0.11,Equus ferus caballus,300,Horse,33
dp_247,2,Ribeiro et al 2025 Frontiers in Ecology and Evolution,inside vs outside exclosure,Vale Carapito (Site 1),0.11,Equus ferus caballus,300,Horse,33
dp_248,1,Ribeiro et al 2025 Frontiers in Ecology and Evolution,inside vs outside exclosure,Vale Carapito (Site 1),0.11,Equus ferus caballus,300,Horse,33
dp_249,1,Ribeiro et al 2025 Frontiers in Ecology and Evolution,inside vs outside exclosure,Ermo das Águias (Site 2),0.05,Equus ferus caballus,300,Horse,15
dp_250,2,Ribeiro et al 2025 Frontiers in Ecology and Evolution,inside vs outside exclosure,Ermo das Águias (Site 2),0.05,Equus ferus caballus,300,Horse,15
dp_251,1,Ribeiro et al 2025 Frontiers in Ecology and Evolution,inside vs outside exclosure,Ermo das Águias (Site 2),0.05,Equus ferus caballus,300,Horse,15
dp_252,2,Ribeiro et al 2025 Frontiers in Ecology and Evolution,inside vs outside exclosure,Ermo das Águias (Site 2),0.05,Equus ferus caballus,300,Horse,15
dp_253,2,Ribeiro et al 2025 Frontiers in Ecology and Evolution,inside vs outside exclosure,Vale Carapito (Site 1),0.11,Equus ferus caballus,300,Horse,33
dp_254,2,Ribeiro et al 2025 Frontiers in Ecology and Evolution,inside vs outside exclosure,Ermo das Águias (Site 2),0.05,Equus ferus caballus,300,Horse,15
dp_255,1,Alaniz et al 2024 Journal of Insect Conservation,distal comparison with and without,Nachusa Grasslands,0.16,Bison bison,579.2553,American Bison,92.680848
dp_256,2,Alaniz et al 2024 Journal of Insect Conservation,distal comparison with and without,Nachusa Grasslands,0.16,Bison bison,579.2553,American Bison,92.680848
dp_257,1,Alaniz et al 2024 Journal of Insect Conservation,distal comparison with and without,Nachusa Grasslands,0.16,Bison bison,579.2553,American Bison,92.680848
dp_258,2,Alaniz et al 2024 Journal of Insect Conservation,distal comparison with and without,Nachusa Grasslands,0.16,Bison bison,579.2553,American Bison,92.680848
dp_259,1,Alaniz et al 2024 Journal of Insect Conservation,distal comparison with and without,Nachusa Grasslands,0.16,Bison bison,579.2553,American Bison,92.680848
dp_260,1,Alaniz et al 2024 Journal of Insect Conservation,distal comparison with and without,Nachusa Grasslands,0.16,Bison bison,579.2553,American Bison,92.680848
dp_261,1,Alaniz et al 2024 Journal of Insect Conservation,distal comparison with and without,Nachusa Grasslands,0.16,Bison bison,579.2553,American Bison,92.680848
dp_262,2,Alaniz et al 2024 Journal of Insect Conservation,distal comparison with and without,Nachusa Grasslands,0.16,Bison bison,579.2553,American Bison,92.680848
dp_263,1,Alaniz et al 2024 Journal of Insect Conservation,distal comparison with and without,Nachusa Grasslands,0.16,Bison bison,579.2553,American Bison,92.680848
dp_264,1,Alaniz et al 2024 Journal of Insect Conservation,distal comparison with and without,Nachusa Grasslands,0.16,Bison bison,579.2553,American Bison,92.680848
dp_265,2,Alaniz et al 2024 Journal of Insect Conservation,distal comparison with and without,Nachusa Grasslands,0.16,Bison bison,579.2553,American Bison,92.680848
dp_266,1,Alaniz et al 2024 Journal of Insect Conservation,distal comparison with and without,Nachusa Grasslands,0.16,Bison bison,579.2553,American Bison,92.680848
dp_267,1,Alaniz et al 2024 Journal of Insect Conservation,distal comparison with and without,Nachusa Grasslands,0.16,Bison bison,579.2553,American Bison,92.680848
dp_268,2,Alaniz et al 2024 Journal of Insect Conservation,distal comparison with and without,Nachusa Grasslands,0.16,Bison bison,579.2553,American Bison,92.680848
dp_269,1,Alaniz et al 2024 Journal of Insect Conservation,distal comparison with and without,Nachusa Grasslands,0.16,Bison bison,579.2553,American Bison,92.680848
dp_270,2,Alaniz et al 2024 Journal of Insect Conservation,distal comparison with and without,Nachusa Grasslands,0.16,Bison bison,579.2553,American Bison,92.680848
dp_271,1,Alaniz et al 2024 Journal of Insect Conservation,distal comparison with and without,Nachusa Grasslands,0.16,Bison bison,579.2553,American Bison,92.680848
dp_272,2,Alaniz et al 2024 Journal of Insect Conservation,distal comparison with and without,Nachusa Grasslands,0.16,Bison bison,579.2553,American Bison,92.680848
dp_273,1,Alaniz et al 2024 Journal of Insect Conservation,distal comparison with and without,Nachusa Grasslands,0.16,Bison bison,579.2553,American Bison,92.680848
dp_274,1,Alaniz et al 2024 Journal of Insect Conservation,distal comparison with and without,Nachusa Grasslands,0.16,Bison bison,579.2553,American Bison,92.680848
dp_275,2,Alaniz et al 2024 Journal of Insect Conservation,distal comparison with and without,Nachusa Grasslands,0.16,Bison bison,579.2553,American Bison,92.680848
dp_276,1,Alaniz et al 2024 Journal of Insect Conservation,distal comparison with and without,Nachusa Grasslands,0.16,Bison bison,579.2553,American Bison,92.680848
dp_277,1,Alaniz et al 2024 Journal of Insect Conservation,distal comparison with and without,Nachusa Grasslands,0.16,Bison bison,579.2553,American Bison,92.680848
dp_278,2,Alaniz et al 2024 Journal of Insect Conservation,distal comparison with and without,Nachusa Grasslands,0.16,Bison bison,579.2553,American Bison,92.680848
dp_279,1,Ejrnæs et al 2024 Applied Vegetation Science,distal comparison with and without,Oostvaardersplassen,0.05,Bos primigenius taurus,750,Cattle,37.5
dp_279,1,Ejrnæs et al 2024 Applied Vegetation Science,distal comparison with and without,Oostvaardersplassen,0.1,Equus ferus caballus,300,Horse,30
dp_279,1,Ejrnæs et al 2024 Applied Vegetation Science,distal comparison with and without,Oostvaardersplassen,0.1,Cervus elaphus,131.25,Red Deer,13.125
dp_280,1,Lovász et al 2024 PeerJ,inside vs outside enclosure,Réserve Naturelle Petite Camargue Alsacienne,0.19,Bos primigenius taurus,750,Cattle,142.5
dp_280,1,Lovász et al 2024 PeerJ,inside vs outside enclosure,Réserve Naturelle Petite Camargue Alsacienne,0.19,Equus ferus caballus,300,Horse,57
dp_281,1,Lovász et al 2024 PeerJ,inside vs outside enclosure,Réserve Naturelle Petite Camargue Alsacienne,0.19,Bos primigenius taurus,750,Cattle,142.5
dp_281,1,Lovász et al 2024 PeerJ,inside vs outside enclosure,Réserve Naturelle Petite Camargue Alsacienne,0.19,Equus ferus caballus,300,Horse,57
dp_282,1,Tanentzap et al 2023 Biological Conservation,inside vs outside exclosure,Knepp Estate,0.27,Bos primigenius taurus,750,Cattle,202.5
dp_282,1,Tanentzap et al 2023 Biological Conservation,inside vs outside exclosure,Knepp Estate,0.03,Equus ferus caballus,300,Horse,9
dp_282,1,Tanentzap et al 2023 Biological Conservation,inside vs outside exclosure,Knepp Estate,0.04,Sus scrofa,101.0521,Wild Boar,4.042084
dp_282,1,Tanentzap et al 2023 Biological Conservation,inside vs outside exclosure,Knepp Estate,0.02,Cervus elaphus,131.25,Red Deer,2.625
dp_282,1,Tanentzap et al 2023 Biological Conservation,inside vs outside exclosure,Knepp Estate,0.26,Dama dama,56.25,Fallow Deer,14.625
dp_283,1,Tanentzap et al 2023 Biological Conservation,inside vs outside exclosure,Knepp Estate,0.27,Bos primigenius taurus,750,Cattle,202.5
dp_283,1,Tanentzap et al 2023 Biological Conservation,inside vs outside exclosure,Knepp Estate,0.03,Equus ferus caballus,300,Horse,9
dp_283,1,Tanentzap et al 2023 Biological Conservation,inside vs outside exclosure,Knepp Estate,0.04,Sus scrofa,101.0521,Wild Boar,4.042084
dp_283,1,Tanentzap et al 2023 Biological Conservation,inside vs outside exclosure,Knepp Estate,0.02,Cervus elaphus,131.25,Red Deer,2.625
dp_283,1,Tanentzap et al 2023 Biological Conservation,inside vs outside exclosure,Knepp Estate,0.26,Dama dama,56.25,Fallow Deer,14.625
dp_284,1,Tanentzap et al 2023 Biological Conservation,inside vs outside exclosure,Knepp Estate,0.27,Bos primigenius taurus,750,Cattle,202.5
dp_284,1,Tanentzap et al 2023 Biological Conservation,inside vs outside exclosure,Knepp Estate,0.03,Equus ferus caballus,300,Horse,9
dp_284,1,Tanentzap et al 2023 Biological Conservation,inside vs outside exclosure,Knepp Estate,0.04,Sus scrofa,101.0521,Wild Boar,4.042084
dp_284,1,Tanentzap et al 2023 Biological Conservation,inside vs outside exclosure,Knepp Estate,0.02,Cervus elaphus,131.25,Red Deer,2.625
dp_284,1,Tanentzap et al 2023 Biological Conservation,inside vs outside exclosure,Knepp Estate,0.26,Dama dama,56.25,Fallow Deer,14.625
dp_285,1,Tanentzap et al 2023 Biological Conservation,inside vs outside exclosure,Knepp Estate,0.27,Bos primigenius taurus,750,Cattle,202.5
dp_285,1,Tanentzap et al 2023 Biological Conservation,inside vs outside exclosure,Knepp Estate,0.03,Equus ferus caballus,300,Horse,9
dp_285,1,Tanentzap et al 2023 Biological Conservation,inside vs outside exclosure,Knepp Estate,0.04,Sus scrofa,101.0521,Wild Boar,4.042084
dp_285,1,Tanentzap et al 2023 Biological Conservation,inside vs outside exclosure,Knepp Estate,0.02,Cervus elaphus,131.25,Red Deer,2.625
dp_285,1,Tanentzap et al 2023 Biological Conservation,inside vs outside exclosure,Knepp Estate,0.26,Dama dama,56.25,Fallow Deer,14.625
dp_286,1,Tanentzap et al 2023 Biological Conservation,inside vs outside exclosure,Knepp Estate,0.27,Bos primigenius taurus,750,Cattle,202.5
dp_286,1,Tanentzap et al 2023 Biological Conservation,inside vs outside exclosure,Knepp Estate,0.03,Equus ferus caballus,300,Horse,9
dp_286,1,Tanentzap et al 2023 Biological Conservation,inside vs outside exclosure,Knepp Estate,0.04,Sus scrofa,101.0521,Wild Boar,4.042084
dp_286,1,Tanentzap et al 2023 Biological Conservation,inside vs outside exclosure,Knepp Estate,0.02,Cervus elaphus,131.25,Red Deer,2.625
dp_286,1,Tanentzap et al 2023 Biological Conservation,inside vs outside exclosure,Knepp Estate,0.26,Dama dama,56.25,Fallow Deer,14.625
dp_287,1,Tanentzap et al 2023 Biological Conservation,inside vs outside exclosure,Knepp Estate,0.27,Bos primigenius taurus,750,Cattle,202.5
dp_287,1,Tanentzap et al 2023 Biological Conservation,inside vs outside exclosure,Knepp Estate,0.03,Equus ferus caballus,300,Horse,9
dp_287,1,Tanentzap et al 2023 Biological Conservation,inside vs outside exclosure,Knepp Estate,0.04,Sus scrofa,101.0521,Wild Boar,4.042084
dp_287,1,Tanentzap et al 2023 Biological Conservation,inside vs outside exclosure,Knepp Estate,0.02,Cervus elaphus,131.25,Red Deer,2.625
dp_287,1,Tanentzap et al 2023 Biological Conservation,inside vs outside exclosure,Knepp Estate,0.26,Dama dama,56.25,Fallow Deer,14.625
dp_288,1,Tanentzap et al 2023 Biological Conservation,inside vs outside exclosure,Knepp Estate,0.27,Bos primigenius taurus,750,Cattle,202.5
dp_288,1,Tanentzap et al 2023 Biological Conservation,inside vs outside exclosure,Knepp Estate,0.03,Equus ferus caballus,300,Horse,9
dp_288,1,Tanentzap et al 2023 Biological Conservation,inside vs outside exclosure,Knepp Estate,0.04,Sus scrofa,101.0521,Wild Boar,4.042084
dp_288,1,Tanentzap et al 2023 Biological Conservation,inside vs outside exclosure,Knepp Estate,0.02,Cervus elaphus,131.25,Red Deer,2.625
dp_288,1,Tanentzap et al 2023 Biological Conservation,inside vs outside exclosure,Knepp Estate,0.26,Dama dama,56.25,Fallow Deer,14.625
dp_289,1,Tanentzap et al 2023 Biological Conservation,inside vs outside exclosure,Knepp Estate,0.27,Bos primigenius taurus,750,Cattle,202.5
dp_289,1,Tanentzap et al 2023 Biological Conservation,inside vs outside exclosure,Knepp Estate,0.03,Equus ferus caballus,300,Horse,9
dp_289,1,Tanentzap et al 2023 Biological Conservation,inside vs outside exclosure,Knepp Estate,0.04,Sus scrofa,101.0521,Wild Boar,4.042084
dp_289,1,Tanentzap et al 2023 Biological Conservation,inside vs outside exclosure,Knepp Estate,0.02,Cervus elaphus,131.25,Red Deer,2.625
dp_289,1,Tanentzap et al 2023 Biological Conservation,inside vs outside exclosure,Knepp Estate,0.26,Dama dama,56.25,Fallow Deer,14.625
dp_290,1,Gordon et al 2023 Ecological Applications,distal comparison with and without,Balule Nature Reserve,0.0124,Loxodonta africana,4400,African Elephant,54.56
dp_291,1,Gordon et al 2023 Ecological Applications,distal comparison with and without,Balule Nature Reserve,0.0124,Loxodonta africana,4400,African Elephant,54.56
dp_292,1,Bonavent et al 2023 Applied Vegetation Science,inside vs outside exclosure,Mols Laboratory,0.19,Bos primigenius taurus,750,Cattle,142.5
dp_292,1,Bonavent et al 2023 Applied Vegetation Science,inside vs outside exclosure,Mols Laboratory,0.175,Equus ferus caballus,300,Horse,52.5
dp_293,1,Ratajczak et al 2022 PNAS,distal comparison with and without,Konza Prairie Biological Station,0.26,Bison bison,579.2553,American Bison,150.606378
dp_294,1,Dvorský et al 2022 Plant Ecology,distal comparison with and without,National Nature Monument Mladá,0.16,Bos primigenius taurus,750,Cattle,120
dp_294,1,Dvorský et al 2022 Plant Ecology,distal comparison with and without,National Nature Monument Mladá,0.26,Equus ferus caballus,300,Horse,78
dp_295,2,Dvorský et al 2022 Plant Ecology,distal comparison with and without,National Nature Monument Mladá,0.16,Bos primigenius taurus,750,Cattle,120
dp_295,2,Dvorský et al 2022 Plant Ecology,distal comparison with and without,National Nature Monument Mladá,0.26,Equus ferus caballus,300,Horse,78
dp_296,3,Dvorský et al 2022 Plant Ecology,distal comparison with and without,National Nature Monument Mladá,0.16,Bos primigenius taurus,750,Cattle,120
dp_296,3,Dvorský et al 2022 Plant Ecology,distal comparison with and without,National Nature Monument Mladá,0.26,Equus ferus caballus,300,Horse,78
dp_297,4,Dvorský et al 2022 Plant Ecology,distal comparison with and without,National Nature Monument Mladá,0.16,Bos primigenius taurus,750,Cattle,120
dp_297,4,Dvorský et al 2022 Plant Ecology,distal comparison with and without,National Nature Monument Mladá,0.26,Equus ferus caballus,300,Horse,78
dp_298,1,Dvorský et al 2022 Plant Ecology,distal comparison with and without,National Nature Monument Mladá,0.16,Bos primigenius taurus,750,Cattle,120
dp_298,1,Dvorský et al 2022 Plant Ecology,distal comparison with and without,National Nature Monument Mladá,0.26,Equus ferus caballus,300,Horse,78
dp_299,2,Dvorský et al 2022 Plant Ecology,distal comparison with and without,National Nature Monument Mladá,0.16,Bos primigenius taurus,750,Cattle,120
dp_299,2,Dvorský et al 2022 Plant Ecology,distal comparison with and without,National Nature Monument Mladá,0.26,Equus ferus caballus,300,Horse,78
dp_300,3,Dvorský et al 2022 Plant Ecology,distal comparison with and without,National Nature Monument Mladá,0.16,Bos primigenius taurus,750,Cattle,120
dp_300,3,Dvorský et al 2022 Plant Ecology,distal comparison with and without,National Nature Monument Mladá,0.26,Equus ferus caballus,300,Horse,78
dp_301,4,Dvorský et al 2022 Plant Ecology,distal comparison with and without,National Nature Monument Mladá,0.16,Bos primigenius taurus,750,Cattle,120
dp_301,4,Dvorský et al 2022 Plant Ecology,distal comparison with and without,National Nature Monument Mladá,0.26,Equus ferus caballus,300,Horse,78
dp_302,1,Dvorský et al 2022 Plant Ecology,distal comparison with and without,National Nature Monument Mladá,0.16,Bos primigenius taurus,750,Cattle,120
dp_302,1,Dvorský et al 2022 Plant Ecology,distal comparison with and without,National Nature Monument Mladá,0.26,Equus ferus caballus,300,Horse,78
dp_303,2,Dvorský et al 2022 Plant Ecology,distal comparison with and without,National Nature Monument Mladá,0.16,Bos primigenius taurus,750,Cattle,120
dp_303,2,Dvorský et al 2022 Plant Ecology,distal comparison with and without,National Nature Monument Mladá,0.26,Equus ferus caballus,300,Horse,78
dp_304,3,Dvorský et al 2022 Plant Ecology,distal comparison with and without,National Nature Monument Mladá,0.16,Bos primigenius taurus,750,Cattle,120
dp_304,3,Dvorský et al 2022 Plant Ecology,distal comparison with and without,National Nature Monument Mladá,0.26,Equus ferus caballus,300,Horse,78
dp_305,4,Dvorský et al 2022 Plant Ecology,distal comparison with and without,National Nature Monument Mladá,0.16,Bos primigenius taurus,750,Cattle,120
dp_305,4,Dvorský et al 2022 Plant Ecology,distal comparison with and without,National Nature Monument Mladá,0.26,Equus ferus caballus,300,Horse,78
dp_306,1,Dvorský et al 2022 Plant Ecology,distal comparison with and without,National Nature Monument Mladá,0.16,Bos primigenius taurus,750,Cattle,120
dp_306,1,Dvorský et al 2022 Plant Ecology,distal comparison with and without,National Nature Monument Mladá,0.26,Equus ferus caballus,300,Horse,78
dp_307,2,Dvorský et al 2022 Plant Ecology,distal comparison with and without,National Nature Monument Mladá,0.16,Bos primigenius taurus,750,Cattle,120
dp_307,2,Dvorský et al 2022 Plant Ecology,distal comparison with and without,National Nature Monument Mladá,0.26,Equus ferus caballus,300,Horse,78
dp_308,3,Dvorský et al 2022 Plant Ecology,distal comparison with and without,National Nature Monument Mladá,0.16,Bos primigenius taurus,750,Cattle,120
dp_308,3,Dvorský et al 2022 Plant Ecology,distal comparison with and without,National Nature Monument Mladá,0.26,Equus ferus caballus,300,Horse,78
dp_309,4,Dvorský et al 2022 Plant Ecology,distal comparison with and without,National Nature Monument Mladá,0.16,Bos primigenius taurus,750,Cattle,120
dp_309,4,Dvorský et al 2022 Plant Ecology,distal comparison with and without,National Nature Monument Mladá,0.26,Equus ferus caballus,300,Horse,78
dp_310,1,Fischer et al 2022 Biogeosciences,distal comparison with and without,Pleistocene Park,0.008,Bos primigenius taurus,750,Cattle,6
dp_310,1,Fischer et al 2022 Biogeosciences,distal comparison with and without,Pleistocene Park,0.02,Equus ferus caballus,300,Horse,6
dp_310,1,Fischer et al 2022 Biogeosciences,distal comparison with and without,Pleistocene Park,0.005,Alces alces,356.998,Moose,1.78499
dp_310,1,Fischer et al 2022 Biogeosciences,distal comparison with and without,Pleistocene Park,0.004,Ovibos moschatus,340.5011,Muskox,1.3620044
dp_310,1,Fischer et al 2022 Biogeosciences,distal comparison with and without,Pleistocene Park,0.0175,Bison bison,579.2553,American Bison,10.13696775
dp_310,1,Fischer et al 2022 Biogeosciences,distal comparison with and without,Pleistocene Park,0.0125,Rangifer tarandus,86.034,Caribou; Reindeer,1.075425
dp_310,1,Fischer et al 2022 Biogeosciences,distal comparison with and without,Pleistocene Park,5e-04,Bison bonasus,500,European Bison,0.25
dp_310,1,Fischer et al 2022 Biogeosciences,distal comparison with and without,Pleistocene Park,0.004,Bos mutus,546.25,Yak,2.185
dp_310,1,Fischer et al 2022 Biogeosciences,distal comparison with and without,Pleistocene Park,0.009,Ovis orientalis aries,39.097,Domestic sheep,0.351873
dp_311,1,Fischer et al 2022 Biogeosciences,distal comparison with and without,Pleistocene Park,0.008,Bos primigenius taurus,750,Cattle,6
dp_311,1,Fischer et al 2022 Biogeosciences,distal comparison with and without,Pleistocene Park,0.02,Equus ferus caballus,300,Horse,6
dp_311,1,Fischer et al 2022 Biogeosciences,distal comparison with and without,Pleistocene Park,0.005,Alces alces,356.998,Moose,1.78499
dp_311,1,Fischer et al 2022 Biogeosciences,distal comparison with and without,Pleistocene Park,0.004,Ovibos moschatus,340.5011,Muskox,1.3620044
dp_311,1,Fischer et al 2022 Biogeosciences,distal comparison with and without,Pleistocene Park,0.0175,Bison bison,579.2553,American Bison,10.13696775
dp_311,1,Fischer et al 2022 Biogeosciences,distal comparison with and without,Pleistocene Park,0.0125,Rangifer tarandus,86.034,Caribou; Reindeer,1.075425
dp_311,1,Fischer et al 2022 Biogeosciences,distal comparison with and without,Pleistocene Park,5e-04,Bison bonasus,500,European Bison,0.25
dp_311,1,Fischer et al 2022 Biogeosciences,distal comparison with and without,Pleistocene Park,0.004,Bos mutus,546.25,Yak,2.185
dp_311,1,Fischer et al 2022 Biogeosciences,distal comparison with and without,Pleistocene Park,0.009,Ovis orientalis aries,39.097,Domestic sheep,0.351873
dp_312,1,Fischer et al 2022 Biogeosciences,distal comparison with and without,Pleistocene Park,0.008,Bos primigenius taurus,750,Cattle,6
dp_312,1,Fischer et al 2022 Biogeosciences,distal comparison with and without,Pleistocene Park,0.02,Equus ferus caballus,300,Horse,6
dp_312,1,Fischer et al 2022 Biogeosciences,distal comparison with and without,Pleistocene Park,0.005,Alces alces,356.998,Moose,1.78499
dp_312,1,Fischer et al 2022 Biogeosciences,distal comparison with and without,Pleistocene Park,0.004,Ovibos moschatus,340.5011,Muskox,1.3620044
dp_312,1,Fischer et al 2022 Biogeosciences,distal comparison with and without,Pleistocene Park,0.0175,Bison bison,579.2553,American Bison,10.13696775
dp_312,1,Fischer et al 2022 Biogeosciences,distal comparison with and without,Pleistocene Park,0.0125,Rangifer tarandus,86.034,Caribou; Reindeer,1.075425
dp_312,1,Fischer et al 2022 Biogeosciences,distal comparison with and without,Pleistocene Park,5e-04,Bison bonasus,500,European Bison,0.25
dp_312,1,Fischer et al 2022 Biogeosciences,distal comparison with and without,Pleistocene Park,0.004,Bos mutus,546.25,Yak,2.185
dp_312,1,Fischer et al 2022 Biogeosciences,distal comparison with and without,Pleistocene Park,0.009,Ovis orientalis aries,39.097,Domestic sheep,0.351873
dp_313,1,Fischer et al 2022 Biogeosciences,distal comparison with and without,Pleistocene Park,0.008,Bos primigenius taurus,750,Cattle,6
dp_313,1,Fischer et al 2022 Biogeosciences,distal comparison with and without,Pleistocene Park,0.02,Equus ferus caballus,300,Horse,6
dp_313,1,Fischer et al 2022 Biogeosciences,distal comparison with and without,Pleistocene Park,0.005,Alces alces,356.998,Moose,1.78499
dp_313,1,Fischer et al 2022 Biogeosciences,distal comparison with and without,Pleistocene Park,0.004,Ovibos moschatus,340.5011,Muskox,1.3620044
dp_313,1,Fischer et al 2022 Biogeosciences,distal comparison with and without,Pleistocene Park,0.0175,Bison bison,579.2553,American Bison,10.13696775
dp_313,1,Fischer et al 2022 Biogeosciences,distal comparison with and without,Pleistocene Park,0.0125,Rangifer tarandus,86.034,Caribou; Reindeer,1.075425
dp_313,1,Fischer et al 2022 Biogeosciences,distal comparison with and without,Pleistocene Park,5e-04,Bison bonasus,500,European Bison,0.25
dp_313,1,Fischer et al 2022 Biogeosciences,distal comparison with and without,Pleistocene Park,0.004,Bos mutus,546.25,Yak,2.185
dp_313,1,Fischer et al 2022 Biogeosciences,distal comparison with and without,Pleistocene Park,0.009,Ovis orientalis aries,39.097,Domestic sheep,0.351873
dp_314,1,Moinardeau et al 2021 Global Ecology and Conservation,distal comparison with and without,Donzère-Mondragon,0.28,Equus ferus caballus,300,Horse,84
dp_315,2,Moinardeau et al 2021 Global Ecology and Conservation,distal comparison with and without,Donzère-Mondragon,0.28,Equus ferus caballus,300,Horse,84
dp_316,3,Moinardeau et al 2021 Global Ecology and Conservation,distal comparison with and without,Donzère-Mondragon,0.28,Equus ferus caballus,300,Horse,84
dp_317,1,Moinardeau et al 2021 Global Ecology and Conservation,distal comparison with and without,Donzère-Mondragon,0.21,Equus ferus caballus,300,Horse,63
dp_318,2,Moinardeau et al 2021 Global Ecology and Conservation,distal comparison with and without,Donzère-Mondragon,0.21,Equus ferus caballus,300,Horse,63
dp_319,3,Moinardeau et al 2021 Global Ecology and Conservation,distal comparison with and without,Donzère-Mondragon,0.21,Equus ferus caballus,300,Horse,63
dp_320,1,Moinardeau et al 2021 Global Ecology and Conservation,distal comparison with and without,Donzère-Mondragon,0.15,Equus ferus caballus,300,Horse,45
dp_321,2,Moinardeau et al 2021 Global Ecology and Conservation,distal comparison with and without,Donzère-Mondragon,0.15,Equus ferus caballus,300,Horse,45
dp_322,3,Moinardeau et al 2021 Global Ecology and Conservation,distal comparison with and without,Donzère-Mondragon,0.15,Equus ferus caballus,300,Horse,45
dp_323,1,Moinardeau et al 2021 Global Ecology and Conservation,distal comparison with and without,Donzère-Mondragon,0.28,Equus ferus caballus,300,Horse,84
dp_324,2,Moinardeau et al 2021 Global Ecology and Conservation,distal comparison with and without,Donzère-Mondragon,0.28,Equus ferus caballus,300,Horse,84
dp_325,3,Moinardeau et al 2021 Global Ecology and Conservation,distal comparison with and without,Donzère-Mondragon,0.28,Equus ferus caballus,300,Horse,84
dp_326,1,Moinardeau et al 2021 Global Ecology and Conservation,distal comparison with and without,Donzère-Mondragon,0.21,Equus ferus caballus,300,Horse,63
dp_327,2,Moinardeau et al 2021 Global Ecology and Conservation,distal comparison with and without,Donzère-Mondragon,0.21,Equus ferus caballus,300,Horse,63
dp_328,3,Moinardeau et al 2021 Global Ecology and Conservation,distal comparison with and without,Donzère-Mondragon,0.21,Equus ferus caballus,300,Horse,63
dp_329,1,Moinardeau et al 2021 Global Ecology and Conservation,distal comparison with and without,Donzère-Mondragon,0.15,Equus ferus caballus,300,Horse,45
dp_330,2,Moinardeau et al 2021 Global Ecology and Conservation,distal comparison with and without,Donzère-Mondragon,0.15,Equus ferus caballus,300,Horse,45
dp_331,3,Moinardeau et al 2021 Global Ecology and Conservation,distal comparison with and without,Donzère-Mondragon,0.15,Equus ferus caballus,300,Horse,45
dp_332,1,Thulin et al 2025 Animals,inside vs outside exclosure,"Krusenberg estate, property of the Swedish University of Agricultural Sciences (SLU) near Uppsala, Sweden",0.35,Equus ferus caballus,300,Horse,105
dp_333,2,Thulin et al 2025 Animals,inside vs outside exclosure,"Krusenberg estate, property of the Swedish University of Agricultural Sciences (SLU) near Uppsala, Sweden",0.35,Equus ferus caballus,300,Horse,105
dp_334,1,Thulin et al 2025 Animals,inside vs outside exclosure,"Krusenberg estate, property of the Swedish University of Agricultural Sciences (SLU) near Uppsala, Sweden",0.35,Equus ferus caballus,300,Horse,105
dp_335,2,Thulin et al 2025 Animals,inside vs outside exclosure,"Krusenberg estate, property of the Swedish University of Agricultural Sciences (SLU) near Uppsala, Sweden",0.35,Equus ferus caballus,300,Horse,105
dp_336,1,Thulin et al 2025 Animals,inside vs outside exclosure,"Krusenberg estate, property of the Swedish University of Agricultural Sciences (SLU) near Uppsala, Sweden",0.35,Equus ferus caballus,300,Horse,105
dp_337,2,Thulin et al 2025 Animals,inside vs outside exclosure,"Krusenberg estate, property of the Swedish University of Agricultural Sciences (SLU) near Uppsala, Sweden",0.35,Equus ferus caballus,300,Horse,105
dp_341,1,Garrido et al 2020 Ambio,inside vs outside exclosure,Krusenberg,0.35,Equus ferus caballus,300,Horse,105
dp_342,1,Barber et al 2019 Natural Areas Journal,distal comparison with and without,Nachusa Grasslands,0.16,Bison bison,579.2553,American Bison,92.680848
dp_343,1,Garrido et al 2019 Journal of Applied Ecology,inside vs outside exclosure,Krusenberg,0.35,Equus ferus caballus,300,Horse,105
dp_344,1,Garrido et al 2019 Journal of Applied Ecology,inside vs outside exclosure,Krusenberg,0.35,Equus ferus caballus,300,Horse,105
dp_345,1,Garrido et al 2019 Journal of Applied Ecology,inside vs outside exclosure,Krusenberg,0.35,Equus ferus caballus,300,Horse,105
dp_346,1,Garrido et al 2019 Journal of Applied Ecology,inside vs outside exclosure,Krusenberg,0.35,Equus ferus caballus,300,Horse,105
dp_347,1,Garrido et al 2019 Journal of Applied Ecology,inside vs outside exclosure,Krusenberg,0.35,Equus ferus caballus,300,Horse,105
dp_348,2,Garrido et al 2019 Journal of Applied Ecology,inside vs outside exclosure,Krusenberg,0.35,Equus ferus caballus,300,Horse,105
dp_349,3,Garrido et al 2019 Journal of Applied Ecology,inside vs outside exclosure,Krusenberg,0.35,Equus ferus caballus,300,Horse,105
dp_350,4,Garrido et al 2019 Journal of Applied Ecology,inside vs outside exclosure,Krusenberg,0.35,Equus ferus caballus,300,Horse,105
dp_351,5,Garrido et al 2019 Journal of Applied Ecology,inside vs outside exclosure,Krusenberg,0.35,Equus ferus caballus,300,Horse,105
dp_352,6,Garrido et al 2019 Journal of Applied Ecology,inside vs outside exclosure,Krusenberg,0.35,Equus ferus caballus,300,Horse,105
dp_353,1,McMillan et al 2028 Restoration Ecology,distal comparison with and without,"Box elder creek, American Prairie Reserve",0.05,Bison bison,579.2553,American Bison,28.962765
dp_354,1,McMillan et al 2028 Restoration Ecology,distal comparison with and without,"Box elder creek, American Prairie Reserve",0.05,Bison bison,579.2553,American Bison,28.962765
dp_355,1,McMillan et al 2028 Restoration Ecology,distal comparison with and without,"Box elder creek, American Prairie Reserve",0.05,Bison bison,579.2553,American Bison,28.962765
dp_356,1,McMillan et al 2028 Restoration Ecology,distal comparison with and without,"Box elder creek, American Prairie Reserve",0.05,Bison bison,579.2553,American Bison,28.962765
dp_412,1,Plassmann et al 2010 Applied Vegetation Science,inside vs outside enclosure,Newborough Warren,,Bos primigenius taurus,750,Cattle,
dp_412,1,Plassmann et al 2010 Applied Vegetation Science,inside vs outside enclosure,Newborough Warren,0.28,Equus ferus caballus,300,Horse,84
dp_413,1,Plassmann et al 2010 Applied Vegetation Science,inside vs outside enclosure,Newborough Warren,,Bos primigenius taurus,750,Cattle,
dp_413,1,Plassmann et al 2010 Applied Vegetation Science,inside vs outside enclosure,Newborough Warren,0.28,Equus ferus caballus,300,Horse,84
dp_414,1,Plassmann et al 2010 Applied Vegetation Science,inside vs outside enclosure,Newborough Warren,,Bos primigenius taurus,750,Cattle,
dp_414,1,Plassmann et al 2010 Applied Vegetation Science,inside vs outside enclosure,Newborough Warren,0.28,Equus ferus caballus,300,Horse,84
dp_415,1,Plassmann et al 2010 Applied Vegetation Science,inside vs outside enclosure,Newborough Warren,,Bos primigenius taurus,750,Cattle,
dp_415,1,Plassmann et al 2010 Applied Vegetation Science,inside vs outside enclosure,Newborough Warren,0.28,Equus ferus caballus,300,Horse,84
dp_416,1,Plassmann et al 2010 Applied Vegetation Science,inside vs outside enclosure,Newborough Warren,,Bos primigenius taurus,750,Cattle,
dp_416,1,Plassmann et al 2010 Applied Vegetation Science,inside vs outside enclosure,Newborough Warren,0.28,Equus ferus caballus,300,Horse,84
dp_417,1,Plassmann et al 2010 Applied Vegetation Science,inside vs outside enclosure,Newborough Warren,,Bos primigenius taurus,750,Cattle,
dp_417,1,Plassmann et al 2010 Applied Vegetation Science,inside vs outside enclosure,Newborough Warren,0.28,Equus ferus caballus,300,Horse,84
dp_418,1,Plassmann et al 2010 Applied Vegetation Science,inside vs outside enclosure,Newborough Warren,,Bos primigenius taurus,750,Cattle,
dp_418,1,Plassmann et al 2010 Applied Vegetation Science,inside vs outside enclosure,Newborough Warren,0.28,Equus ferus caballus,300,Horse,84
dp_419,1,Plassmann et al 2010 Applied Vegetation Science,inside vs outside enclosure,Newborough Warren,,Bos primigenius taurus,750,Cattle,
dp_419,1,Plassmann et al 2010 Applied Vegetation Science,inside vs outside enclosure,Newborough Warren,0.28,Equus ferus caballus,300,Horse,84
dp_420,1,Plassmann et al 2010 Applied Vegetation Science,inside vs outside enclosure,Newborough Warren,,Bos primigenius taurus,750,Cattle,
dp_420,1,Plassmann et al 2010 Applied Vegetation Science,inside vs outside enclosure,Newborough Warren,0.28,Equus ferus caballus,300,Horse,84
dp_421,1,Plassmann et al 2010 Applied Vegetation Science,inside vs outside enclosure,Newborough Warren,,Bos primigenius taurus,750,Cattle,
dp_421,1,Plassmann et al 2010 Applied Vegetation Science,inside vs outside enclosure,Newborough Warren,0.28,Equus ferus caballus,300,Horse,84
dp_422,1,Plassmann et al 2010 Applied Vegetation Science,inside vs outside enclosure,Newborough Warren,,Bos primigenius taurus,750,Cattle,
dp_422,1,Plassmann et al 2010 Applied Vegetation Science,inside vs outside enclosure,Newborough Warren,0.28,Equus ferus caballus,300,Horse,84
dp_423,1,Plassmann et al 2010 Applied Vegetation Science,inside vs outside enclosure,Newborough Warren,,Bos primigenius taurus,750,Cattle,
dp_423,1,Plassmann et al 2010 Applied Vegetation Science,inside vs outside enclosure,Newborough Warren,0.28,Equus ferus caballus,300,Horse,84
dp_424,1,Plassmann et al 2010 Applied Vegetation Science,inside vs outside enclosure,Newborough Warren,,Bos primigenius taurus,750,Cattle,
dp_424,1,Plassmann et al 2010 Applied Vegetation Science,inside vs outside enclosure,Newborough Warren,0.28,Equus ferus caballus,300,Horse,84
dp_425,1,Plassmann et al 2010 Applied Vegetation Science,inside vs outside enclosure,Newborough Warren,,Bos primigenius taurus,750,Cattle,
dp_425,1,Plassmann et al 2010 Applied Vegetation Science,inside vs outside enclosure,Newborough Warren,0.28,Equus ferus caballus,300,Horse,84
dp_426,1,Kohyani et al 2008 Biological Conservation,inside vs outside exclosure,Ghyvelde,0.173,Equus ferus caballus,300,Horse,51.9
dp_427,1,Kohyani et al 2008 Biological Conservation,inside vs outside exclosure,Ghyvelde,0.173,Equus ferus caballus,300,Horse,51.9
dp_428,1,Kohyani et al 2008 Biological Conservation,inside vs outside exclosure,Cabour,0.433,Equus ferus caballus,300,Horse,129.9
dp_429,1,Kohyani et al 2008 Biological Conservation,inside vs outside exclosure,Cabour,0.433,Equus ferus caballus,300,Horse,129.9
dp_430,1,Kohyani et al 2008 Biological Conservation,inside vs outside exclosure,Ter Yde,0.3,Equus ferus caballus,300,Horse,90
dp_430,1,Kohyani et al 2008 Biological Conservation,inside vs outside exclosure,Ter Yde,1.56,Ovis orientalis aries,39.097,Domestic sheep,60.99132
dp_431,1,Kohyani et al 2008 Biological Conservation,inside vs outside exclosure,Ter Yde,0.3,Equus ferus caballus,300,Horse,90
dp_431,1,Kohyani et al 2008 Biological Conservation,inside vs outside exclosure,Ter Yde,1.56,Ovis orientalis aries,39.097,Domestic sheep,60.99132
dp_432,1,Kohyani et al 2008 Biological Conservation,inside vs outside exclosure,Ter Yde,0.3,Equus ferus caballus,300,Horse,90
dp_432,1,Kohyani et al 2008 Biological Conservation,inside vs outside exclosure,Ter Yde,1.56,Ovis orientalis aries,39.097,Domestic sheep,60.99132
dp_433,1,Kohyani et al 2008 Biological Conservation,inside vs outside exclosure,Westhoek-south,0.09,Bos primigenius taurus,750,Cattle,67.5
dp_433,1,Kohyani et al 2008 Biological Conservation,inside vs outside exclosure,Westhoek-south,0.34,Equus ferus caballus,300,Horse,102
dp_434,1,Kohyani et al 2008 Biological Conservation,inside vs outside exclosure,Westhoek-south,0.09,Bos primigenius taurus,750,Cattle,67.5
dp_434,1,Kohyani et al 2008 Biological Conservation,inside vs outside exclosure,Westhoek-south,0.34,Equus ferus caballus,300,Horse,102
dp_435,1,Kohyani et al 2008 Biological Conservation,inside vs outside exclosure,Westhoek-south-north,0.08,Bos primigenius taurus,750,Cattle,60
dp_435,1,Kohyani et al 2008 Biological Conservation,inside vs outside exclosure,Westhoek-south-north,0.16,Equus ferus caballus,300,Horse,48
dp_436,1,Kohyani et al 2008 Biological Conservation,inside vs outside exclosure,Ghyvelde,0.173,Equus ferus caballus,300,Horse,51.9
dp_437,1,Kohyani et al 2008 Biological Conservation,inside vs outside exclosure,Ghyvelde,0.173,Equus ferus caballus,300,Horse,51.9
dp_438,1,Kohyani et al 2008 Biological Conservation,inside vs outside exclosure,Cabour,0.433,Equus ferus caballus,300,Horse,129.9
dp_439,1,Kohyani et al 2008 Biological Conservation,inside vs outside exclosure,Cabour,0.433,Equus ferus caballus,300,Horse,129.9
dp_440,1,Kohyani et al 2008 Biological Conservation,inside vs outside exclosure,Ter Yde,0.3,Equus ferus caballus,300,Horse,90
dp_440,1,Kohyani et al 2008 Biological Conservation,inside vs outside exclosure,Ter Yde,1.56,Ovis orientalis aries,39.097,Domestic sheep,60.99132
dp_441,1,Kohyani et al 2008 Biological Conservation,inside vs outside exclosure,Ter Yde,0.3,Equus ferus caballus,300,Horse,90
dp_441,1,Kohyani et al 2008 Biological Conservation,inside vs outside exclosure,Ter Yde,1.56,Ovis orientalis aries,39.097,Domestic sheep,60.99132
dp_442,1,Kohyani et al 2008 Biological Conservation,inside vs outside exclosure,Ter Yde,0.3,Equus ferus caballus,300,Horse,90
dp_442,1,Kohyani et al 2008 Biological Conservation,inside vs outside exclosure,Ter Yde,1.56,Ovis orientalis aries,39.097,Domestic sheep,60.99132
dp_443,1,Kohyani et al 2008 Biological Conservation,inside vs outside exclosure,Westhoek-south,0.09,Bos primigenius taurus,750,Cattle,67.5
dp_443,1,Kohyani et al 2008 Biological Conservation,inside vs outside exclosure,Westhoek-south,0.34,Equus ferus caballus,300,Horse,102
dp_444,1,Kohyani et al 2008 Biological Conservation,inside vs outside exclosure,Westhoek-south,0.09,Bos primigenius taurus,750,Cattle,67.5
dp_444,1,Kohyani et al 2008 Biological Conservation,inside vs outside exclosure,Westhoek-south,0.34,Equus ferus caballus,300,Horse,102
dp_445,1,Kohyani et al 2008 Biological Conservation,inside vs outside exclosure,Westhoek-south-north,0.08,Bos primigenius taurus,750,Cattle,60
dp_445,1,Kohyani et al 2008 Biological Conservation,inside vs outside exclosure,Westhoek-south-north,0.16,Equus ferus caballus,300,Horse,48
dp_446,1,Smit et al 2001 Plant Ecology,inside vs outside exclosure,National Park De Hoge Veluwe,0.046,Cervus elaphus,131.25,Red Deer,6.0375
dp_446,1,Smit et al 2001 Plant Ecology,inside vs outside exclosure,National Park De Hoge Veluwe,0.046,Ovis orientalis,60,Mouflon,2.76
dp_447,1,Ward et al 1999 Journal of Vegetation Science,inside vs outside exclosure,Makhtesh Ramon,0.005,Equus hemionus,200,Asiatic Wild Ass,1
dp_448,1,Ward et al 1999 Journal of Vegetation Science,inside vs outside exclosure,Makhtesh Ramon,0.005,Equus hemionus,200,Asiatic Wild Ass,1
dp_449,1,Ward et al 1999 Journal of Vegetation Science,inside vs outside exclosure,Makhtesh Ramon,0.005,Equus hemionus,200,Asiatic Wild Ass,1
dp_450,1,Ward et al 1999 Journal of Vegetation Science,inside vs outside exclosure,Makhtesh Ramon,0.005,Equus hemionus,200,Asiatic Wild Ass,1
dp_451,1,Collins et al 1998 Science,distal comparison with and without,Konza Prairie Biological Station,0.26,Bison bison,579.2553,American Bison,150.606378
dp_452,1,Collins et al 1998 Science,distal comparison with and without,Konza Prairie Biological Station,0.26,Bison bison,579.2553,American Bison,150.606378
dp_453,1,Collins et al 1998 Science,distal comparison with and without,Konza Prairie Biological Station,0.26,Bison bison,579.2553,American Bison,150.606378
dp_454,1,Collins et al 1998 Science,distal comparison with and without,Konza Prairie Biological Station,0.26,Bison bison,579.2553,American Bison,150.606378
dp_455,1,Collins et al 1998 Science,distal comparison with and without,Konza Prairie Biological Station,0.26,Bison bison,579.2553,American Bison,150.606378
dp_456,1,Veen et al 2024 Oikos,inside vs outside exclosure,National Park De Hoge Veluwe,0.025,Bos primigenius taurus,750,Cattle,18.75
dp_456,1,Veen et al 2024 Oikos,inside vs outside exclosure,National Park De Hoge Veluwe,0.025,Equus ferus caballus,300,Horse,7.5
dp_457,1,Veen et al 2024 Oikos,inside vs outside exclosure,National Park De Hoge Veluwe,0.025,Bos primigenius taurus,750,Cattle,18.75
dp_457,1,Veen et al 2024 Oikos,inside vs outside exclosure,National Park De Hoge Veluwe,0.025,Equus ferus caballus,300,Horse,7.5
dp_458,1,Veen et al 2024 Oikos,inside vs outside exclosure,National Park De Hoge Veluwe,0.025,Bos primigenius taurus,750,Cattle,18.75
dp_458,1,Veen et al 2024 Oikos,inside vs outside exclosure,National Park De Hoge Veluwe,0.025,Equus ferus caballus,300,Horse,7.5
dp_459,1,Veen et al 2024 Oikos,inside vs outside exclosure,National Park De Hoge Veluwe,0.025,Bos primigenius taurus,750,Cattle,18.75
dp_459,1,Veen et al 2024 Oikos,inside vs outside exclosure,National Park De Hoge Veluwe,0.025,Equus ferus caballus,300,Horse,7.5
dp_460,1,Veen et al 2024 Oikos,inside vs outside exclosure,National Park De Hoge Veluwe,0.025,Bos primigenius taurus,750,Cattle,18.75
dp_460,1,Veen et al 2024 Oikos,inside vs outside exclosure,National Park De Hoge Veluwe,0.025,Equus ferus caballus,300,Horse,7.5
dp_461,1,Veen et al 2024 Oikos,inside vs outside exclosure,National Park De Hoge Veluwe,0.025,Bos primigenius taurus,750,Cattle,18.75
dp_461,1,Veen et al 2024 Oikos,inside vs outside exclosure,National Park De Hoge Veluwe,0.025,Equus ferus caballus,300,Horse,7.5
dp_462,1,Veen et al 2024 Oikos,inside vs outside exclosure,National Park De Hoge Veluwe,0.025,Bos primigenius taurus,750,Cattle,18.75
dp_462,1,Veen et al 2024 Oikos,inside vs outside exclosure,National Park De Hoge Veluwe,0.025,Equus ferus caballus,300,Horse,7.5
dp_463,1,Tapia et al 2021 Restoration Ecology,inside vs outside exclosure,Santa Fe Island,0.21,Chelonoidis hoodensis,50,Giant Tortoise,10.5
dp_464,2,Tapia et al 2021 Restoration Ecology,inside vs outside exclosure,Santa Fe Island,0.21,Chelonoidis hoodensis,50,Giant Tortoise,10.5
dp_465,3,Tapia et al 2021 Restoration Ecology,inside vs outside exclosure,Santa Fe Island,0.21,Chelonoidis hoodensis,50,Giant Tortoise,10.5
dp_466,4,Tapia et al 2021 Restoration Ecology,inside vs outside exclosure,Santa Fe Island,0.21,Chelonoidis hoodensis,50,Giant Tortoise,10.5
dp_467,5,Tapia et al 2021 Restoration Ecology,inside vs outside exclosure,Santa Fe Island,0.21,Chelonoidis hoodensis,50,Giant Tortoise,10.5
dp_468,6,Tapia et al 2021 Restoration Ecology,inside vs outside exclosure,Santa Fe Island,0.21,Chelonoidis hoodensis,50,Giant Tortoise,10.5
dp_469,7,Tapia et al 2021 Restoration Ecology,inside vs outside exclosure,Santa Fe Island,0.21,Chelonoidis hoodensis,50,Giant Tortoise,10.5
dp_470,8,Tapia et al 2021 Restoration Ecology,inside vs outside exclosure,Santa Fe Island,0.21,Chelonoidis hoodensis,50,Giant Tortoise,10.5
dp_471,9,Tapia et al 2021 Restoration Ecology,inside vs outside exclosure,Santa Fe Island,0.21,Chelonoidis hoodensis,50,Giant Tortoise,10.5
dp_472,1,Tapia et al 2021 Restoration Ecology,inside vs outside exclosure,Santa Fe Island,0.21,Chelonoidis hoodensis,50,Giant Tortoise,10.5
dp_473,2,Tapia et al 2021 Restoration Ecology,inside vs outside exclosure,Santa Fe Island,0.21,Chelonoidis hoodensis,50,Giant Tortoise,10.5
dp_474,3,Tapia et al 2021 Restoration Ecology,inside vs outside exclosure,Santa Fe Island,0.21,Chelonoidis hoodensis,50,Giant Tortoise,10.5
dp_475,4,Tapia et al 2021 Restoration Ecology,inside vs outside exclosure,Santa Fe Island,0.21,Chelonoidis hoodensis,50,Giant Tortoise,10.5
dp_476,5,Tapia et al 2021 Restoration Ecology,inside vs outside exclosure,Santa Fe Island,0.21,Chelonoidis hoodensis,50,Giant Tortoise,10.5
dp_477,6,Tapia et al 2021 Restoration Ecology,inside vs outside exclosure,Santa Fe Island,0.21,Chelonoidis hoodensis,50,Giant Tortoise,10.5
dp_478,7,Tapia et al 2021 Restoration Ecology,inside vs outside exclosure,Santa Fe Island,0.21,Chelonoidis hoodensis,50,Giant Tortoise,10.5
dp_479,8,Tapia et al 2021 Restoration Ecology,inside vs outside exclosure,Santa Fe Island,0.21,Chelonoidis hoodensis,50,Giant Tortoise,10.5
dp_480,9,Tapia et al 2021 Restoration Ecology,inside vs outside exclosure,Santa Fe Island,0.21,Chelonoidis hoodensis,50,Giant Tortoise,10.5
dp_481,1,"Rupprecht et al 2016 Agriculture, Ecosystems & Environment",distal comparison with and without,North-West Germany & Netherlands,0.2,Bos primigenius taurus,750,Cattle,150
dp_481,1,"Rupprecht et al 2016 Agriculture, Ecosystems & Environment",distal comparison with and without,North-West Germany & Netherlands,0.2,Equus ferus caballus,300,Horse,60
dp_482,1,"Rupprecht et al 2016 Agriculture, Ecosystems & Environment",distal comparison with and without,North-West Germany & Netherlands,0.2,Bos primigenius taurus,750,Cattle,150
dp_482,1,"Rupprecht et al 2016 Agriculture, Ecosystems & Environment",distal comparison with and without,North-West Germany & Netherlands,0.2,Equus ferus caballus,300,Horse,60
dp_483,1,"Rupprecht et al 2016 Agriculture, Ecosystems & Environment",distal comparison with and without,North-West Germany & Netherlands,0.2,Bos primigenius taurus,750,Cattle,150
dp_483,1,"Rupprecht et al 2016 Agriculture, Ecosystems & Environment",distal comparison with and without,North-West Germany & Netherlands,0.2,Equus ferus caballus,300,Horse,60
dp_484,1,"Rupprecht et al 2016 Agriculture, Ecosystems & Environment",distal comparison with and without,North-West Germany & Netherlands,0.2,Bos primigenius taurus,750,Cattle,150
dp_484,1,"Rupprecht et al 2016 Agriculture, Ecosystems & Environment",distal comparison with and without,North-West Germany & Netherlands,0.2,Equus ferus caballus,300,Horse,60
dp_485,1,"Rupprecht et al 2016 Agriculture, Ecosystems & Environment",distal comparison with and without,North-West Germany & Netherlands,0.2,Bos primigenius taurus,750,Cattle,150
dp_485,1,"Rupprecht et al 2016 Agriculture, Ecosystems & Environment",distal comparison with and without,North-West Germany & Netherlands,0.2,Equus ferus caballus,300,Horse,60
dp_486,1,"Rupprecht et al 2016 Agriculture, Ecosystems & Environment",distal comparison with and without,North-West Germany & Netherlands,0.2,Bos primigenius taurus,750,Cattle,150
dp_486,1,"Rupprecht et al 2016 Agriculture, Ecosystems & Environment",distal comparison with and without,North-West Germany & Netherlands,0.2,Equus ferus caballus,300,Horse,60
dp_487,1,"Rupprecht et al 2016 Agriculture, Ecosystems & Environment",distal comparison with and without,North-West Germany & Netherlands,0.2,Bos primigenius taurus,750,Cattle,150
dp_487,1,"Rupprecht et al 2016 Agriculture, Ecosystems & Environment",distal comparison with and without,North-West Germany & Netherlands,0.2,Equus ferus caballus,300,Horse,60
dp_488,1,"Rupprecht et al 2016 Agriculture, Ecosystems & Environment",distal comparison with and without,North-West Germany & Netherlands,0.2,Bos primigenius taurus,750,Cattle,150
dp_488,1,"Rupprecht et al 2016 Agriculture, Ecosystems & Environment",distal comparison with and without,North-West Germany & Netherlands,0.2,Equus ferus caballus,300,Horse,60
dp_489,1,"Rupprecht et al 2016 Agriculture, Ecosystems & Environment",distal comparison with and without,North-West Germany & Netherlands,0.2,Bos primigenius taurus,750,Cattle,150
dp_489,1,"Rupprecht et al 2016 Agriculture, Ecosystems & Environment",distal comparison with and without,North-West Germany & Netherlands,0.2,Equus ferus caballus,300,Horse,60
dp_490,1,"Rupprecht et al 2016 Agriculture, Ecosystems & Environment",distal comparison with and without,North-West Germany & Netherlands,0.2,Bos primigenius taurus,750,Cattle,150
dp_490,1,"Rupprecht et al 2016 Agriculture, Ecosystems & Environment",distal comparison with and without,North-West Germany & Netherlands,0.2,Equus ferus caballus,300,Horse,60
dp_491,1,"Rupprecht et al 2016 Agriculture, Ecosystems & Environment",distal comparison with and without,North-West Germany & Netherlands,0.2,Bos primigenius taurus,750,Cattle,150
dp_491,1,"Rupprecht et al 2016 Agriculture, Ecosystems & Environment",distal comparison with and without,North-West Germany & Netherlands,0.2,Equus ferus caballus,300,Horse,60
dp_492,1,"Rupprecht et al 2016 Agriculture, Ecosystems & Environment",distal comparison with and without,North-West Germany & Netherlands,0.2,Bos primigenius taurus,750,Cattle,150
dp_492,1,"Rupprecht et al 2016 Agriculture, Ecosystems & Environment",distal comparison with and without,North-West Germany & Netherlands,0.2,Equus ferus caballus,300,Horse,60
dp_493,1,"Rupprecht et al 2016 Agriculture, Ecosystems & Environment",distal comparison with and without,North-West Germany & Netherlands,0.2,Bos primigenius taurus,750,Cattle,150
dp_493,1,"Rupprecht et al 2016 Agriculture, Ecosystems & Environment",distal comparison with and without,North-West Germany & Netherlands,0.2,Equus ferus caballus,300,Horse,60
dp_494,1,"Rupprecht et al 2016 Agriculture, Ecosystems & Environment",distal comparison with and without,North-West Germany & Netherlands,0.2,Bos primigenius taurus,750,Cattle,150
dp_494,1,"Rupprecht et al 2016 Agriculture, Ecosystems & Environment",distal comparison with and without,North-West Germany & Netherlands,0.2,Equus ferus caballus,300,Horse,60
dp_495,1,"Rupprecht et al 2016 Agriculture, Ecosystems & Environment",distal comparison with and without,North-West Germany & Netherlands,0.2,Bos primigenius taurus,750,Cattle,150
dp_495,1,"Rupprecht et al 2016 Agriculture, Ecosystems & Environment",distal comparison with and without,North-West Germany & Netherlands,0.2,Equus ferus caballus,300,Horse,60
dp_496,1,"Rupprecht et al 2016 Agriculture, Ecosystems & Environment",distal comparison with and without,North-West Germany & Netherlands,0.2,Bos primigenius taurus,750,Cattle,150
dp_496,1,"Rupprecht et al 2016 Agriculture, Ecosystems & Environment",distal comparison with and without,North-West Germany & Netherlands,0.2,Equus ferus caballus,300,Horse,60
dp_497,1,"Rupprecht et al 2016 Agriculture, Ecosystems & Environment",distal comparison with and without,North-West Germany & Netherlands,0.2,Bos primigenius taurus,750,Cattle,150
dp_497,1,"Rupprecht et al 2016 Agriculture, Ecosystems & Environment",distal comparison with and without,North-West Germany & Netherlands,0.2,Equus ferus caballus,300,Horse,60
dp_498,1,"Rupprecht et al 2016 Agriculture, Ecosystems & Environment",distal comparison with and without,North-West Germany & Netherlands,0.2,Bos primigenius taurus,750,Cattle,150
dp_498,1,"Rupprecht et al 2016 Agriculture, Ecosystems & Environment",distal comparison with and without,North-West Germany & Netherlands,0.2,Equus ferus caballus,300,Horse,60
dp_499,1,"Rupprecht et al 2016 Agriculture, Ecosystems & Environment",distal comparison with and without,North-West Germany & Netherlands,0.2,Bos primigenius taurus,750,Cattle,150
dp_499,1,"Rupprecht et al 2016 Agriculture, Ecosystems & Environment",distal comparison with and without,North-West Germany & Netherlands,0.2,Equus ferus caballus,300,Horse,60
dp_500,1,"Rupprecht et al 2016 Agriculture, Ecosystems & Environment",distal comparison with and without,North-West Germany & Netherlands,0.2,Bos primigenius taurus,750,Cattle,150
dp_500,1,"Rupprecht et al 2016 Agriculture, Ecosystems & Environment",distal comparison with and without,North-West Germany & Netherlands,0.2,Equus ferus caballus,300,Horse,60
dp_501,1,"Rupprecht et al 2016 Agriculture, Ecosystems & Environment",distal comparison with and without,North-West Germany & Netherlands,0.2,Bos primigenius taurus,750,Cattle,150
dp_501,1,"Rupprecht et al 2016 Agriculture, Ecosystems & Environment",distal comparison with and without,North-West Germany & Netherlands,0.2,Equus ferus caballus,300,Horse,60
dp_502,1,"Rupprecht et al 2016 Agriculture, Ecosystems & Environment",distal comparison with and without,North-West Germany & Netherlands,0.2,Bos primigenius taurus,750,Cattle,150
dp_502,1,"Rupprecht et al 2016 Agriculture, Ecosystems & Environment",distal comparison with and without,North-West Germany & Netherlands,0.2,Equus ferus caballus,300,Horse,60
dp_503,1,Stroh et al 2021 European Journal of Ecology,inside vs outside exclosure,Wicked Fen,0.12,Bos primigenius taurus,750,Cattle,90
dp_503,1,Stroh et al 2021 European Journal of Ecology,inside vs outside exclosure,Wicked Fen,0.41,Equus ferus caballus,300,Horse,123
dp_504,1,Stroh et al 2021 European Journal of Ecology,inside vs outside exclosure,Wicked Fen,0.12,Bos primigenius taurus,750,Cattle,90
dp_504,1,Stroh et al 2021 European Journal of Ecology,inside vs outside exclosure,Wicked Fen,0.41,Equus ferus caballus,300,Horse,123
dp_505,1,Stroh et al 2021 European Journal of Ecology,inside vs outside exclosure,Wicked Fen,0.12,Bos primigenius taurus,750,Cattle,90
dp_505,1,Stroh et al 2021 European Journal of Ecology,inside vs outside exclosure,Wicked Fen,0.41,Equus ferus caballus,300,Horse,123
dp_506,1,Stroh et al 2021 European Journal of Ecology,inside vs outside exclosure,Wicked Fen,0.12,Bos primigenius taurus,750,Cattle,90
dp_506,1,Stroh et al 2021 European Journal of Ecology,inside vs outside exclosure,Wicked Fen,0.41,Equus ferus caballus,300,Horse,123
dp_507,1,Stroh et al 2021 European Journal of Ecology,inside vs outside exclosure,Wicked Fen,0.12,Bos primigenius taurus,750,Cattle,90
dp_507,1,Stroh et al 2021 European Journal of Ecology,inside vs outside exclosure,Wicked Fen,0.41,Equus ferus caballus,300,Horse,123
dp_508,1,Stroh et al 2021 European Journal of Ecology,inside vs outside exclosure,Wicked Fen,0.12,Bos primigenius taurus,750,Cattle,90
dp_508,1,Stroh et al 2021 European Journal of Ecology,inside vs outside exclosure,Wicked Fen,0.41,Equus ferus caballus,300,Horse,123
dp_509,1,Stroh et al 2021 European Journal of Ecology,inside vs outside exclosure,Wicked Fen,0.12,Bos primigenius taurus,750,Cattle,90
dp_509,1,Stroh et al 2021 European Journal of Ecology,inside vs outside exclosure,Wicked Fen,0.41,Equus ferus caballus,300,Horse,123
dp_510,1,Stroh et al 2021 European Journal of Ecology,inside vs outside exclosure,Wicked Fen,0.12,Bos primigenius taurus,750,Cattle,90
dp_510,1,Stroh et al 2021 European Journal of Ecology,inside vs outside exclosure,Wicked Fen,0.41,Equus ferus caballus,300,Horse,123
dp_511,1,del Valle et al 2024 The Journal of Wildlife Management,distal comparison with and without,Nachusa Grasslands,0.16,Bison bison,579.2553,American Bison,92.680848
dp_512,2,del Valle et al 2024 The Journal of Wildlife Management,distal comparison with and without,Nachusa Grasslands,0.16,Bison bison,579.2553,American Bison,92.680848
dp_513,1,del Valle et al 2024 The Journal of Wildlife Management,distal comparison with and without,Nachusa Grasslands,0.16,Bison bison,579.2553,American Bison,92.680848
dp_514,2,del Valle et al 2024 The Journal of Wildlife Management,distal comparison with and without,Nachusa Grasslands,0.16,Bison bison,579.2553,American Bison,92.680848
dp_515,1,del Valle et al 2024 The Journal of Wildlife Management,distal comparison with and without,Nachusa Grasslands,0.16,Bison bison,579.2553,American Bison,92.680848
dp_516,2,del Valle et al 2024 The Journal of Wildlife Management,distal comparison with and without,Nachusa Grasslands,0.16,Bison bison,579.2553,American Bison,92.680848
dp_517,1,del Valle et al 2024 The Journal of Wildlife Management,distal comparison with and without,Nachusa Grasslands,0.16,Bison bison,579.2553,American Bison,92.680848
dp_518,2,del Valle et al 2024 The Journal of Wildlife Management,distal comparison with and without,Nachusa Grasslands,0.16,Bison bison,579.2553,American Bison,92.680848
dp_519,1,del Valle et al 2024 The Journal of Wildlife Management,distal comparison with and without,Nachusa Grasslands,0.16,Bison bison,579.2553,American Bison,92.680848
dp_520,2,del Valle et al 2024 The Journal of Wildlife Management,distal comparison with and without,Nachusa Grasslands,0.16,Bison bison,579.2553,American Bison,92.680848
dp_521,1,del Valle et al 2024 The Journal of Wildlife Management,distal comparison with and without,Nachusa Grasslands,0.16,Bison bison,579.2553,American Bison,92.680848
dp_522,2,del Valle et al 2024 The Journal of Wildlife Management,distal comparison with and without,Nachusa Grasslands,0.16,Bison bison,579.2553,American Bison,92.680848
dp_523,1,del Valle et al 2024 The Journal of Wildlife Management,distal comparison with and without,Nachusa Grasslands,0.16,Bison bison,579.2553,American Bison,92.680848
dp_524,2,del Valle et al 2024 The Journal of Wildlife Management,distal comparison with and without,Nachusa Grasslands,0.16,Bison bison,579.2553,American Bison,92.680848
dp_525,1,del Valle et al 2024 The Journal of Wildlife Management,distal comparison with and without,Nachusa Grasslands,0.16,Bison bison,579.2553,American Bison,92.680848
dp_526,2,del Valle et al 2024 The Journal of Wildlife Management,distal comparison with and without,Nachusa Grasslands,0.16,Bison bison,579.2553,American Bison,92.680848
dp_527,1,Garrido et al 2022 Journal of Insect Conservation,inside vs outside exclosure,Krusenberg,0.35,Equus ferus caballus,300,Horse,105
dp_528,1,Garrido et al 2022 Journal of Insect Conservation,inside vs outside exclosure,Krusenberg,0.35,Equus ferus caballus,300,Horse,105
dp_529,2,Garrido et al 2022 Journal of Insect Conservation,inside vs outside exclosure,Krusenberg,0.35,Equus ferus caballus,300,Horse,105
dp_530,2,Garrido et al 2022 Journal of Insect Conservation,inside vs outside exclosure,Krusenberg,0.35,Equus ferus caballus,300,Horse,105
dp_531,1,Mata et al 2025 Applied Vegetation Science,inside vs outside exclosure,Rincón del Socorro,,Hydrochoerus hydrochaeris,50,Capybara,
dp_531,1,Mata et al 2025 Applied Vegetation Science,inside vs outside exclosure,Rincón del Socorro,,Ozotoceros bezoarticus,40,Pampas Deer,
dp_531,1,Mata et al 2025 Applied Vegetation Science,inside vs outside exclosure,Rincón del Socorro,,Pecari tajacu,21.2667,Collared Peccary,
dp_531,1,Mata et al 2025 Applied Vegetation Science,inside vs outside exclosure,Rincón del Socorro,,Tapirus terrestris,207.5009,Lowland Tapir,
dp_532,2,Mata et al 2025 Applied Vegetation Science,inside vs outside exclosure,Rincón del Socorro,,Hydrochoerus hydrochaeris,50,Capybara,
dp_532,2,Mata et al 2025 Applied Vegetation Science,inside vs outside exclosure,Rincón del Socorro,,Ozotoceros bezoarticus,40,Pampas Deer,
dp_532,2,Mata et al 2025 Applied Vegetation Science,inside vs outside exclosure,Rincón del Socorro,,Pecari tajacu,21.2667,Collared Peccary,
dp_532,2,Mata et al 2025 Applied Vegetation Science,inside vs outside exclosure,Rincón del Socorro,,Tapirus terrestris,207.5009,Lowland Tapir,
dp_533,1,Mata et al 2025 Applied Vegetation Science,inside vs outside exclosure,Rincón del Socorro,,Hydrochoerus hydrochaeris,50,Capybara,
dp_533,1,Mata et al 2025 Applied Vegetation Science,inside vs outside exclosure,Rincón del Socorro,,Ozotoceros bezoarticus,40,Pampas Deer,
dp_533,1,Mata et al 2025 Applied Vegetation Science,inside vs outside exclosure,Rincón del Socorro,,Pecari tajacu,21.2667,Collared Peccary,
dp_533,1,Mata et al 2025 Applied Vegetation Science,inside vs outside exclosure,Rincón del Socorro,,Tapirus terrestris,207.5009,Lowland Tapir,
dp_534,2,Mata et al 2025 Applied Vegetation Science,inside vs outside exclosure,Rincón del Socorro,,Hydrochoerus hydrochaeris,50,Capybara,
dp_534,2,Mata et al 2025 Applied Vegetation Science,inside vs outside exclosure,Rincón del Socorro,,Ozotoceros bezoarticus,40,Pampas Deer,
dp_534,2,Mata et al 2025 Applied Vegetation Science,inside vs outside exclosure,Rincón del Socorro,,Pecari tajacu,21.2667,Collared Peccary,
dp_534,2,Mata et al 2025 Applied Vegetation Science,inside vs outside exclosure,Rincón del Socorro,,Tapirus terrestris,207.5009,Lowland Tapir,
dp_535,1,Mata et al 2025 Applied Vegetation Science,inside vs outside exclosure,Rincón del Socorro,,Hydrochoerus hydrochaeris,50,Capybara,
dp_535,1,Mata et al 2025 Applied Vegetation Science,inside vs outside exclosure,Rincón del Socorro,,Ozotoceros bezoarticus,40,Pampas Deer,
dp_535,1,Mata et al 2025 Applied Vegetation Science,inside vs outside exclosure,Rincón del Socorro,,Pecari tajacu,21.2667,Collared Peccary,
dp_535,1,Mata et al 2025 Applied Vegetation Science,inside vs outside exclosure,Rincón del Socorro,,Tapirus terrestris,207.5009,Lowland Tapir,
dp_536,2,Mata et al 2025 Applied Vegetation Science,inside vs outside exclosure,Rincón del Socorro,,Hydrochoerus hydrochaeris,50,Capybara,
dp_536,2,Mata et al 2025 Applied Vegetation Science,inside vs outside exclosure,Rincón del Socorro,,Ozotoceros bezoarticus,40,Pampas Deer,
dp_536,2,Mata et al 2025 Applied Vegetation Science,inside vs outside exclosure,Rincón del Socorro,,Pecari tajacu,21.2667,Collared Peccary,
dp_536,2,Mata et al 2025 Applied Vegetation Science,inside vs outside exclosure,Rincón del Socorro,,Tapirus terrestris,207.5009,Lowland Tapir,
dp_537,1,Wilsey & Martin 2015 Restoration Ecology,inside vs outside exclosure,Neal Smith National Wildlife Refuge,0.13,Bison bison,579.2553,American Bison,75.303189
dp_537,1,Wilsey & Martin 2015 Restoration Ecology,inside vs outside exclosure,Neal Smith National Wildlife Refuge,0.05,Cervus canadensis,131.25,Wapiti,6.5625
dp_538,1,Wilsey & Martin 2015 Restoration Ecology,inside vs outside exclosure,Neal Smith National Wildlife Refuge,0.13,Bison bison,579.2553,American Bison,75.303189
dp_538,1,Wilsey & Martin 2015 Restoration Ecology,inside vs outside exclosure,Neal Smith National Wildlife Refuge,0.05,Cervus canadensis,131.25,Wapiti,6.5625
