data_point_id,citation,title,doi,herbivore_type,study_notes,data_notes,design_notes,land_use_history_notes,management_notes,experimental_mechanism,experiment_timing,site_size_ha,site_number,treatment_size_m2,treatment_number,plot_size_m2,plot_number,subplot_size_m2,subplot_number,final_measure_scale,continent,latitude,longitude,coord_quality,site_name,introduced_herbivores,resident_herbivores,herbivore_manipulation_notes,density_notes,density_high_megafauna,density_low_megafauna,animal_density_units,areal_density_units,years_since_introduction,years_since_treatment,treatment_duration_days,time_series_clean,data_year,impact_mechanism,response_highest_level,response_sphere,species_class,strata_or_soil_depth,age_class,species_level,species_or_group,response,unit,high_value_equals_high_response,mean_type,error_type,fig_num,fig_notes,raw_mean_high_megafauna,error_high_megafauna,n_high_megafauna,raw_mean_low_megafauna,error_low_megafauna,n_low_megafauna,plot_covariate,digitization_notes,initially_entered_by
dp_1,Noble et al 2025 Ecological Applications,Native megafauna (Bison bison) act as a surprising inhibitor of cedar tree expansion in a Great Plains grassland,https://doi.org/10.1002/eap.70108,Semi-Domestic,"Bison introduced 1920 to current range, herd size of 270 adults with goal of grating ~25 % aboveground production each year","most data not usable, some sspeces richness and soil metrics n supplement","Paired with burning, but both control and treatment standardized","This study took place at Konza Prairie Biological Station (KPBS), a 3487-ha native tallgrass prairie located in northeastern Kansas, USA (39°05′ N, 96°35′ W). KPBS is a National Science Foundation long-term ecological research (LTER) in the Flint Hills ecoregion of the Central Great Plains, the largest expanse of unplowed tallgrass prairie in North America",Population size likely artifically managed,distal comparison with and without,with_introduction,1012,1,10120000,1,10,40 per treatment and catchment type,,,plot,North America,39.08339354,-96.5832714,reasonable ,Konza Prairie Biological Station,Bison bison,,"In 1987, 30 bison were introduced and restricted to under half of their current spatial extent, including catchment N20A. In 1992, the bison herd was given access to its current 1012 ha area, including catchment N20B. The herd increased to an average of 270 adults with the goal of a grazing rate of ~25% removal of aboveground production each year",likely kept artifically constant,0.26 Bison bison,0,individuals,hectare,2,,730,1,1994,cumulative,diversity,vegetation,plants,,,higher_level,all plants,species richness ,number of species,T,mean,SD,Fig_S2,Fig S2A,27.06,4.1,40,23.5,2.78,40,lowland,,JT
dp_2,Noble et al 2025 Ecological Applications,Native megafauna (Bison bison) act as a surprising inhibitor of cedar tree expansion in a Great Plains grassland,https://doi.org/10.1002/eap.70108,Semi-Domestic,"Bison introduced 1920 to current range, herd size of 270 adults with goal of grating ~25 % aboveground production each year","most data not usable, some sspeces richness and soil metrics n supplement","Paired with burning, but both control and treatment standardized","This study took place at Konza Prairie Biological Station (KPBS), a 3487-ha native tallgrass prairie located in northeastern Kansas, USA (39°05′ N, 96°35′ W). KPBS is a National Science Foundation long-term ecological research (LTER) in the Flint Hills ecoregion of the Central Great Plains, the largest expanse of unplowed tallgrass prairie in North America",Population size likely artifically managed,distal comparison with and without,with_introduction,1012,1,10120000,1,10,40 per treatment and catchment type,,,plot,North America,39.08339354,-96.5832714,reasonable ,Konza Prairie Biological Station,Bison bison,,"In 1987, 30 bison were introduced and restricted to under half of their current spatial extent, including catchment N20A. In 1992, the bison herd was given access to its current 1012 ha area, including catchment N20B. The herd increased to an average of 270 adults with the goal of a grazing rate of ~25% removal of aboveground production each year",likely kept artifically constant,0.26 Bison bison,0,individuals,hectare,2,,730,1,1994,cumulative,diversity,vegetation,plants,,,higher_level,all plants,species richness ,number of species,T,mean,SD,Fig_S2,Fig S2A,22.86,5.07,40,21.78,2.51,40,upland,,JT
dp_3,Noble et al 2025 Ecological Applications,Native megafauna (Bison bison) act as a surprising inhibitor of cedar tree expansion in a Great Plains grassland,https://doi.org/10.1002/eap.70108,Semi-Domestic,"Bison introduced 1920 to current range, herd size of 270 adults with goal of grating ~25 % aboveground production each year","most data not usable, some sspeces richness and soil metrics n supplement","Paired with burning, but both control and treatment standardized","This study took place at Konza Prairie Biological Station (KPBS), a 3487-ha native tallgrass prairie located in northeastern Kansas, USA (39°05′ N, 96°35′ W). KPBS is a National Science Foundation long-term ecological research (LTER) in the Flint Hills ecoregion of the Central Great Plains, the largest expanse of unplowed tallgrass prairie in North America",Population size likely artifically managed,distal comparison with and without,with_introduction,1012,1,10120000,1,10,40 per treatment and catchment type,,,plot,North America,39.08339354,-96.5832714,reasonable ,Konza Prairie Biological Station,Bison bison,,"In 1987, 30 bison were introduced and restricted to under half of their current spatial extent, including catchment N20A. In 1992, the bison herd was given access to its current 1012 ha area, including catchment N20B. The herd increased to an average of 270 adults with the goal of a grazing rate of ~25% removal of aboveground production each year",likely kept artifically constant,0.26 Bison bison,0,individuals,hectare,28,,10220,2,2020,cumulative,diversity,vegetation,plants,,,higher_level,all plants,species richness ,number of species,T,mean,SD,Fig_S2,Fig S2A,36.74,4.78,40,26.23,3.99,40,lowland,,JT
dp_4,Noble et al 2025 Ecological Applications,Native megafauna (Bison bison) act as a surprising inhibitor of cedar tree expansion in a Great Plains grassland,https://doi.org/10.1002/eap.70108,Semi-Domestic,"Bison introduced 1920 to current range, herd size of 270 adults with goal of grating ~25 % aboveground production each year","most data not usable, some sspeces richness and soil metrics n supplement","Paired with burning, but both control and treatment standardized","This study took place at Konza Prairie Biological Station (KPBS), a 3487-ha native tallgrass prairie located in northeastern Kansas, USA (39°05′ N, 96°35′ W). KPBS is a National Science Foundation long-term ecological research (LTER) in the Flint Hills ecoregion of the Central Great Plains, the largest expanse of unplowed tallgrass prairie in North America",Population size likely artifically managed,distal comparison with and without,with_introduction,1012,1,10120000,1,10,40 per treatment and catchment type,,,plot,North America,39.08339354,-96.5832714,reasonable ,Konza Prairie Biological Station,Bison bison,,"In 1987, 30 bison were introduced and restricted to under half of their current spatial extent, including catchment N20A. In 1992, the bison herd was given access to its current 1012 ha area, including catchment N20B. The herd increased to an average of 270 adults with the goal of a grazing rate of ~25% removal of aboveground production each year",likely kept artifically constant,0.26 Bison bison,0,individuals,hectare,28,,10220,2,2020,cumulative,diversity,vegetation,plants,,,higher_level,all plants,species richness ,number of species,T,mean,SD,Fig_S2,Fig S2A,51.81,4.3,40,26.12,4.57,40,upland,,JT
dp_5,Noble et al 2025 Ecological Applications,Native megafauna (Bison bison) act as a surprising inhibitor of cedar tree expansion in a Great Plains grassland,https://doi.org/10.1002/eap.70108,Semi-Domestic,"Bison introduced 1920 to current range, herd size of 270 adults with goal of grating ~25 % aboveground production each year","most data not usable, some sspeces richness and soil metrics n supplement","Paired with burning, but both control and treatment standardized","This study took place at Konza Prairie Biological Station (KPBS), a 3487-ha native tallgrass prairie located in northeastern Kansas, USA (39°05′ N, 96°35′ W). KPBS is a National Science Foundation long-term ecological research (LTER) in the Flint Hills ecoregion of the Central Great Plains, the largest expanse of unplowed tallgrass prairie in North America",Population size likely artifically managed,distal comparison with and without,with_introduction,1012,1,10120000,1,10,40 per treatment and catchment type,,,plot,North America,39.08339354,-96.5832714,reasonable ,Konza Prairie Biological Station,Bison bison,,"In 1987, 30 bison were introduced and restricted to under half of their current spatial extent, including catchment N20A. In 1992, the bison herd was given access to its current 1012 ha area, including catchment N20B. The herd increased to an average of 270 adults with the goal of a grazing rate of ~25% removal of aboveground production each year",likely kept artifically constant,0.26 Bison bison,0,individuals,hectare,2,,730,1,1994,cumulative,diversity,vegetation,plants,,,higher_level,all plants,eveness,,T,mean,SD,Fig_S2,Fig S2B,0.6885185,0.06699045,40,0.7244444,0.05230772,40,lowland,,JT
dp_6,Noble et al 2025 Ecological Applications,Native megafauna (Bison bison) act as a surprising inhibitor of cedar tree expansion in a Great Plains grassland,https://doi.org/10.1002/eap.70108,Semi-Domestic,"Bison introduced 1920 to current range, herd size of 270 adults with goal of grating ~25 % aboveground production each year","most data not usable, some sspeces richness and soil metrics n supplement","Paired with burning, but both control and treatment standardized","This study took place at Konza Prairie Biological Station (KPBS), a 3487-ha native tallgrass prairie located in northeastern Kansas, USA (39°05′ N, 96°35′ W). KPBS is a National Science Foundation long-term ecological research (LTER) in the Flint Hills ecoregion of the Central Great Plains, the largest expanse of unplowed tallgrass prairie in North America",Population size likely artifically managed,distal comparison with and without,with_introduction,1012,1,10120000,1,10,40 per treatment and catchment type,,,plot,North America,39.08339354,-96.5832714,reasonable ,Konza Prairie Biological Station,Bison bison,,"In 1987, 30 bison were introduced and restricted to under half of their current spatial extent, including catchment N20A. In 1992, the bison herd was given access to its current 1012 ha area, including catchment N20B. The herd increased to an average of 270 adults with the goal of a grazing rate of ~25% removal of aboveground production each year",likely kept artifically constant,0.26 Bison bison,0,individuals,hectare,2,,730,1,1994,cumulative,diversity,vegetation,plants,,,higher_level,all plants,eveness,,T,mean,SD,Fig_S2,Fig S2B,0.6840741,0.09530517,40,0.6744444,0.07868765,40,upland,,JT
dp_7,Noble et al 2025 Ecological Applications,Native megafauna (Bison bison) act as a surprising inhibitor of cedar tree expansion in a Great Plains grassland,https://doi.org/10.1002/eap.70108,Semi-Domestic,"Bison introduced 1920 to current range, herd size of 270 adults with goal of grating ~25 % aboveground production each year","most data not usable, some sspeces richness and soil metrics n supplement","Paired with burning, but both control and treatment standardized","This study took place at Konza Prairie Biological Station (KPBS), a 3487-ha native tallgrass prairie located in northeastern Kansas, USA (39°05′ N, 96°35′ W). KPBS is a National Science Foundation long-term ecological research (LTER) in the Flint Hills ecoregion of the Central Great Plains, the largest expanse of unplowed tallgrass prairie in North America",Population size likely artifically managed,distal comparison with and without,with_introduction,1012,1,10120000,1,10,40 per treatment and catchment type,,,plot,North America,39.08339354,-96.5832714,reasonable ,Konza Prairie Biological Station,Bison bison,,"In 1987, 30 bison were introduced and restricted to under half of their current spatial extent, including catchment N20A. In 1992, the bison herd was given access to its current 1012 ha area, including catchment N20B. The herd increased to an average of 270 adults with the goal of a grazing rate of ~25% removal of aboveground production each year",likely kept artifically constant,0.26 Bison bison,0,individuals,hectare,28,,10220,2,2020,cumulative,diversity,vegetation,plants,,,higher_level,all plants,eveness,,T,mean,SD,Fig_S2,Fig S2B,0.6348148,0.09179677,40,0.6144444,0.07273928,40,lowland,,JT
dp_8,Noble et al 2025 Ecological Applications,Native megafauna (Bison bison) act as a surprising inhibitor of cedar tree expansion in a Great Plains grassland,https://doi.org/10.1002/eap.70108,Semi-Domestic,"Bison introduced 1920 to current range, herd size of 270 adults with goal of grating ~25 % aboveground production each year","most data not usable, some sspeces richness and soil metrics n supplement","Paired with burning, but both control and treatment standardized","This study took place at Konza Prairie Biological Station (KPBS), a 3487-ha native tallgrass prairie located in northeastern Kansas, USA (39°05′ N, 96°35′ W). KPBS is a National Science Foundation long-term ecological research (LTER) in the Flint Hills ecoregion of the Central Great Plains, the largest expanse of unplowed tallgrass prairie in North America",Population size likely artifically managed,distal comparison with and without,with_introduction,1012,1,10120000,1,10,40 per treatment and catchment type,,,plot,North America,39.08339354,-96.5832714,reasonable ,Konza Prairie Biological Station,Bison bison,,"In 1987, 30 bison were introduced and restricted to under half of their current spatial extent, including catchment N20A. In 1992, the bison herd was given access to its current 1012 ha area, including catchment N20B. The herd increased to an average of 270 adults with the goal of a grazing rate of ~25% removal of aboveground production each year",likely kept artifically constant,0.26 Bison bison,0,individuals,hectare,28,,10220,2,2020,cumulative,diversity,vegetation,plants,,,higher_level,all plants,eveness,,T,mean,SD,Fig_S2,Fig S2B,0.7096296,0.05523769,40,0.6003704,0.12365526,40,upland,,JT
dp_9,Noble et al 2025 Ecological Applications,Native megafauna (Bison bison) act as a surprising inhibitor of cedar tree expansion in a Great Plains grassland,https://doi.org/10.1002/eap.70108,Semi-Domestic,"Bison introduced 1920 to current range, herd size of 270 adults with goal of grating ~25 % aboveground production each year","most data not usable, some sspeces richness and soil metrics n supplement","Paired with burning, but both control and treatment standardized","This study took place at Konza Prairie Biological Station (KPBS), a 3487-ha native tallgrass prairie located in northeastern Kansas, USA (39°05′ N, 96°35′ W). KPBS is a National Science Foundation long-term ecological research (LTER) in the Flint Hills ecoregion of the Central Great Plains, the largest expanse of unplowed tallgrass prairie in North America",Population size likely artifically managed,distal comparison with and without,with_introduction,1012,1,10120000,1,10,40 per treatment and catchment type,,,plot,North America,39.08339354,-96.5832714,reasonable ,Konza Prairie Biological Station,Bison bison,,"In 1987, 30 bison were introduced and restricted to under half of their current spatial extent, including catchment N20A. In 1992, the bison herd was given access to its current 1012 ha area, including catchment N20B. The herd increased to an average of 270 adults with the goal of a grazing rate of ~25% removal of aboveground production each year",likely kept artifically constant,0.26 Bison bison,0,individuals,hectare,2,,730,1,1994,cumulative,diversity,vegetation,plants,,,higher_level,all plants,exponential shannon index,,T,mean,SD,Fig_S2,Fig S2C,10.1215278,2.39260648,40,9.5833333,1.72306018,40,lowland,,JT
dp_10,Noble et al 2025 Ecological Applications,Native megafauna (Bison bison) act as a surprising inhibitor of cedar tree expansion in a Great Plains grassland,https://doi.org/10.1002/eap.70108,Semi-Domestic,"Bison introduced 1920 to current range, herd size of 270 adults with goal of grating ~25 % aboveground production each year","most data not usable, some sspeces richness and soil metrics n supplement","Paired with burning, but both control and treatment standardized","This study took place at Konza Prairie Biological Station (KPBS), a 3487-ha native tallgrass prairie located in northeastern Kansas, USA (39°05′ N, 96°35′ W). KPBS is a National Science Foundation long-term ecological research (LTER) in the Flint Hills ecoregion of the Central Great Plains, the largest expanse of unplowed tallgrass prairie in North America",Population size likely artifically managed,distal comparison with and without,with_introduction,1012,1,10120000,1,10,40 per treatment and catchment type,,,plot,North America,39.08339354,-96.5832714,reasonable ,Konza Prairie Biological Station,Bison bison,,"In 1987, 30 bison were introduced and restricted to under half of their current spatial extent, including catchment N20A. In 1992, the bison herd was given access to its current 1012 ha area, including catchment N20B. The herd increased to an average of 270 adults with the goal of a grazing rate of ~25% removal of aboveground production each year",likely kept artifically constant,0.26 Bison bison,0,individuals,hectare,2,,730,1,1994,cumulative,diversity,vegetation,plants,,,higher_level,all plants,exponential shannon index,,T,mean,SD,Fig_S2,Fig S2C,8.8368056,2.34939077,40,7.9166667,1.58488879,40,upland,,JT
dp_11,Noble et al 2025 Ecological Applications,Native megafauna (Bison bison) act as a surprising inhibitor of cedar tree expansion in a Great Plains grassland,https://doi.org/10.1002/eap.70108,Semi-Domestic,"Bison introduced 1920 to current range, herd size of 270 adults with goal of grating ~25 % aboveground production each year","most data not usable, some sspeces richness and soil metrics n supplement","Paired with burning, but both control and treatment standardized","This study took place at Konza Prairie Biological Station (KPBS), a 3487-ha native tallgrass prairie located in northeastern Kansas, USA (39°05′ N, 96°35′ W). KPBS is a National Science Foundation long-term ecological research (LTER) in the Flint Hills ecoregion of the Central Great Plains, the largest expanse of unplowed tallgrass prairie in North America",Population size likely artifically managed,distal comparison with and without,with_introduction,1012,1,10120000,1,10,40 per treatment and catchment type,,,plot,North America,39.08339354,-96.5832714,reasonable ,Konza Prairie Biological Station,Bison bison,,"In 1987, 30 bison were introduced and restricted to under half of their current spatial extent, including catchment N20A. In 1992, the bison herd was given access to its current 1012 ha area, including catchment N20B. The herd increased to an average of 270 adults with the goal of a grazing rate of ~25% removal of aboveground production each year",likely kept artifically constant,0.26 Bison bison,0,individuals,hectare,28,,10220,2,2020,cumulative,diversity,vegetation,plants,,,higher_level,all plants,exponential shannon index,,T,mean,SD,Fig_S2,Fig S2C,11.0069444,4.17498464,40,7.7951389,2.43499322,40,lowland,,JT
dp_12,Noble et al 2025 Ecological Applications,Native megafauna (Bison bison) act as a surprising inhibitor of cedar tree expansion in a Great Plains grassland,https://doi.org/10.1002/eap.70108,Semi-Domestic,"Bison introduced 1920 to current range, herd size of 270 adults with goal of grating ~25 % aboveground production each year","most data not usable, some sspeces richness and soil metrics n supplement","Paired with burning, but both control and treatment standardized","This study took place at Konza Prairie Biological Station (KPBS), a 3487-ha native tallgrass prairie located in northeastern Kansas, USA (39°05′ N, 96°35′ W). KPBS is a National Science Foundation long-term ecological research (LTER) in the Flint Hills ecoregion of the Central Great Plains, the largest expanse of unplowed tallgrass prairie in North America",Population size likely artifically managed,distal comparison with and without,with_introduction,1012,1,10120000,1,10,40 per treatment and catchment type,,,plot,North America,39.08339354,-96.5832714,reasonable ,Konza Prairie Biological Station,Bison bison,,"In 1987, 30 bison were introduced and restricted to under half of their current spatial extent, including catchment N20A. In 1992, the bison herd was given access to its current 1012 ha area, including catchment N20B. The herd increased to an average of 270 adults with the goal of a grazing rate of ~25% removal of aboveground production each year",likely kept artifically constant,0.26 Bison bison,0,individuals,hectare,28,,10220,2,2020,cumulative,diversity,vegetation,plants,,,higher_level,all plants,exponential shannon index,,T,mean,SD,Fig_S2,Fig S2C,16.8576389,4.76828172,40,7.9513889,3.27491545,40,upland,,JT
dp_13,Kaštovská et al 2025 Science of The Total Environment,Trophic rewilding by large herbivores reduces plant nitrogen and water limitation across seven sites irrespective of their edaphic conditions,https://doi.org/10.1016/j.scitotenv.2025.179141,Mix,Rewilding in six areas for a couple of years,,each area compared with one nearby control ,Unkown ,"no feeding or drugs, but likely population control somehow",distal comparison with and without,with_introduction,100,1,1000000,1,10000,4 per treatment ,,,plot,Europe,50.237,14.889,,MBV,Equus caballus; Bos taurus,,"Introduced 3/2015, smaller herbivores such as roe deer have free access to control and treatment ",likely kept artifically constant,0.25 Equus caballus; 0.09 Bos taurus,0,individuals,hectare,7,,2555,1,2022,cumulative,soil_nutrients,soil,soil,soil depth up to 10cm,,higher_level,soil,Dissolved N,mg/g,T,mean,SD,,,19.3,4.1,4,14.6,0.3,4,,,JT
dp_14,Kaštovská et al 2025 Science of The Total Environment,Trophic rewilding by large herbivores reduces plant nitrogen and water limitation across seven sites irrespective of their edaphic conditions,https://doi.org/10.1016/j.scitotenv.2025.179141,Mix,Rewilding in six areas for a couple of years,,each area compared with one nearby control ,Unkown ,"no feeding or drugs, but likely population control somehow",distal comparison with and without,with_introduction,250,1,2500000,1,10000,4 per treatment ,,,plot,Europe,50.279,14.882,,MTR,Equus caballus; Bison bonasus; Bos taurus,,"Introduced 12/2015, smaller herbivores such as roe deer have free access to control and treatment ",likely kept artifically constant,0.16 Equus caballus; 0.12 Bison bonasus; 0.02 Bos taurus,0,individuals,hectare,7,,2555,1,2022,cumulative,soil_nutrients,soil,soil,soil depth up to 10cm,,higher_level,soil,Dissolved N,mg/g,T,mean,SD,,,12.2,1.2,4,14.3,1,4,,,JT
dp_15,Kaštovská et al 2025 Science of The Total Environment,Trophic rewilding by large herbivores reduces plant nitrogen and water limitation across seven sites irrespective of their edaphic conditions,https://doi.org/10.1016/j.scitotenv.2025.179141,Mix,Rewilding in six areas for a couple of years,,each area compared with one nearby control ,Unkown ,"no feeding or drugs, but likely population control somehow",distal comparison with and without,with_introduction,30,1,300000,1,10000,4 per treatment ,,,plot,Europe,49.664,13.317,,DOB,Equus caballus,,"Introduced 1/2018, smaller herbivores such as roe deer have free access to control and treatment ",likely kept artifically constant,0.2 Equus caballus,0,individuals,hectare,4,,1460,1,2022,cumulative,soil_nutrients,soil,soil,soil depth up to 10cm,,higher_level,soil,Dissolved N,mg/g,T,mean,SD,,,12,3,4,13.6,4.1,4,,,JT
dp_16,Kaštovská et al 2025 Science of The Total Environment,Trophic rewilding by large herbivores reduces plant nitrogen and water limitation across seven sites irrespective of their edaphic conditions,https://doi.org/10.1016/j.scitotenv.2025.179141,Mix,Rewilding in six areas for a couple of years,,each area compared with one nearby control ,Unkown ,"no feeding or drugs, but likely population control somehow",distal comparison with and without,with_introduction,35,1,350000,1,10000,4 per treatment ,,,plot,Europe,48.81,15.992,,HAV,Equus caballus,,"Introduced 5/2018, smaller herbivores such as roe deer have free access to control and treatment ",likely kept artifically constant,0.23 Equus caballus,0,individuals,hectare,4,,1460,1,2022,cumulative,soil_nutrients,soil,soil,soil depth up to 10cm,,higher_level,soil,Dissolved N,mg/g,T,mean,SD,,,29.2,5.2,4,18.1,3.4,4,,,JT
dp_17,Kaštovská et al 2025 Science of The Total Environment,Trophic rewilding by large herbivores reduces plant nitrogen and water limitation across seven sites irrespective of their edaphic conditions,https://doi.org/10.1016/j.scitotenv.2025.179141,Mix,Rewilding in six areas for a couple of years,,each area compared with one nearby control ,Unkown ,"no feeding or drugs, but likely population control somehow",distal comparison with and without,with_introduction,29,1,290000,1,10000,4 per treatment ,,,plot,Europe,48.845,15.971,,MAS,Equus caballus,,"Introduced 5/2018, smaller herbivores such as roe deer have free access to control and treatment ",likely kept artifically constant,0.31 Equus caballus,0,individuals,hectare,4,,1460,1,2022,cumulative,soil_nutrients,soil,soil,soil depth up to 10cm,,higher_level,soil,Dissolved N,mg/g,T,mean,SD,,,16.4,1.1,4,17.9,2.7,4,,,JT
dp_18,Kaštovská et al 2025 Science of The Total Environment,Trophic rewilding by large herbivores reduces plant nitrogen and water limitation across seven sites irrespective of their edaphic conditions,https://doi.org/10.1016/j.scitotenv.2025.179141,Mix,Rewilding in six areas for a couple of years,,each area compared with one nearby control ,Unkown ,"no feeding or drugs, but likely population control somehow",distal comparison with and without,with_introduction,18,1,180000,1,10000,4 per treatment ,,,plot,Europe,50.1878,15.861,,HRK,Equus caballus,,"Introduced 1/2018, smaller herbivores such as roe deer have free access to control and treatment ",likely kept artifically constant,0.17 Equus caballus,0,individuals,hectare,4,,1460,1,2022,cumulative,soil_nutrients,soil,soil,soil depth up to 10cm,,higher_level,soil,Dissolved N,mg/g,T,mean,SD,,,11.2,1.2,4,10.5,2.6,4,,,JT
dp_19,Kaštovská et al 2025 Science of The Total Environment,Trophic rewilding by large herbivores reduces plant nitrogen and water limitation across seven sites irrespective of their edaphic conditions,https://doi.org/10.1016/j.scitotenv.2025.179141,Mix,Rewilding in six areas for a couple of years,,each area compared with one nearby control ,Unkown ,"no feeding or drugs, but likely population control somehow",distal comparison with and without,with_introduction,100,1,1000000,1,10000,4 per treatment ,,,plot,Europe,50.237,14.889,,MBV,Equus caballus; Bos taurus,,"Introduced 3/2015, smaller herbivores such as roe deer have free access to control and treatment ",likely kept artifically constant,0.25 Equus caballus; 0.09 Bos taurus,0,individuals,hectare,7,,2555,1,2022,cumulative,soil_nutrients,soil,soil,soil depth up to 10cm,,higher_level,soil,Dissolved NH4-N,ng/g,T,mean,SD,,,633,51,4,633,43,4,,,JT
dp_20,Kaštovská et al 2025 Science of The Total Environment,Trophic rewilding by large herbivores reduces plant nitrogen and water limitation across seven sites irrespective of their edaphic conditions,https://doi.org/10.1016/j.scitotenv.2025.179141,Mix,Rewilding in six areas for a couple of years,,each area compared with one nearby control ,Unkown ,"no feeding or drugs, but likely population control somehow",distal comparison with and without,with_introduction,250,1,2500000,1,10000,4 per treatment ,,,plot,Europe,50.279,14.882,,MTR,Equus caballus; Bison bonasus; Bos taurus,,"Introduced 12/2015, smaller herbivores such as roe deer have free access to control and treatment ",likely kept artifically constant,0.16 Equus caballus; 0.12 Bison bonasus; 0.02 Bos taurus,0,individuals,hectare,7,,2555,1,2022,cumulative,soil_nutrients,soil,soil,soil depth up to 10cm,,higher_level,soil,Dissolved NH4-N,ng/g,T,mean,SD,,,649,148,4,598,55,4,,,JT
dp_21,Kaštovská et al 2025 Science of The Total Environment,Trophic rewilding by large herbivores reduces plant nitrogen and water limitation across seven sites irrespective of their edaphic conditions,https://doi.org/10.1016/j.scitotenv.2025.179141,Mix,Rewilding in six areas for a couple of years,,each area compared with one nearby control ,Unkown ,"no feeding or drugs, but likely population control somehow",distal comparison with and without,with_introduction,30,1,300000,1,10000,4 per treatment ,,,plot,Europe,49.664,13.317,,DOB,Equus caballus,,"Introduced 1/2018, smaller herbivores such as roe deer have free access to control and treatment ",likely kept artifically constant,0.2 Equus caballus,0,individuals,hectare,4,,1460,1,2022,cumulative,soil_nutrients,soil,soil,soil depth up to 10cm,,higher_level,soil,Dissolved NH4-N,ng/g,T,mean,SD,,,1205,75,4,951,248,4,,,JT
dp_22,Kaštovská et al 2025 Science of The Total Environment,Trophic rewilding by large herbivores reduces plant nitrogen and water limitation across seven sites irrespective of their edaphic conditions,https://doi.org/10.1016/j.scitotenv.2025.179141,Mix,Rewilding in six areas for a couple of years,,each area compared with one nearby control ,Unkown ,"no feeding or drugs, but likely population control somehow",distal comparison with and without,with_introduction,35,1,350000,1,10000,4 per treatment ,,,plot,Europe,48.81,15.992,,HAV,Equus caballus,,"Introduced 5/2018, smaller herbivores such as roe deer have free access to control and treatment ",likely kept artifically constant,0.23 Equus caballus,0,individuals,hectare,4,,1460,1,2022,cumulative,soil_nutrients,soil,soil,soil depth up to 10cm,,higher_level,soil,Dissolved NH4-N,ng/g,T,mean,SD,,,878,57,4,1050,286,4,,,JT
dp_23,Kaštovská et al 2025 Science of The Total Environment,Trophic rewilding by large herbivores reduces plant nitrogen and water limitation across seven sites irrespective of their edaphic conditions,https://doi.org/10.1016/j.scitotenv.2025.179141,Mix,Rewilding in six areas for a couple of years,,each area compared with one nearby control ,Unkown ,"no feeding or drugs, but likely population control somehow",distal comparison with and without,with_introduction,29,1,290000,1,10000,4 per treatment ,,,plot,Europe,48.845,15.971,,MAS,Equus caballus,,"Introduced 5/2018, smaller herbivores such as roe deer have free access to control and treatment ",likely kept artifically constant,0.31 Equus caballus,0,individuals,hectare,4,,1460,1,2022,cumulative,soil_nutrients,soil,soil,soil depth up to 10cm,,higher_level,soil,Dissolved NH4-N,ng/g,T,mean,SD,,,828,74,4,749,22,4,,,JT
dp_24,Kaštovská et al 2025 Science of The Total Environment,Trophic rewilding by large herbivores reduces plant nitrogen and water limitation across seven sites irrespective of their edaphic conditions,https://doi.org/10.1016/j.scitotenv.2025.179141,Mix,Rewilding in six areas for a couple of years,,each area compared with one nearby control ,Unkown ,"no feeding or drugs, but likely population control somehow",distal comparison with and without,with_introduction,18,1,180000,1,10000,4 per treatment ,,,plot,Europe,50.1878,15.861,,HRK,Equus caballus,,"Introduced 1/2018, smaller herbivores such as roe deer have free access to control and treatment ",likely kept artifically constant,0.17 Equus caballus,0,individuals,hectare,4,,1460,1,2022,cumulative,soil_nutrients,soil,soil,soil depth up to 10cm,,higher_level,soil,Dissolved NH4-N,ng/g,T,mean,SD,,,842,304,4,779,122,4,,,JT
dp_25,Kaštovská et al 2025 Science of The Total Environment,Trophic rewilding by large herbivores reduces plant nitrogen and water limitation across seven sites irrespective of their edaphic conditions,https://doi.org/10.1016/j.scitotenv.2025.179141,Mix,Rewilding in six areas for a couple of years,,each area compared with one nearby control ,Unkown ,"no feeding or drugs, but likely population control somehow",distal comparison with and without,with_introduction,100,1,1000000,1,10000,4 per treatment ,,,plot,Europe,50.237,14.889,,MBV,Equus caballus; Bos taurus,,"Introduced 3/2015, smaller herbivores such as roe deer have free access to control and treatment ",likely kept artifically constant,0.25 Equus caballus; 0.09 Bos taurus,0,individuals,hectare,7,,2555,1,2022,cumulative,soil_nutrients,soil,soil,soil depth up to 10cm,,higher_level,soil,Dissolved NO3-N,ng/g,T,mean,SD,,,1557,618,4,1790,644,4,,,JT
dp_26,Kaštovská et al 2025 Science of The Total Environment,Trophic rewilding by large herbivores reduces plant nitrogen and water limitation across seven sites irrespective of their edaphic conditions,https://doi.org/10.1016/j.scitotenv.2025.179141,Mix,Rewilding in six areas for a couple of years,,each area compared with one nearby control ,Unkown ,"no feeding or drugs, but likely population control somehow",distal comparison with and without,with_introduction,250,1,2500000,1,10000,4 per treatment ,,,plot,Europe,50.279,14.882,,MTR,Equus caballus; Bison bonasus; Bos taurus,,"Introduced 12/2015, smaller herbivores such as roe deer have free access to control and treatment ",likely kept artifically constant,0.16 Equus caballus; 0.12 Bison bonasus; 0.02 Bos taurus,0,individuals,hectare,7,,2555,1,2022,cumulative,soil_nutrients,soil,soil,soil depth up to 10cm,,higher_level,soil,Dissolved NO3-N,ng/g,T,mean,SD,,,968,197,4,1900,524,4,,,JT
dp_27,Kaštovská et al 2025 Science of The Total Environment,Trophic rewilding by large herbivores reduces plant nitrogen and water limitation across seven sites irrespective of their edaphic conditions,https://doi.org/10.1016/j.scitotenv.2025.179141,Mix,Rewilding in six areas for a couple of years,,each area compared with one nearby control ,Unkown ,"no feeding or drugs, but likely population control somehow",distal comparison with and without,with_introduction,30,1,300000,1,10000,4 per treatment ,,,plot,Europe,49.664,13.317,,DOB,Equus caballus,,"Introduced 1/2018, smaller herbivores such as roe deer have free access to control and treatment ",likely kept artifically constant,0.2 Equus caballus,0,individuals,hectare,4,,1460,1,2022,cumulative,soil_nutrients,soil,soil,soil depth up to 10cm,,higher_level,soil,Dissolved NO3-N,ng/g,T,mean,SD,,,1761,872,4,1934,808,4,,,JT
dp_28,Kaštovská et al 2025 Science of The Total Environment,Trophic rewilding by large herbivores reduces plant nitrogen and water limitation across seven sites irrespective of their edaphic conditions,https://doi.org/10.1016/j.scitotenv.2025.179141,Mix,Rewilding in six areas for a couple of years,,each area compared with one nearby control ,Unkown ,"no feeding or drugs, but likely population control somehow",distal comparison with and without,with_introduction,35,1,350000,1,10000,4 per treatment ,,,plot,Europe,48.81,15.992,,HAV,Equus caballus,,"Introduced 5/2018, smaller herbivores such as roe deer have free access to control and treatment ",likely kept artifically constant,0.23 Equus caballus,0,individuals,hectare,4,,1460,1,2022,cumulative,soil_nutrients,soil,soil,soil depth up to 10cm,,higher_level,soil,Dissolved NO3-N,ng/g,T,mean,SD,,,1233,585,4,1075,379,4,,,JT
dp_29,Kaštovská et al 2025 Science of The Total Environment,Trophic rewilding by large herbivores reduces plant nitrogen and water limitation across seven sites irrespective of their edaphic conditions,https://doi.org/10.1016/j.scitotenv.2025.179141,Mix,Rewilding in six areas for a couple of years,,each area compared with one nearby control ,Unkown ,"no feeding or drugs, but likely population control somehow",distal comparison with and without,with_introduction,29,1,290000,1,10000,4 per treatment ,,,plot,Europe,48.845,15.971,,MAS,Equus caballus,,"Introduced 5/2018, smaller herbivores such as roe deer have free access to control and treatment ",likely kept artifically constant,0.31 Equus caballus,0,individuals,hectare,4,,1460,1,2022,cumulative,soil_nutrients,soil,soil,soil depth up to 10cm,,higher_level,soil,Dissolved NO3-N,ng/g,T,mean,SD,,,983,429,4,676,176,4,,,JT
dp_30,Kaštovská et al 2025 Science of The Total Environment,Trophic rewilding by large herbivores reduces plant nitrogen and water limitation across seven sites irrespective of their edaphic conditions,https://doi.org/10.1016/j.scitotenv.2025.179141,Mix,Rewilding in six areas for a couple of years,,each area compared with one nearby control ,Unkown ,"no feeding or drugs, but likely population control somehow",distal comparison with and without,with_introduction,18,1,180000,1,10000,4 per treatment ,,,plot,Europe,50.1878,15.861,,HRK,Equus caballus,,"Introduced 1/2018, smaller herbivores such as roe deer have free access to control and treatment ",likely kept artifically constant,0.17 Equus caballus,0,individuals,hectare,4,,1460,1,2022,cumulative,soil_nutrients,soil,soil,soil depth up to 10cm,,higher_level,soil,Dissolved NO3-N,ng/g,T,mean,SD,,,983,549,4,1722,677,4,,,JT
dp_31,Kaštovská et al 2025 Science of The Total Environment,Trophic rewilding by large herbivores reduces plant nitrogen and water limitation across seven sites irrespective of their edaphic conditions,https://doi.org/10.1016/j.scitotenv.2025.179141,Mix,Rewilding in six areas for a couple of years,,each area compared with one nearby control ,Unkown ,"no feeding or drugs, but likely population control somehow",distal comparison with and without,with_introduction,100,1,1000000,1,10000,4 per treatment ,,,plot,Europe,50.237,14.889,,MBV,Equus caballus; Bos taurus,,"Introduced 3/2015, smaller herbivores such as roe deer have free access to control and treatment ",likely kept artifically constant,0.25 Equus caballus; 0.09 Bos taurus,0,individuals,hectare,7,,2555,1,2022,cumulative,soil_nutrients,soil,soil,soil depth up to 10cm,,higher_level,soil,Dissolved org. C,mg/g,T,mean,SD,,,134,45,4,92,9,4,,,JT
dp_32,Kaštovská et al 2025 Science of The Total Environment,Trophic rewilding by large herbivores reduces plant nitrogen and water limitation across seven sites irrespective of their edaphic conditions,https://doi.org/10.1016/j.scitotenv.2025.179141,Mix,Rewilding in six areas for a couple of years,,each area compared with one nearby control ,Unkown ,"no feeding or drugs, but likely population control somehow",distal comparison with and without,with_introduction,250,1,2500000,1,10000,4 per treatment ,,,plot,Europe,50.279,14.882,,MTR,Equus caballus; Bison bonasus; Bos taurus,,"Introduced 12/2015, smaller herbivores such as roe deer have free access to control and treatment ",likely kept artifically constant,0.16 Equus caballus; 0.12 Bison bonasus; 0.02 Bos taurus,0,individuals,hectare,7,,2555,1,2022,cumulative,soil_nutrients,soil,soil,soil depth up to 10cm,,higher_level,soil,Dissolved org. C,mg/g,T,mean,SD,,,101,9,4,91,8,4,,,JT
dp_33,Kaštovská et al 2025 Science of The Total Environment,Trophic rewilding by large herbivores reduces plant nitrogen and water limitation across seven sites irrespective of their edaphic conditions,https://doi.org/10.1016/j.scitotenv.2025.179141,Mix,Rewilding in six areas for a couple of years,,each area compared with one nearby control ,Unkown ,"no feeding or drugs, but likely population control somehow",distal comparison with and without,with_introduction,30,1,300000,1,10000,4 per treatment ,,,plot,Europe,49.664,13.317,,DOB,Equus caballus,,"Introduced 1/2018, smaller herbivores such as roe deer have free access to control and treatment ",likely kept artifically constant,0.2 Equus caballus,0,individuals,hectare,4,,1460,1,2022,cumulative,soil_nutrients,soil,soil,soil depth up to 10cm,,higher_level,soil,Dissolved org. C,mg/g,T,mean,SD,,,79,19,4,107,38,4,,,JT
dp_34,Kaštovská et al 2025 Science of The Total Environment,Trophic rewilding by large herbivores reduces plant nitrogen and water limitation across seven sites irrespective of their edaphic conditions,https://doi.org/10.1016/j.scitotenv.2025.179141,Mix,Rewilding in six areas for a couple of years,,each area compared with one nearby control ,Unkown ,"no feeding or drugs, but likely population control somehow",distal comparison with and without,with_introduction,35,1,350000,1,10000,4 per treatment ,,,plot,Europe,48.81,15.992,,HAV,Equus caballus,,"Introduced 5/2018, smaller herbivores such as roe deer have free access to control and treatment ",likely kept artifically constant,0.23 Equus caballus,0,individuals,hectare,4,,1460,1,2022,cumulative,soil_nutrients,soil,soil,soil depth up to 10cm,,higher_level,soil,Dissolved org. C,mg/g,T,mean,SD,,,199,38,4,102,18,4,,,JT
dp_35,Kaštovská et al 2025 Science of The Total Environment,Trophic rewilding by large herbivores reduces plant nitrogen and water limitation across seven sites irrespective of their edaphic conditions,https://doi.org/10.1016/j.scitotenv.2025.179141,Mix,Rewilding in six areas for a couple of years,,each area compared with one nearby control ,Unkown ,"no feeding or drugs, but likely population control somehow",distal comparison with and without,with_introduction,29,1,290000,1,10000,4 per treatment ,,,plot,Europe,48.845,15.971,,MAS,Equus caballus,,"Introduced 5/2018, smaller herbivores such as roe deer have free access to control and treatment ",likely kept artifically constant,0.31 Equus caballus,0,individuals,hectare,4,,1460,1,2022,cumulative,soil_nutrients,soil,soil,soil depth up to 10cm,,higher_level,soil,Dissolved org. C,mg/g,T,mean,SD,,,93,9,4,101,13,4,,,JT
dp_36,Kaštovská et al 2025 Science of The Total Environment,Trophic rewilding by large herbivores reduces plant nitrogen and water limitation across seven sites irrespective of their edaphic conditions,https://doi.org/10.1016/j.scitotenv.2025.179141,Mix,Rewilding in six areas for a couple of years,,each area compared with one nearby control ,Unkown ,"no feeding or drugs, but likely population control somehow",distal comparison with and without,with_introduction,18,1,180000,1,10000,4 per treatment ,,,plot,Europe,50.1878,15.861,,HRK,Equus caballus,,"Introduced 1/2018, smaller herbivores such as roe deer have free access to control and treatment ",likely kept artifically constant,0.17 Equus caballus,0,individuals,hectare,4,,1460,1,2022,cumulative,soil_nutrients,soil,soil,soil depth up to 10cm,,higher_level,soil,Dissolved org. C,mg/g,T,mean,SD,,,84,5,4,82,11,4,,,JT
dp_37,Kaštovská et al 2025 Science of The Total Environment,Trophic rewilding by large herbivores reduces plant nitrogen and water limitation across seven sites irrespective of their edaphic conditions,https://doi.org/10.1016/j.scitotenv.2025.179141,Mix,Rewilding in six areas for a couple of years,,each area compared with one nearby control ,Unkown ,"no feeding or drugs, but likely population control somehow",distal comparison with and without,with_introduction,100,1,1000000,1,10000,4 per treatment ,,,plot,Europe,50.237,14.889,,MBV,Equus caballus; Bos taurus,,"Introduced 3/2015, smaller herbivores such as roe deer have free access to control and treatment ",likely kept artifically constant,0.25 Equus caballus; 0.09 Bos taurus,0,individuals,hectare,7,,2555,1,2022,cumulative,microbial_nutrients,soil,soil,soil depth up to 10cm,,higher_level,soil,Microbial C,mg/g,T,mean,SD,,,566,177,4,609,60,4,,,JT
dp_38,Kaštovská et al 2025 Science of The Total Environment,Trophic rewilding by large herbivores reduces plant nitrogen and water limitation across seven sites irrespective of their edaphic conditions,https://doi.org/10.1016/j.scitotenv.2025.179141,Mix,Rewilding in six areas for a couple of years,,each area compared with one nearby control ,Unkown ,"no feeding or drugs, but likely population control somehow",distal comparison with and without,with_introduction,250,1,2500000,1,10000,4 per treatment ,,,plot,Europe,50.279,14.882,,MTR,Equus caballus; Bison bonasus; Bos taurus,,"Introduced 12/2015, smaller herbivores such as roe deer have free access to control and treatment ",likely kept artifically constant,0.16 Equus caballus; 0.12 Bison bonasus; 0.02 Bos taurus,0,individuals,hectare,7,,2555,1,2022,cumulative,microbial_nutrients,soil,soil,soil depth up to 10cm,,higher_level,soil,Microbial C,mg/g,T,mean,SD,,,346,44,4,242,67,4,,,JT
dp_39,Kaštovská et al 2025 Science of The Total Environment,Trophic rewilding by large herbivores reduces plant nitrogen and water limitation across seven sites irrespective of their edaphic conditions,https://doi.org/10.1016/j.scitotenv.2025.179141,Mix,Rewilding in six areas for a couple of years,,each area compared with one nearby control ,Unkown ,"no feeding or drugs, but likely population control somehow",distal comparison with and without,with_introduction,30,1,300000,1,10000,4 per treatment ,,,plot,Europe,49.664,13.317,,DOB,Equus caballus,,"Introduced 1/2018, smaller herbivores such as roe deer have free access to control and treatment ",likely kept artifically constant,0.2 Equus caballus,0,individuals,hectare,4,,1460,1,2022,cumulative,microbial_nutrients,soil,soil,soil depth up to 10cm,,higher_level,soil,Microbial C,mg/g,T,mean,SD,,,542,159,4,426,209,4,,,JT
dp_40,Kaštovská et al 2025 Science of The Total Environment,Trophic rewilding by large herbivores reduces plant nitrogen and water limitation across seven sites irrespective of their edaphic conditions,https://doi.org/10.1016/j.scitotenv.2025.179141,Mix,Rewilding in six areas for a couple of years,,each area compared with one nearby control ,Unkown ,"no feeding or drugs, but likely population control somehow",distal comparison with and without,with_introduction,35,1,350000,1,10000,4 per treatment ,,,plot,Europe,48.81,15.992,,HAV,Equus caballus,,"Introduced 5/2018, smaller herbivores such as roe deer have free access to control and treatment ",likely kept artifically constant,0.23 Equus caballus,0,individuals,hectare,4,,1460,1,2022,cumulative,microbial_nutrients,soil,soil,soil depth up to 10cm,,higher_level,soil,Microbial C,mg/g,T,mean,SD,,,458,84,4,357,23,4,,,JT
dp_41,Kaštovská et al 2025 Science of The Total Environment,Trophic rewilding by large herbivores reduces plant nitrogen and water limitation across seven sites irrespective of their edaphic conditions,https://doi.org/10.1016/j.scitotenv.2025.179141,Mix,Rewilding in six areas for a couple of years,,each area compared with one nearby control ,Unkown ,"no feeding or drugs, but likely population control somehow",distal comparison with and without,with_introduction,29,1,290000,1,10000,4 per treatment ,,,plot,Europe,48.845,15.971,,MAS,Equus caballus,,"Introduced 5/2018, smaller herbivores such as roe deer have free access to control and treatment ",likely kept artifically constant,0.31 Equus caballus,0,individuals,hectare,4,,1460,1,2022,cumulative,microbial_nutrients,soil,soil,soil depth up to 10cm,,higher_level,soil,Microbial C,mg/g,T,mean,SD,,,497,115,4,374,21,4,,,JT
dp_42,Kaštovská et al 2025 Science of The Total Environment,Trophic rewilding by large herbivores reduces plant nitrogen and water limitation across seven sites irrespective of their edaphic conditions,https://doi.org/10.1016/j.scitotenv.2025.179141,Mix,Rewilding in six areas for a couple of years,,each area compared with one nearby control ,Unkown ,"no feeding or drugs, but likely population control somehow",distal comparison with and without,with_introduction,18,1,180000,1,10000,4 per treatment ,,,plot,Europe,50.1878,15.861,,HRK,Equus caballus,,"Introduced 1/2018, smaller herbivores such as roe deer have free access to control and treatment ",likely kept artifically constant,0.17 Equus caballus,0,individuals,hectare,4,,1460,1,2022,cumulative,microbial_nutrients,soil,soil,soil depth up to 10cm,,higher_level,soil,Microbial C,mg/g,T,mean,SD,,,174,106,4,312,108,4,,,JT
dp_43,Kaštovská et al 2025 Science of The Total Environment,Trophic rewilding by large herbivores reduces plant nitrogen and water limitation across seven sites irrespective of their edaphic conditions,https://doi.org/10.1016/j.scitotenv.2025.179141,Mix,Rewilding in six areas for a couple of years,,each area compared with one nearby control ,Unkown ,"no feeding or drugs, but likely population control somehow",distal comparison with and without,with_introduction,100,1,1000000,1,10000,4 per treatment ,,,plot,Europe,50.237,14.889,,MBV,Equus caballus; Bos taurus,,"Introduced 3/2015, smaller herbivores such as roe deer have free access to control and treatment ",likely kept artifically constant,0.25 Equus caballus; 0.09 Bos taurus,0,individuals,hectare,7,,2555,1,2022,cumulative,microbial_nutrients,soil,soil,soil depth up to 10cm,,higher_level,soil,Microbial C/N ratio,,T,mean,SD,,,6.5,0.29,4,6.58,0.46,4,,,JT
dp_44,Kaštovská et al 2025 Science of The Total Environment,Trophic rewilding by large herbivores reduces plant nitrogen and water limitation across seven sites irrespective of their edaphic conditions,https://doi.org/10.1016/j.scitotenv.2025.179141,Mix,Rewilding in six areas for a couple of years,,each area compared with one nearby control ,Unkown ,"no feeding or drugs, but likely population control somehow",distal comparison with and without,with_introduction,250,1,2500000,1,10000,4 per treatment ,,,plot,Europe,50.279,14.882,,MTR,Equus caballus; Bison bonasus; Bos taurus,,"Introduced 12/2015, smaller herbivores such as roe deer have free access to control and treatment ",likely kept artifically constant,0.16 Equus caballus; 0.12 Bison bonasus; 0.02 Bos taurus,0,individuals,hectare,7,,2555,1,2022,cumulative,microbial_nutrients,soil,soil,soil depth up to 10cm,,higher_level,soil,Microbial C/N ratio,,T,mean,SD,,,4.34,0.39,4,4.46,0.29,4,,,JT
dp_45,Kaštovská et al 2025 Science of The Total Environment,Trophic rewilding by large herbivores reduces plant nitrogen and water limitation across seven sites irrespective of their edaphic conditions,https://doi.org/10.1016/j.scitotenv.2025.179141,Mix,Rewilding in six areas for a couple of years,,each area compared with one nearby control ,Unkown ,"no feeding or drugs, but likely population control somehow",distal comparison with and without,with_introduction,30,1,300000,1,10000,4 per treatment ,,,plot,Europe,49.664,13.317,,DOB,Equus caballus,,"Introduced 1/2018, smaller herbivores such as roe deer have free access to control and treatment ",likely kept artifically constant,0.2 Equus caballus,0,individuals,hectare,4,,1460,1,2022,cumulative,microbial_nutrients,soil,soil,soil depth up to 10cm,,higher_level,soil,Microbial C/N ratio,,T,mean,SD,,,7.31,0.48,4,8.06,0.75,4,,,JT
dp_46,Kaštovská et al 2025 Science of The Total Environment,Trophic rewilding by large herbivores reduces plant nitrogen and water limitation across seven sites irrespective of their edaphic conditions,https://doi.org/10.1016/j.scitotenv.2025.179141,Mix,Rewilding in six areas for a couple of years,,each area compared with one nearby control ,Unkown ,"no feeding or drugs, but likely population control somehow",distal comparison with and without,with_introduction,35,1,350000,1,10000,4 per treatment ,,,plot,Europe,48.81,15.992,,HAV,Equus caballus,,"Introduced 5/2018, smaller herbivores such as roe deer have free access to control and treatment ",likely kept artifically constant,0.23 Equus caballus,0,individuals,hectare,4,,1460,1,2022,cumulative,microbial_nutrients,soil,soil,soil depth up to 10cm,,higher_level,soil,Microbial C/N ratio,,T,mean,SD,,,8.79,0.41,4,7.36,0.34,4,,,JT
dp_47,Kaštovská et al 2025 Science of The Total Environment,Trophic rewilding by large herbivores reduces plant nitrogen and water limitation across seven sites irrespective of their edaphic conditions,https://doi.org/10.1016/j.scitotenv.2025.179141,Mix,Rewilding in six areas for a couple of years,,each area compared with one nearby control ,Unkown ,"no feeding or drugs, but likely population control somehow",distal comparison with and without,with_introduction,29,1,290000,1,10000,4 per treatment ,,,plot,Europe,48.845,15.971,,MAS,Equus caballus,,"Introduced 5/2018, smaller herbivores such as roe deer have free access to control and treatment ",likely kept artifically constant,0.31 Equus caballus,0,individuals,hectare,4,,1460,1,2022,cumulative,microbial_nutrients,soil,soil,soil depth up to 10cm,,higher_level,soil,Microbial C/N ratio,,T,mean,SD,,,6.74,0.98,4,7.4,0.05,4,,,JT
dp_48,Kaštovská et al 2025 Science of The Total Environment,Trophic rewilding by large herbivores reduces plant nitrogen and water limitation across seven sites irrespective of their edaphic conditions,https://doi.org/10.1016/j.scitotenv.2025.179141,Mix,Rewilding in six areas for a couple of years,,each area compared with one nearby control ,Unkown ,"no feeding or drugs, but likely population control somehow",distal comparison with and without,with_introduction,18,1,180000,1,10000,4 per treatment ,,,plot,Europe,50.1878,15.861,,HRK,Equus caballus,,"Introduced 1/2018, smaller herbivores such as roe deer have free access to control and treatment ",likely kept artifically constant,0.17 Equus caballus,0,individuals,hectare,4,,1460,1,2022,cumulative,microbial_nutrients,soil,soil,soil depth up to 10cm,,higher_level,soil,Microbial C/N ratio,,T,mean,SD,,,4.98,1.01,4,5.68,0.92,4,,,JT
dp_49,Kaštovská et al 2025 Science of The Total Environment,Trophic rewilding by large herbivores reduces plant nitrogen and water limitation across seven sites irrespective of their edaphic conditions,https://doi.org/10.1016/j.scitotenv.2025.179141,Mix,Rewilding in six areas for a couple of years,,each area compared with one nearby control ,Unkown ,"no feeding or drugs, but likely population control somehow",distal comparison with and without,with_introduction,100,1,1000000,1,10000,4 per treatment ,,,plot,Europe,50.237,14.889,,MBV,Equus caballus; Bos taurus,,"Introduced 3/2015, smaller herbivores such as roe deer have free access to control and treatment ",likely kept artifically constant,0.25 Equus caballus; 0.09 Bos taurus,0,individuals,hectare,7,,2555,1,2022,cumulative,microbial_nutrients,soil,soil,soil depth up to 10cm,,higher_level,soil,Microbial N,mg/g,T,mean,SD,,,101,29,4,108,10,4,,,JT
dp_50,Kaštovská et al 2025 Science of The Total Environment,Trophic rewilding by large herbivores reduces plant nitrogen and water limitation across seven sites irrespective of their edaphic conditions,https://doi.org/10.1016/j.scitotenv.2025.179141,Mix,Rewilding in six areas for a couple of years,,each area compared with one nearby control ,Unkown ,"no feeding or drugs, but likely population control somehow",distal comparison with and without,with_introduction,250,1,2500000,1,10000,4 per treatment ,,,plot,Europe,50.279,14.882,,MTR,Equus caballus; Bison bonasus; Bos taurus,,"Introduced 12/2015, smaller herbivores such as roe deer have free access to control and treatment ",likely kept artifically constant,0.16 Equus caballus; 0.12 Bison bonasus; 0.02 Bos taurus,0,individuals,hectare,7,,2555,1,2022,cumulative,microbial_nutrients,soil,soil,soil depth up to 10cm,,higher_level,soil,Microbial N,mg/g,T,mean,SD,,,93,9,4,64,20,4,,,JT
dp_51,Kaštovská et al 2025 Science of The Total Environment,Trophic rewilding by large herbivores reduces plant nitrogen and water limitation across seven sites irrespective of their edaphic conditions,https://doi.org/10.1016/j.scitotenv.2025.179141,Mix,Rewilding in six areas for a couple of years,,each area compared with one nearby control ,Unkown ,"no feeding or drugs, but likely population control somehow",distal comparison with and without,with_introduction,30,1,300000,1,10000,4 per treatment ,,,plot,Europe,49.664,13.317,,DOB,Equus caballus,,"Introduced 1/2018, smaller herbivores such as roe deer have free access to control and treatment ",likely kept artifically constant,0.2 Equus caballus,0,individuals,hectare,4,,1460,1,2022,cumulative,microbial_nutrients,soil,soil,soil depth up to 10cm,,higher_level,soil,Microbial N,mg/g,T,mean,SD,,,86,21,4,61,28,4,,,JT
dp_52,Kaštovská et al 2025 Science of The Total Environment,Trophic rewilding by large herbivores reduces plant nitrogen and water limitation across seven sites irrespective of their edaphic conditions,https://doi.org/10.1016/j.scitotenv.2025.179141,Mix,Rewilding in six areas for a couple of years,,each area compared with one nearby control ,Unkown ,"no feeding or drugs, but likely population control somehow",distal comparison with and without,with_introduction,35,1,350000,1,10000,4 per treatment ,,,plot,Europe,48.81,15.992,,HAV,Equus caballus,,"Introduced 5/2018, smaller herbivores such as roe deer have free access to control and treatment ",likely kept artifically constant,0.23 Equus caballus,0,individuals,hectare,4,,1460,1,2022,cumulative,microbial_nutrients,soil,soil,soil depth up to 10cm,,higher_level,soil,Microbial N,mg/g,T,mean,SD,,,61,10,4,57,3,4,,,JT
dp_53,Kaštovská et al 2025 Science of The Total Environment,Trophic rewilding by large herbivores reduces plant nitrogen and water limitation across seven sites irrespective of their edaphic conditions,https://doi.org/10.1016/j.scitotenv.2025.179141,Mix,Rewilding in six areas for a couple of years,,each area compared with one nearby control ,Unkown ,"no feeding or drugs, but likely population control somehow",distal comparison with and without,with_introduction,29,1,290000,1,10000,4 per treatment ,,,plot,Europe,48.845,15.971,,MAS,Equus caballus,,"Introduced 5/2018, smaller herbivores such as roe deer have free access to control and treatment ",likely kept artifically constant,0.31 Equus caballus,0,individuals,hectare,4,,1460,1,2022,cumulative,microbial_nutrients,soil,soil,soil depth up to 10cm,,higher_level,soil,Microbial N,mg/g,T,mean,SD,,,88,24,4,59,4,4,,,JT
dp_54,Kaštovská et al 2025 Science of The Total Environment,Trophic rewilding by large herbivores reduces plant nitrogen and water limitation across seven sites irrespective of their edaphic conditions,https://doi.org/10.1016/j.scitotenv.2025.179141,Mix,Rewilding in six areas for a couple of years,,each area compared with one nearby control ,Unkown ,"no feeding or drugs, but likely population control somehow",distal comparison with and without,with_introduction,18,1,180000,1,10000,4 per treatment ,,,plot,Europe,50.1878,15.861,,HRK,Equus caballus,,"Introduced 1/2018, smaller herbivores such as roe deer have free access to control and treatment ",likely kept artifically constant,0.17 Equus caballus,0,individuals,hectare,4,,1460,1,2022,cumulative,microbial_nutrients,soil,soil,soil depth up to 10cm,,higher_level,soil,Microbial N,mg/g,T,mean,SD,,,38,15,4,65,22,4,,,JT
dp_55,Kaštovská et al 2025 Science of The Total Environment,Trophic rewilding by large herbivores reduces plant nitrogen and water limitation across seven sites irrespective of their edaphic conditions,https://doi.org/10.1016/j.scitotenv.2025.179141,Mix,Rewilding in six areas for a couple of years,,each area compared with one nearby control ,Unkown ,"no feeding or drugs, but likely population control somehow",distal comparison with and without,with_introduction,100,1,1000000,1,10000,4 per treatment ,,,plot,Europe,50.237,14.889,,MBV,Equus caballus; Bos taurus,,"Introduced 3/2015, smaller herbivores such as roe deer have free access to control and treatment ",likely kept artifically constant,0.25 Equus caballus; 0.09 Bos taurus,0,individuals,hectare,7,,2555,1,2022,cumulative,ecosystem_process,soil,soil,soil depth up to 10cm,,higher_level,soil,Net nitrification,ng NO3-N/g/day,T,mean,SD,,,490,109,4,452,293,4,,,JT
dp_56,Kaštovská et al 2025 Science of The Total Environment,Trophic rewilding by large herbivores reduces plant nitrogen and water limitation across seven sites irrespective of their edaphic conditions,https://doi.org/10.1016/j.scitotenv.2025.179141,Mix,Rewilding in six areas for a couple of years,,each area compared with one nearby control ,Unkown ,"no feeding or drugs, but likely population control somehow",distal comparison with and without,with_introduction,250,1,2500000,1,10000,4 per treatment ,,,plot,Europe,50.279,14.882,,MTR,Equus caballus; Bison bonasus; Bos taurus,,"Introduced 12/2015, smaller herbivores such as roe deer have free access to control and treatment ",likely kept artifically constant,0.16 Equus caballus; 0.12 Bison bonasus; 0.02 Bos taurus,0,individuals,hectare,7,,2555,1,2022,cumulative,ecosystem_process,soil,soil,soil depth up to 10cm,,higher_level,soil,Net nitrification,ng NO3-N/g/day,T,mean,SD,,,135,92,4,62,25,4,,,JT
dp_57,Kaštovská et al 2025 Science of The Total Environment,Trophic rewilding by large herbivores reduces plant nitrogen and water limitation across seven sites irrespective of their edaphic conditions,https://doi.org/10.1016/j.scitotenv.2025.179141,Mix,Rewilding in six areas for a couple of years,,each area compared with one nearby control ,Unkown ,"no feeding or drugs, but likely population control somehow",distal comparison with and without,with_introduction,30,1,300000,1,10000,4 per treatment ,,,plot,Europe,49.664,13.317,,DOB,Equus caballus,,"Introduced 1/2018, smaller herbivores such as roe deer have free access to control and treatment ",likely kept artifically constant,0.2 Equus caballus,0,individuals,hectare,4,,1460,1,2022,cumulative,ecosystem_process,soil,soil,soil depth up to 10cm,,higher_level,soil,Net nitrification,ng NO3-N/g/day,T,mean,SD,,,1227,356,4,1369,832,4,,,JT
dp_58,Kaštovská et al 2025 Science of The Total Environment,Trophic rewilding by large herbivores reduces plant nitrogen and water limitation across seven sites irrespective of their edaphic conditions,https://doi.org/10.1016/j.scitotenv.2025.179141,Mix,Rewilding in six areas for a couple of years,,each area compared with one nearby control ,Unkown ,"no feeding or drugs, but likely population control somehow",distal comparison with and without,with_introduction,35,1,350000,1,10000,4 per treatment ,,,plot,Europe,48.81,15.992,,HAV,Equus caballus,,"Introduced 5/2018, smaller herbivores such as roe deer have free access to control and treatment ",likely kept artifically constant,0.23 Equus caballus,0,individuals,hectare,4,,1460,1,2022,cumulative,ecosystem_process,soil,soil,soil depth up to 10cm,,higher_level,soil,Net nitrification,ng NO3-N/g/day,T,mean,SD,,,661,212,4,293,319,4,,,JT
dp_59,Kaštovská et al 2025 Science of The Total Environment,Trophic rewilding by large herbivores reduces plant nitrogen and water limitation across seven sites irrespective of their edaphic conditions,https://doi.org/10.1016/j.scitotenv.2025.179141,Mix,Rewilding in six areas for a couple of years,,each area compared with one nearby control ,Unkown ,"no feeding or drugs, but likely population control somehow",distal comparison with and without,with_introduction,29,1,290000,1,10000,4 per treatment ,,,plot,Europe,48.845,15.971,,MAS,Equus caballus,,"Introduced 5/2018, smaller herbivores such as roe deer have free access to control and treatment ",likely kept artifically constant,0.31 Equus caballus,0,individuals,hectare,4,,1460,1,2022,cumulative,ecosystem_process,soil,soil,soil depth up to 10cm,,higher_level,soil,Net nitrification,ng NO3-N/g/day,T,mean,SD,,,643,445,4,73,55,4,,,JT
dp_60,Kaštovská et al 2025 Science of The Total Environment,Trophic rewilding by large herbivores reduces plant nitrogen and water limitation across seven sites irrespective of their edaphic conditions,https://doi.org/10.1016/j.scitotenv.2025.179141,Mix,Rewilding in six areas for a couple of years,,each area compared with one nearby control ,Unkown ,"no feeding or drugs, but likely population control somehow",distal comparison with and without,with_introduction,18,1,180000,1,10000,4 per treatment ,,,plot,Europe,50.1878,15.861,,HRK,Equus caballus,,"Introduced 1/2018, smaller herbivores such as roe deer have free access to control and treatment ",likely kept artifically constant,0.17 Equus caballus,0,individuals,hectare,4,,1460,1,2022,cumulative,ecosystem_process,soil,soil,soil depth up to 10cm,,higher_level,soil,Net nitrification,ng NO3-N/g/day,T,mean,SD,,,182,114,4,308,162,4,,,JT
dp_61,Kaštovská et al 2025 Science of The Total Environment,Trophic rewilding by large herbivores reduces plant nitrogen and water limitation across seven sites irrespective of their edaphic conditions,https://doi.org/10.1016/j.scitotenv.2025.179141,Mix,Rewilding in six areas for a couple of years,,each area compared with one nearby control ,Unkown ,"no feeding or drugs, but likely population control somehow",distal comparison with and without,with_introduction,100,1,1000000,1,10000,4 per treatment ,,,plot,Europe,50.237,14.889,,MBV,Equus caballus; Bos taurus,,"Introduced 3/2015, smaller herbivores such as roe deer have free access to control and treatment ",likely kept artifically constant,0.25 Equus caballus; 0.09 Bos taurus,0,individuals,hectare,7,,2555,1,2022,cumulative,ecosystem_process,soil,soil,soil depth up to 10cm,,higher_level,soil,Respiration rate,µmol C/ g/d,T,mean,SD,,,3.1,0.68,4,3.86,2.18,4,,,JT
dp_62,Kaštovská et al 2025 Science of The Total Environment,Trophic rewilding by large herbivores reduces plant nitrogen and water limitation across seven sites irrespective of their edaphic conditions,https://doi.org/10.1016/j.scitotenv.2025.179141,Mix,Rewilding in six areas for a couple of years,,each area compared with one nearby control ,Unkown ,"no feeding or drugs, but likely population control somehow",distal comparison with and without,with_introduction,250,1,2500000,1,10000,4 per treatment ,,,plot,Europe,50.279,14.882,,MTR,Equus caballus; Bison bonasus; Bos taurus,,"Introduced 12/2015, smaller herbivores such as roe deer have free access to control and treatment ",likely kept artifically constant,0.16 Equus caballus; 0.12 Bison bonasus; 0.02 Bos taurus,0,individuals,hectare,7,,2555,1,2022,cumulative,ecosystem_process,soil,soil,soil depth up to 10cm,,higher_level,soil,Respiration rate,µmol C/ g/d,T,mean,SD,,,4.62,0.99,4,3.32,0.9,4,,,JT
dp_63,Kaštovská et al 2025 Science of The Total Environment,Trophic rewilding by large herbivores reduces plant nitrogen and water limitation across seven sites irrespective of their edaphic conditions,https://doi.org/10.1016/j.scitotenv.2025.179141,Mix,Rewilding in six areas for a couple of years,,each area compared with one nearby control ,Unkown ,"no feeding or drugs, but likely population control somehow",distal comparison with and without,with_introduction,30,1,300000,1,10000,4 per treatment ,,,plot,Europe,49.664,13.317,,DOB,Equus caballus,,"Introduced 1/2018, smaller herbivores such as roe deer have free access to control and treatment ",likely kept artifically constant,0.2 Equus caballus,0,individuals,hectare,4,,1460,1,2022,cumulative,ecosystem_process,soil,soil,soil depth up to 10cm,,higher_level,soil,Respiration rate,µmol C/ g/d,T,mean,SD,,,1.78,0.49,4,1.76,0.5,4,,,JT
dp_64,Kaštovská et al 2025 Science of The Total Environment,Trophic rewilding by large herbivores reduces plant nitrogen and water limitation across seven sites irrespective of their edaphic conditions,https://doi.org/10.1016/j.scitotenv.2025.179141,Mix,Rewilding in six areas for a couple of years,,each area compared with one nearby control ,Unkown ,"no feeding or drugs, but likely population control somehow",distal comparison with and without,with_introduction,35,1,350000,1,10000,4 per treatment ,,,plot,Europe,48.81,15.992,,HAV,Equus caballus,,"Introduced 5/2018, smaller herbivores such as roe deer have free access to control and treatment ",likely kept artifically constant,0.23 Equus caballus,0,individuals,hectare,4,,1460,1,2022,cumulative,ecosystem_process,soil,soil,soil depth up to 10cm,,higher_level,soil,Respiration rate,µmol C/ g/d,T,mean,SD,,,1.73,0.21,4,1.85,0.24,4,,,JT
dp_65,Kaštovská et al 2025 Science of The Total Environment,Trophic rewilding by large herbivores reduces plant nitrogen and water limitation across seven sites irrespective of their edaphic conditions,https://doi.org/10.1016/j.scitotenv.2025.179141,Mix,Rewilding in six areas for a couple of years,,each area compared with one nearby control ,Unkown ,"no feeding or drugs, but likely population control somehow",distal comparison with and without,with_introduction,29,1,290000,1,10000,4 per treatment ,,,plot,Europe,48.845,15.971,,MAS,Equus caballus,,"Introduced 5/2018, smaller herbivores such as roe deer have free access to control and treatment ",likely kept artifically constant,0.31 Equus caballus,0,individuals,hectare,4,,1460,1,2022,cumulative,ecosystem_process,soil,soil,soil depth up to 10cm,,higher_level,soil,Respiration rate,µmol C/ g/d,T,mean,SD,,,2.61,0.26,4,2.3,0.08,4,,,JT
dp_66,Kaštovská et al 2025 Science of The Total Environment,Trophic rewilding by large herbivores reduces plant nitrogen and water limitation across seven sites irrespective of their edaphic conditions,https://doi.org/10.1016/j.scitotenv.2025.179141,Mix,Rewilding in six areas for a couple of years,,each area compared with one nearby control ,Unkown ,"no feeding or drugs, but likely population control somehow",distal comparison with and without,with_introduction,18,1,180000,1,10000,4 per treatment ,,,plot,Europe,50.1878,15.861,,HRK,Equus caballus,,"Introduced 1/2018, smaller herbivores such as roe deer have free access to control and treatment ",likely kept artifically constant,0.17 Equus caballus,0,individuals,hectare,4,,1460,1,2022,cumulative,ecosystem_process,soil,soil,soil depth up to 10cm,,higher_level,soil,Respiration rate,µmol C/ g/d,T,mean,SD,,,1.25,0.15,4,2.89,1.59,4,,,JT
dp_67,Kaštovská et al 2025 Science of The Total Environment,Trophic rewilding by large herbivores reduces plant nitrogen and water limitation across seven sites irrespective of their edaphic conditions,https://doi.org/10.1016/j.scitotenv.2025.179141,Mix,Rewilding in six areas for a couple of years,,each area compared with one nearby control ,Unkown ,"no feeding or drugs, but likely population control somehow",distal comparison with and without,with_introduction,100,1,1000000,1,10000,4 per treatment ,,,plot,Europe,50.237,14.889,,MBV,Equus caballus; Bos taurus,,"Introduced 3/2015, smaller herbivores such as roe deer have free access to control and treatment ",likely kept artifically constant,0.25 Equus caballus; 0.09 Bos taurus,0,individuals,hectare,7,,2555,1,2022,cumulative,soil_nutrients,soil,soil,soil depth up to 10cm,,higher_level,soil,Soil C/N ratio,,T,mean,SD,,,14,1.4,4,13.7,0.6,4,,,JT
dp_68,Kaštovská et al 2025 Science of The Total Environment,Trophic rewilding by large herbivores reduces plant nitrogen and water limitation across seven sites irrespective of their edaphic conditions,https://doi.org/10.1016/j.scitotenv.2025.179141,Mix,Rewilding in six areas for a couple of years,,each area compared with one nearby control ,Unkown ,"no feeding or drugs, but likely population control somehow",distal comparison with and without,with_introduction,250,1,2500000,1,10000,4 per treatment ,,,plot,Europe,50.279,14.882,,MTR,Equus caballus; Bison bonasus; Bos taurus,,"Introduced 12/2015, smaller herbivores such as roe deer have free access to control and treatment ",likely kept artifically constant,0.16 Equus caballus; 0.12 Bison bonasus; 0.02 Bos taurus,0,individuals,hectare,7,,2555,1,2022,cumulative,soil_nutrients,soil,soil,soil depth up to 10cm,,higher_level,soil,Soil C/N ratio,,T,mean,SD,,,13.8,0.2,4,13.8,0.5,4,,,JT
dp_69,Kaštovská et al 2025 Science of The Total Environment,Trophic rewilding by large herbivores reduces plant nitrogen and water limitation across seven sites irrespective of their edaphic conditions,https://doi.org/10.1016/j.scitotenv.2025.179141,Mix,Rewilding in six areas for a couple of years,,each area compared with one nearby control ,Unkown ,"no feeding or drugs, but likely population control somehow",distal comparison with and without,with_introduction,30,1,300000,1,10000,4 per treatment ,,,plot,Europe,49.664,13.317,,DOB,Equus caballus,,"Introduced 1/2018, smaller herbivores such as roe deer have free access to control and treatment ",likely kept artifically constant,0.2 Equus caballus,0,individuals,hectare,4,,1460,1,2022,cumulative,soil_nutrients,soil,soil,soil depth up to 10cm,,higher_level,soil,Soil C/N ratio,,T,mean,SD,,,15.2,1.1,4,14.8,1.4,4,,,JT
dp_70,Kaštovská et al 2025 Science of The Total Environment,Trophic rewilding by large herbivores reduces plant nitrogen and water limitation across seven sites irrespective of their edaphic conditions,https://doi.org/10.1016/j.scitotenv.2025.179141,Mix,Rewilding in six areas for a couple of years,,each area compared with one nearby control ,Unkown ,"no feeding or drugs, but likely population control somehow",distal comparison with and without,with_introduction,35,1,350000,1,10000,4 per treatment ,,,plot,Europe,48.81,15.992,,HAV,Equus caballus,,"Introduced 5/2018, smaller herbivores such as roe deer have free access to control and treatment ",likely kept artifically constant,0.23 Equus caballus,0,individuals,hectare,4,,1460,1,2022,cumulative,soil_nutrients,soil,soil,soil depth up to 10cm,,higher_level,soil,Soil C/N ratio,,T,mean,SD,,,15.6,0.6,4,13,0.4,4,,,JT
dp_71,Kaštovská et al 2025 Science of The Total Environment,Trophic rewilding by large herbivores reduces plant nitrogen and water limitation across seven sites irrespective of their edaphic conditions,https://doi.org/10.1016/j.scitotenv.2025.179141,Mix,Rewilding in six areas for a couple of years,,each area compared with one nearby control ,Unkown ,"no feeding or drugs, but likely population control somehow",distal comparison with and without,with_introduction,29,1,290000,1,10000,4 per treatment ,,,plot,Europe,48.845,15.971,,MAS,Equus caballus,,"Introduced 5/2018, smaller herbivores such as roe deer have free access to control and treatment ",likely kept artifically constant,0.31 Equus caballus,0,individuals,hectare,4,,1460,1,2022,cumulative,soil_nutrients,soil,soil,soil depth up to 10cm,,higher_level,soil,Soil C/N ratio,,T,mean,SD,,,12.8,0.5,4,14.1,0.5,4,,,JT
dp_72,Kaštovská et al 2025 Science of The Total Environment,Trophic rewilding by large herbivores reduces plant nitrogen and water limitation across seven sites irrespective of their edaphic conditions,https://doi.org/10.1016/j.scitotenv.2025.179141,Mix,Rewilding in six areas for a couple of years,,each area compared with one nearby control ,Unkown ,"no feeding or drugs, but likely population control somehow",distal comparison with and without,with_introduction,18,1,180000,1,10000,4 per treatment ,,,plot,Europe,50.1878,15.861,,HRK,Equus caballus,,"Introduced 1/2018, smaller herbivores such as roe deer have free access to control and treatment ",likely kept artifically constant,0.17 Equus caballus,0,individuals,hectare,4,,1460,1,2022,cumulative,soil_nutrients,soil,soil,soil depth up to 10cm,,higher_level,soil,Soil C/N ratio,,T,mean,SD,,,17.9,3.5,4,16.8,2.3,4,,,JT
dp_73,Kaštovská et al 2025 Science of The Total Environment,Trophic rewilding by large herbivores reduces plant nitrogen and water limitation across seven sites irrespective of their edaphic conditions,https://doi.org/10.1016/j.scitotenv.2025.179141,Mix,Rewilding in six areas for a couple of years,,each area compared with one nearby control ,Unkown ,"no feeding or drugs, but likely population control somehow",distal comparison with and without,with_introduction,100,1,1000000,1,10000,4 per treatment ,,,plot,Europe,50.237,14.889,,MBV,Equus caballus; Bos taurus,,"Introduced 3/2015, smaller herbivores such as roe deer have free access to control and treatment ",likely kept artifically constant,0.25 Equus caballus; 0.09 Bos taurus,0,individuals,hectare,7,,2555,1,2022,cumulative,soil_nutrients,soil,soil,soil depth up to 10cm,,higher_level,soil,Soil C/P ratio,,T,mean,SD,,,108,38,4,109,44,4,,,JT
dp_74,Kaštovská et al 2025 Science of The Total Environment,Trophic rewilding by large herbivores reduces plant nitrogen and water limitation across seven sites irrespective of their edaphic conditions,https://doi.org/10.1016/j.scitotenv.2025.179141,Mix,Rewilding in six areas for a couple of years,,each area compared with one nearby control ,Unkown ,"no feeding or drugs, but likely population control somehow",distal comparison with and without,with_introduction,250,1,2500000,1,10000,4 per treatment ,,,plot,Europe,50.279,14.882,,MTR,Equus caballus; Bison bonasus; Bos taurus,,"Introduced 12/2015, smaller herbivores such as roe deer have free access to control and treatment ",likely kept artifically constant,0.16 Equus caballus; 0.12 Bison bonasus; 0.02 Bos taurus,0,individuals,hectare,7,,2555,1,2022,cumulative,soil_nutrients,soil,soil,soil depth up to 10cm,,higher_level,soil,Soil C/P ratio,,T,mean,SD,,,306,91,4,106,49,4,,,JT
dp_75,Kaštovská et al 2025 Science of The Total Environment,Trophic rewilding by large herbivores reduces plant nitrogen and water limitation across seven sites irrespective of their edaphic conditions,https://doi.org/10.1016/j.scitotenv.2025.179141,Mix,Rewilding in six areas for a couple of years,,each area compared with one nearby control ,Unkown ,"no feeding or drugs, but likely population control somehow",distal comparison with and without,with_introduction,30,1,300000,1,10000,4 per treatment ,,,plot,Europe,49.664,13.317,,DOB,Equus caballus,,"Introduced 1/2018, smaller herbivores such as roe deer have free access to control and treatment ",likely kept artifically constant,0.2 Equus caballus,0,individuals,hectare,4,,1460,1,2022,cumulative,soil_nutrients,soil,soil,soil depth up to 10cm,,higher_level,soil,Soil C/P ratio,,T,mean,SD,,,82,56,4,79,36,4,,,JT
dp_76,Kaštovská et al 2025 Science of The Total Environment,Trophic rewilding by large herbivores reduces plant nitrogen and water limitation across seven sites irrespective of their edaphic conditions,https://doi.org/10.1016/j.scitotenv.2025.179141,Mix,Rewilding in six areas for a couple of years,,each area compared with one nearby control ,Unkown ,"no feeding or drugs, but likely population control somehow",distal comparison with and without,with_introduction,35,1,350000,1,10000,4 per treatment ,,,plot,Europe,48.81,15.992,,HAV,Equus caballus,,"Introduced 5/2018, smaller herbivores such as roe deer have free access to control and treatment ",likely kept artifically constant,0.23 Equus caballus,0,individuals,hectare,4,,1460,1,2022,cumulative,soil_nutrients,soil,soil,soil depth up to 10cm,,higher_level,soil,Soil C/P ratio,,T,mean,SD,,,255,75,4,155,33,4,,,JT
dp_77,Kaštovská et al 2025 Science of The Total Environment,Trophic rewilding by large herbivores reduces plant nitrogen and water limitation across seven sites irrespective of their edaphic conditions,https://doi.org/10.1016/j.scitotenv.2025.179141,Mix,Rewilding in six areas for a couple of years,,each area compared with one nearby control ,Unkown ,"no feeding or drugs, but likely population control somehow",distal comparison with and without,with_introduction,29,1,290000,1,10000,4 per treatment ,,,plot,Europe,48.845,15.971,,MAS,Equus caballus,,"Introduced 5/2018, smaller herbivores such as roe deer have free access to control and treatment ",likely kept artifically constant,0.31 Equus caballus,0,individuals,hectare,4,,1460,1,2022,cumulative,soil_nutrients,soil,soil,soil depth up to 10cm,,higher_level,soil,Soil C/P ratio,,T,mean,SD,,,123,37,4,163,5,4,,,JT
dp_78,Kaštovská et al 2025 Science of The Total Environment,Trophic rewilding by large herbivores reduces plant nitrogen and water limitation across seven sites irrespective of their edaphic conditions,https://doi.org/10.1016/j.scitotenv.2025.179141,Mix,Rewilding in six areas for a couple of years,,each area compared with one nearby control ,Unkown ,"no feeding or drugs, but likely population control somehow",distal comparison with and without,with_introduction,18,1,180000,1,10000,4 per treatment ,,,plot,Europe,50.1878,15.861,,HRK,Equus caballus,,"Introduced 1/2018, smaller herbivores such as roe deer have free access to control and treatment ",likely kept artifically constant,0.17 Equus caballus,0,individuals,hectare,4,,1460,1,2022,cumulative,soil_nutrients,soil,soil,soil depth up to 10cm,,higher_level,soil,Soil C/P ratio,,T,mean,SD,,,393,154,4,209,51,4,,,JT
dp_79,Kaštovská et al 2025 Science of The Total Environment,Trophic rewilding by large herbivores reduces plant nitrogen and water limitation across seven sites irrespective of their edaphic conditions,https://doi.org/10.1016/j.scitotenv.2025.179141,Mix,Rewilding in six areas for a couple of years,,each area compared with one nearby control ,Unkown ,"no feeding or drugs, but likely population control somehow",distal comparison with and without,with_introduction,100,1,1000000,1,10000,4 per treatment ,,,plot,Europe,50.237,14.889,,MBV,Equus caballus; Bos taurus,,"Introduced 3/2015, smaller herbivores such as roe deer have free access to control and treatment ",likely kept artifically constant,0.25 Equus caballus; 0.09 Bos taurus,0,individuals,hectare,7,,2555,1,2022,cumulative,soil_nutrients,soil,soil,soil depth up to 10cm,,higher_level,soil,Soil N/P ratio,,T,mean,SD,,,7.7,2.7,4,7.9,3,4,,,JT
dp_80,Kaštovská et al 2025 Science of The Total Environment,Trophic rewilding by large herbivores reduces plant nitrogen and water limitation across seven sites irrespective of their edaphic conditions,https://doi.org/10.1016/j.scitotenv.2025.179141,Mix,Rewilding in six areas for a couple of years,,each area compared with one nearby control ,Unkown ,"no feeding or drugs, but likely population control somehow",distal comparison with and without,with_introduction,250,1,2500000,1,10000,4 per treatment ,,,plot,Europe,50.279,14.882,,MTR,Equus caballus; Bison bonasus; Bos taurus,,"Introduced 12/2015, smaller herbivores such as roe deer have free access to control and treatment ",likely kept artifically constant,0.16 Equus caballus; 0.12 Bison bonasus; 0.02 Bos taurus,0,individuals,hectare,7,,2555,1,2022,cumulative,soil_nutrients,soil,soil,soil depth up to 10cm,,higher_level,soil,Soil N/P ratio,,T,mean,SD,,,22.1,6.4,4,7.7,3.7,4,,,JT
dp_81,Kaštovská et al 2025 Science of The Total Environment,Trophic rewilding by large herbivores reduces plant nitrogen and water limitation across seven sites irrespective of their edaphic conditions,https://doi.org/10.1016/j.scitotenv.2025.179141,Mix,Rewilding in six areas for a couple of years,,each area compared with one nearby control ,Unkown ,"no feeding or drugs, but likely population control somehow",distal comparison with and without,with_introduction,30,1,300000,1,10000,4 per treatment ,,,plot,Europe,49.664,13.317,,DOB,Equus caballus,,"Introduced 1/2018, smaller herbivores such as roe deer have free access to control and treatment ",likely kept artifically constant,0.2 Equus caballus,0,individuals,hectare,4,,1460,1,2022,cumulative,soil_nutrients,soil,soil,soil depth up to 10cm,,higher_level,soil,Soil N/P ratio,,T,mean,SD,,,5.3,3.2,4,5.1,1.8,4,,,JT
dp_82,Kaštovská et al 2025 Science of The Total Environment,Trophic rewilding by large herbivores reduces plant nitrogen and water limitation across seven sites irrespective of their edaphic conditions,https://doi.org/10.1016/j.scitotenv.2025.179141,Mix,Rewilding in six areas for a couple of years,,each area compared with one nearby control ,Unkown ,"no feeding or drugs, but likely population control somehow",distal comparison with and without,with_introduction,35,1,350000,1,10000,4 per treatment ,,,plot,Europe,48.81,15.992,,HAV,Equus caballus,,"Introduced 5/2018, smaller herbivores such as roe deer have free access to control and treatment ",likely kept artifically constant,0.23 Equus caballus,0,individuals,hectare,4,,1460,1,2022,cumulative,soil_nutrients,soil,soil,soil depth up to 10cm,,higher_level,soil,Soil N/P ratio,,T,mean,SD,,,16.2,4.2,4,11.9,2.4,4,,,JT
dp_83,Kaštovská et al 2025 Science of The Total Environment,Trophic rewilding by large herbivores reduces plant nitrogen and water limitation across seven sites irrespective of their edaphic conditions,https://doi.org/10.1016/j.scitotenv.2025.179141,Mix,Rewilding in six areas for a couple of years,,each area compared with one nearby control ,Unkown ,"no feeding or drugs, but likely population control somehow",distal comparison with and without,with_introduction,29,1,290000,1,10000,4 per treatment ,,,plot,Europe,48.845,15.971,,MAS,Equus caballus,,"Introduced 5/2018, smaller herbivores such as roe deer have free access to control and treatment ",likely kept artifically constant,0.31 Equus caballus,0,individuals,hectare,4,,1460,1,2022,cumulative,soil_nutrients,soil,soil,soil depth up to 10cm,,higher_level,soil,Soil N/P ratio,,T,mean,SD,,,9.7,3,4,11.6,0.1,4,,,JT
dp_84,Kaštovská et al 2025 Science of The Total Environment,Trophic rewilding by large herbivores reduces plant nitrogen and water limitation across seven sites irrespective of their edaphic conditions,https://doi.org/10.1016/j.scitotenv.2025.179141,Mix,Rewilding in six areas for a couple of years,,each area compared with one nearby control ,Unkown ,"no feeding or drugs, but likely population control somehow",distal comparison with and without,with_introduction,18,1,180000,1,10000,4 per treatment ,,,plot,Europe,50.1878,15.861,,HRK,Equus caballus,,"Introduced 1/2018, smaller herbivores such as roe deer have free access to control and treatment ",likely kept artifically constant,0.17 Equus caballus,0,individuals,hectare,4,,1460,1,2022,cumulative,soil_nutrients,soil,soil,soil depth up to 10cm,,higher_level,soil,Soil N/P ratio,,T,mean,SD,,,23.5,10.3,4,12.9,4.2,4,,,JT
dp_85,Kaštovská et al 2025 Science of The Total Environment,Trophic rewilding by large herbivores reduces plant nitrogen and water limitation across seven sites irrespective of their edaphic conditions,https://doi.org/10.1016/j.scitotenv.2025.179141,Mix,Rewilding in six areas for a couple of years,,each area compared with one nearby control ,Unkown ,"no feeding or drugs, but likely population control somehow",distal comparison with and without,with_introduction,100,1,1000000,1,10000,4 per treatment ,,,plot,Europe,50.237,14.889,,MBV,Equus caballus; Bos taurus,,"Introduced 3/2015, smaller herbivores such as roe deer have free access to control and treatment ",likely kept artifically constant,0.25 Equus caballus; 0.09 Bos taurus,0,individuals,hectare,7,,2555,1,2022,cumulative,soil_conditions,soil,soil,soil depth up to 10cm,,higher_level,soil,Soil dry weight,,T,mean,SD,,,0.897,0.011,4,0.882,0.017,4,,,JT
dp_86,Kaštovská et al 2025 Science of The Total Environment,Trophic rewilding by large herbivores reduces plant nitrogen and water limitation across seven sites irrespective of their edaphic conditions,https://doi.org/10.1016/j.scitotenv.2025.179141,Mix,Rewilding in six areas for a couple of years,,each area compared with one nearby control ,Unkown ,"no feeding or drugs, but likely population control somehow",distal comparison with and without,with_introduction,250,1,2500000,1,10000,4 per treatment ,,,plot,Europe,50.279,14.882,,MTR,Equus caballus; Bison bonasus; Bos taurus,,"Introduced 12/2015, smaller herbivores such as roe deer have free access to control and treatment ",likely kept artifically constant,0.16 Equus caballus; 0.12 Bison bonasus; 0.02 Bos taurus,0,individuals,hectare,7,,2555,1,2022,cumulative,soil_conditions,soil,soil,soil depth up to 10cm,,higher_level,soil,Soil dry weight,,T,mean,SD,,,0.877,0.026,4,0.887,0.023,4,,,JT
dp_87,Kaštovská et al 2025 Science of The Total Environment,Trophic rewilding by large herbivores reduces plant nitrogen and water limitation across seven sites irrespective of their edaphic conditions,https://doi.org/10.1016/j.scitotenv.2025.179141,Mix,Rewilding in six areas for a couple of years,,each area compared with one nearby control ,Unkown ,"no feeding or drugs, but likely population control somehow",distal comparison with and without,with_introduction,30,1,300000,1,10000,4 per treatment ,,,plot,Europe,49.664,13.317,,DOB,Equus caballus,,"Introduced 1/2018, smaller herbivores such as roe deer have free access to control and treatment ",likely kept artifically constant,0.2 Equus caballus,0,individuals,hectare,4,,1460,1,2022,cumulative,soil_conditions,soil,soil,soil depth up to 10cm,,higher_level,soil,Soil dry weight,,T,mean,SD,,,0.799,0.029,4,0.812,0.021,4,,,JT
dp_88,Kaštovská et al 2025 Science of The Total Environment,Trophic rewilding by large herbivores reduces plant nitrogen and water limitation across seven sites irrespective of their edaphic conditions,https://doi.org/10.1016/j.scitotenv.2025.179141,Mix,Rewilding in six areas for a couple of years,,each area compared with one nearby control ,Unkown ,"no feeding or drugs, but likely population control somehow",distal comparison with and without,with_introduction,35,1,350000,1,10000,4 per treatment ,,,plot,Europe,48.81,15.992,,HAV,Equus caballus,,"Introduced 5/2018, smaller herbivores such as roe deer have free access to control and treatment ",likely kept artifically constant,0.23 Equus caballus,0,individuals,hectare,4,,1460,1,2022,cumulative,soil_conditions,soil,soil,soil depth up to 10cm,,higher_level,soil,Soil dry weight,,T,mean,SD,,,0.847,0.013,4,0.85,0.015,4,,,JT
dp_89,Kaštovská et al 2025 Science of The Total Environment,Trophic rewilding by large herbivores reduces plant nitrogen and water limitation across seven sites irrespective of their edaphic conditions,https://doi.org/10.1016/j.scitotenv.2025.179141,Mix,Rewilding in six areas for a couple of years,,each area compared with one nearby control ,Unkown ,"no feeding or drugs, but likely population control somehow",distal comparison with and without,with_introduction,29,1,290000,1,10000,4 per treatment ,,,plot,Europe,48.845,15.971,,MAS,Equus caballus,,"Introduced 5/2018, smaller herbivores such as roe deer have free access to control and treatment ",likely kept artifically constant,0.31 Equus caballus,0,individuals,hectare,4,,1460,1,2022,cumulative,soil_conditions,soil,soil,soil depth up to 10cm,,higher_level,soil,Soil dry weight,,T,mean,SD,,,0.795,0.01,4,0.839,0.004,4,,,JT
dp_90,Kaštovská et al 2025 Science of The Total Environment,Trophic rewilding by large herbivores reduces plant nitrogen and water limitation across seven sites irrespective of their edaphic conditions,https://doi.org/10.1016/j.scitotenv.2025.179141,Mix,Rewilding in six areas for a couple of years,,each area compared with one nearby control ,Unkown ,"no feeding or drugs, but likely population control somehow",distal comparison with and without,with_introduction,18,1,180000,1,10000,4 per treatment ,,,plot,Europe,50.1878,15.861,,HRK,Equus caballus,,"Introduced 1/2018, smaller herbivores such as roe deer have free access to control and treatment ",likely kept artifically constant,0.17 Equus caballus,0,individuals,hectare,4,,1460,1,2022,cumulative,soil_conditions,soil,soil,soil depth up to 10cm,,higher_level,soil,Soil dry weight,,T,mean,SD,,,0.86,0.056,4,0.825,0.032,4,,,JT
dp_91,Kaštovská et al 2025 Science of The Total Environment,Trophic rewilding by large herbivores reduces plant nitrogen and water limitation across seven sites irrespective of their edaphic conditions,https://doi.org/10.1016/j.scitotenv.2025.179141,Mix,Rewilding in six areas for a couple of years,,each area compared with one nearby control ,Unkown ,"no feeding or drugs, but likely population control somehow",distal comparison with and without,with_introduction,100,1,1000000,1,10000,4 per treatment ,,,plot,Europe,50.237,14.889,,MBV,Equus caballus; Bos taurus,,"Introduced 3/2015, smaller herbivores such as roe deer have free access to control and treatment ",likely kept artifically constant,0.25 Equus caballus; 0.09 Bos taurus,0,individuals,hectare,7,,2555,1,2022,cumulative,soil_nutrients,soil,soil,soil depth up to 10cm,,higher_level,soil,Soluble reactive P,ng/g,T,mean,SD,,,979,428,4,499,116,4,,,JT
dp_92,Kaštovská et al 2025 Science of The Total Environment,Trophic rewilding by large herbivores reduces plant nitrogen and water limitation across seven sites irrespective of their edaphic conditions,https://doi.org/10.1016/j.scitotenv.2025.179141,Mix,Rewilding in six areas for a couple of years,,each area compared with one nearby control ,Unkown ,"no feeding or drugs, but likely population control somehow",distal comparison with and without,with_introduction,250,1,2500000,1,10000,4 per treatment ,,,plot,Europe,50.279,14.882,,MTR,Equus caballus; Bison bonasus; Bos taurus,,"Introduced 12/2015, smaller herbivores such as roe deer have free access to control and treatment ",likely kept artifically constant,0.16 Equus caballus; 0.12 Bison bonasus; 0.02 Bos taurus,0,individuals,hectare,7,,2555,1,2022,cumulative,soil_nutrients,soil,soil,soil depth up to 10cm,,higher_level,soil,Soluble reactive P,ng/g,T,mean,SD,,,333,217,4,340,128,4,,,JT
dp_93,Kaštovská et al 2025 Science of The Total Environment,Trophic rewilding by large herbivores reduces plant nitrogen and water limitation across seven sites irrespective of their edaphic conditions,https://doi.org/10.1016/j.scitotenv.2025.179141,Mix,Rewilding in six areas for a couple of years,,each area compared with one nearby control ,Unkown ,"no feeding or drugs, but likely population control somehow",distal comparison with and without,with_introduction,30,1,300000,1,10000,4 per treatment ,,,plot,Europe,49.664,13.317,,DOB,Equus caballus,,"Introduced 1/2018, smaller herbivores such as roe deer have free access to control and treatment ",likely kept artifically constant,0.2 Equus caballus,0,individuals,hectare,4,,1460,1,2022,cumulative,soil_nutrients,soil,soil,soil depth up to 10cm,,higher_level,soil,Soluble reactive P,ng/g,T,mean,SD,,,768,301,4,1110,744,4,,,JT
dp_94,Kaštovská et al 2025 Science of The Total Environment,Trophic rewilding by large herbivores reduces plant nitrogen and water limitation across seven sites irrespective of their edaphic conditions,https://doi.org/10.1016/j.scitotenv.2025.179141,Mix,Rewilding in six areas for a couple of years,,each area compared with one nearby control ,Unkown ,"no feeding or drugs, but likely population control somehow",distal comparison with and without,with_introduction,35,1,350000,1,10000,4 per treatment ,,,plot,Europe,48.81,15.992,,HAV,Equus caballus,,"Introduced 5/2018, smaller herbivores such as roe deer have free access to control and treatment ",likely kept artifically constant,0.23 Equus caballus,0,individuals,hectare,4,,1460,1,2022,cumulative,soil_nutrients,soil,soil,soil depth up to 10cm,,higher_level,soil,Soluble reactive P,ng/g,T,mean,SD,,,643,298,4,1488,733,4,,,JT
dp_95,Kaštovská et al 2025 Science of The Total Environment,Trophic rewilding by large herbivores reduces plant nitrogen and water limitation across seven sites irrespective of their edaphic conditions,https://doi.org/10.1016/j.scitotenv.2025.179141,Mix,Rewilding in six areas for a couple of years,,each area compared with one nearby control ,Unkown ,"no feeding or drugs, but likely population control somehow",distal comparison with and without,with_introduction,29,1,290000,1,10000,4 per treatment ,,,plot,Europe,48.845,15.971,,MAS,Equus caballus,,"Introduced 5/2018, smaller herbivores such as roe deer have free access to control and treatment ",likely kept artifically constant,0.31 Equus caballus,0,individuals,hectare,4,,1460,1,2022,cumulative,soil_nutrients,soil,soil,soil depth up to 10cm,,higher_level,soil,Soluble reactive P,ng/g,T,mean,SD,,,497,120,4,1085,100,4,,,JT
dp_96,Kaštovská et al 2025 Science of The Total Environment,Trophic rewilding by large herbivores reduces plant nitrogen and water limitation across seven sites irrespective of their edaphic conditions,https://doi.org/10.1016/j.scitotenv.2025.179141,Mix,Rewilding in six areas for a couple of years,,each area compared with one nearby control ,Unkown ,"no feeding or drugs, but likely population control somehow",distal comparison with and without,with_introduction,18,1,180000,1,10000,4 per treatment ,,,plot,Europe,50.1878,15.861,,HRK,Equus caballus,,"Introduced 1/2018, smaller herbivores such as roe deer have free access to control and treatment ",likely kept artifically constant,0.17 Equus caballus,0,individuals,hectare,4,,1460,1,2022,cumulative,soil_nutrients,soil,soil,soil depth up to 10cm,,higher_level,soil,Soluble reactive P,ng/g,T,mean,SD,,,561,331,4,949,590,4,,,JT
dp_97,Kaštovská et al 2025 Science of The Total Environment,Trophic rewilding by large herbivores reduces plant nitrogen and water limitation across seven sites irrespective of their edaphic conditions,https://doi.org/10.1016/j.scitotenv.2025.179141,Mix,Rewilding in six areas for a couple of years,,each area compared with one nearby control ,Unkown ,"no feeding or drugs, but likely population control somehow",distal comparison with and without,with_introduction,100,1,1000000,1,10000,4 per treatment ,,,plot,Europe,50.237,14.889,,MBV,Equus caballus; Bos taurus,,"Introduced 3/2015, smaller herbivores such as roe deer have free access to control and treatment ",likely kept artifically constant,0.25 Equus caballus; 0.09 Bos taurus,0,individuals,hectare,7,,2555,1,2022,cumulative,soil_conditions,soil,soil,soil depth up to 10cm,,higher_level,soil,Water retention capacity,% vol,T,mean,SD,,,40.1,1.7,4,39.8,1.6,4,,,JT
dp_98,Kaštovská et al 2025 Science of The Total Environment,Trophic rewilding by large herbivores reduces plant nitrogen and water limitation across seven sites irrespective of their edaphic conditions,https://doi.org/10.1016/j.scitotenv.2025.179141,Mix,Rewilding in six areas for a couple of years,,each area compared with one nearby control ,Unkown ,"no feeding or drugs, but likely population control somehow",distal comparison with and without,with_introduction,250,1,2500000,1,10000,4 per treatment ,,,plot,Europe,50.279,14.882,,MTR,Equus caballus; Bison bonasus; Bos taurus,,"Introduced 12/2015, smaller herbivores such as roe deer have free access to control and treatment ",likely kept artifically constant,0.16 Equus caballus; 0.12 Bison bonasus; 0.02 Bos taurus,0,individuals,hectare,7,,2555,1,2022,cumulative,soil_conditions,soil,soil,soil depth up to 10cm,,higher_level,soil,Water retention capacity,% vol,T,mean,SD,,,36.8,2.9,4,34.9,3.8,4,,,JT
dp_99,Kaštovská et al 2025 Science of The Total Environment,Trophic rewilding by large herbivores reduces plant nitrogen and water limitation across seven sites irrespective of their edaphic conditions,https://doi.org/10.1016/j.scitotenv.2025.179141,Mix,Rewilding in six areas for a couple of years,,each area compared with one nearby control ,Unkown ,"no feeding or drugs, but likely population control somehow",distal comparison with and without,with_introduction,30,1,300000,1,10000,4 per treatment ,,,plot,Europe,49.664,13.317,,DOB,Equus caballus,,"Introduced 1/2018, smaller herbivores such as roe deer have free access to control and treatment ",likely kept artifically constant,0.2 Equus caballus,0,individuals,hectare,4,,1460,1,2022,cumulative,soil_conditions,soil,soil,soil depth up to 10cm,,higher_level,soil,Water retention capacity,% vol,T,mean,SD,,,39.1,3.5,4,38.8,4.4,4,,,JT
dp_100,Kaštovská et al 2025 Science of The Total Environment,Trophic rewilding by large herbivores reduces plant nitrogen and water limitation across seven sites irrespective of their edaphic conditions,https://doi.org/10.1016/j.scitotenv.2025.179141,Mix,Rewilding in six areas for a couple of years,,each area compared with one nearby control ,Unkown ,"no feeding or drugs, but likely population control somehow",distal comparison with and without,with_introduction,35,1,350000,1,10000,4 per treatment ,,,plot,Europe,48.81,15.992,,HAV,Equus caballus,,"Introduced 5/2018, smaller herbivores such as roe deer have free access to control and treatment ",likely kept artifically constant,0.23 Equus caballus,0,individuals,hectare,4,,1460,1,2022,cumulative,soil_conditions,soil,soil,soil depth up to 10cm,,higher_level,soil,Water retention capacity,% vol,T,mean,SD,,,35.4,3.8,4,37.9,5.9,4,,,JT
dp_101,Kaštovská et al 2025 Science of The Total Environment,Trophic rewilding by large herbivores reduces plant nitrogen and water limitation across seven sites irrespective of their edaphic conditions,https://doi.org/10.1016/j.scitotenv.2025.179141,Mix,Rewilding in six areas for a couple of years,,each area compared with one nearby control ,Unkown ,"no feeding or drugs, but likely population control somehow",distal comparison with and without,with_introduction,29,1,290000,1,10000,4 per treatment ,,,plot,Europe,48.845,15.971,,MAS,Equus caballus,,"Introduced 5/2018, smaller herbivores such as roe deer have free access to control and treatment ",likely kept artifically constant,0.31 Equus caballus,0,individuals,hectare,4,,1460,1,2022,cumulative,soil_conditions,soil,soil,soil depth up to 10cm,,higher_level,soil,Water retention capacity,% vol,T,mean,SD,,,42.2,2,4,31.4,3.3,4,,,JT
dp_102,Kaštovská et al 2025 Science of The Total Environment,Trophic rewilding by large herbivores reduces plant nitrogen and water limitation across seven sites irrespective of their edaphic conditions,https://doi.org/10.1016/j.scitotenv.2025.179141,Mix,Rewilding in six areas for a couple of years,,each area compared with one nearby control ,Unkown ,"no feeding or drugs, but likely population control somehow",distal comparison with and without,with_introduction,18,1,180000,1,10000,4 per treatment ,,,plot,Europe,50.1878,15.861,,HRK,Equus caballus,,"Introduced 1/2018, smaller herbivores such as roe deer have free access to control and treatment ",likely kept artifically constant,0.17 Equus caballus,0,individuals,hectare,4,,1460,1,2022,cumulative,soil_conditions,soil,soil,soil depth up to 10cm,,higher_level,soil,Water retention capacity,% vol,T,mean,SD,,,34.6,6.9,4,33.4,6.3,4,,,JT
dp_103,Kaštovská et al 2025 Science of The Total Environment,Trophic rewilding by large herbivores reduces plant nitrogen and water limitation across seven sites irrespective of their edaphic conditions,https://doi.org/10.1016/j.scitotenv.2025.179141,Mix,Rewilding in six areas for a couple of years,,each area compared with one nearby control ,Unkown ,"no feeding or drugs, but likely population control somehow",distal comparison with and without,with_introduction,100,1,1000000,1,10000,4 per treatment ,,,plot,Europe,50.237,14.889,,MBV,Equus caballus; Bos taurus,,"Introduced 3/2015, smaller herbivores such as roe deer have free access to control and treatment ",likely kept artifically constant,0.25 Equus caballus; 0.09 Bos taurus,0,individuals,hectare,7,,2555,1,2022,cumulative,soil_conditions,soil,soil,soil depth up to 10cm,,higher_level,soil,fine particles,% ,T,mean,SD,,,42.8,5.1,4,52.3,7.3,4,,,JT
dp_104,Kaštovská et al 2025 Science of The Total Environment,Trophic rewilding by large herbivores reduces plant nitrogen and water limitation across seven sites irrespective of their edaphic conditions,https://doi.org/10.1016/j.scitotenv.2025.179141,Mix,Rewilding in six areas for a couple of years,,each area compared with one nearby control ,Unkown ,"no feeding or drugs, but likely population control somehow",distal comparison with and without,with_introduction,250,1,2500000,1,10000,4 per treatment ,,,plot,Europe,50.279,14.882,,MTR,Equus caballus; Bison bonasus; Bos taurus,,"Introduced 12/2015, smaller herbivores such as roe deer have free access to control and treatment ",likely kept artifically constant,0.16 Equus caballus; 0.12 Bison bonasus; 0.02 Bos taurus,0,individuals,hectare,7,,2555,1,2022,cumulative,soil_conditions,soil,soil,soil depth up to 10cm,,higher_level,soil,fine particles,% ,T,mean,SD,,,42.5,7,4,47.7,1.5,4,,,JT
dp_105,Kaštovská et al 2025 Science of The Total Environment,Trophic rewilding by large herbivores reduces plant nitrogen and water limitation across seven sites irrespective of their edaphic conditions,https://doi.org/10.1016/j.scitotenv.2025.179141,Mix,Rewilding in six areas for a couple of years,,each area compared with one nearby control ,Unkown ,"no feeding or drugs, but likely population control somehow",distal comparison with and without,with_introduction,30,1,300000,1,10000,4 per treatment ,,,plot,Europe,49.664,13.317,,DOB,Equus caballus,,"Introduced 1/2018, smaller herbivores such as roe deer have free access to control and treatment ",likely kept artifically constant,0.2 Equus caballus,0,individuals,hectare,4,,1460,1,2022,cumulative,soil_conditions,soil,soil,soil depth up to 10cm,,higher_level,soil,fine particles,% ,T,mean,SD,,,77.2,13.1,4,69.7,9.2,4,,,JT
dp_106,Kaštovská et al 2025 Science of The Total Environment,Trophic rewilding by large herbivores reduces plant nitrogen and water limitation across seven sites irrespective of their edaphic conditions,https://doi.org/10.1016/j.scitotenv.2025.179141,Mix,Rewilding in six areas for a couple of years,,each area compared with one nearby control ,Unkown ,"no feeding or drugs, but likely population control somehow",distal comparison with and without,with_introduction,35,1,350000,1,10000,4 per treatment ,,,plot,Europe,48.81,15.992,,HAV,Equus caballus,,"Introduced 5/2018, smaller herbivores such as roe deer have free access to control and treatment ",likely kept artifically constant,0.23 Equus caballus,0,individuals,hectare,4,,1460,1,2022,cumulative,soil_conditions,soil,soil,soil depth up to 10cm,,higher_level,soil,fine particles,% ,T,mean,SD,,,37.4,10.9,4,45.9,2,4,,,JT
dp_107,Kaštovská et al 2025 Science of The Total Environment,Trophic rewilding by large herbivores reduces plant nitrogen and water limitation across seven sites irrespective of their edaphic conditions,https://doi.org/10.1016/j.scitotenv.2025.179141,Mix,Rewilding in six areas for a couple of years,,each area compared with one nearby control ,Unkown ,"no feeding or drugs, but likely population control somehow",distal comparison with and without,with_introduction,29,1,290000,1,10000,4 per treatment ,,,plot,Europe,48.845,15.971,,MAS,Equus caballus,,"Introduced 5/2018, smaller herbivores such as roe deer have free access to control and treatment ",likely kept artifically constant,0.31 Equus caballus,0,individuals,hectare,4,,1460,1,2022,cumulative,soil_conditions,soil,soil,soil depth up to 10cm,,higher_level,soil,fine particles,% ,T,mean,SD,,,88.6,2,4,44.9,6.4,4,,,JT
dp_108,Kaštovská et al 2025 Science of The Total Environment,Trophic rewilding by large herbivores reduces plant nitrogen and water limitation across seven sites irrespective of their edaphic conditions,https://doi.org/10.1016/j.scitotenv.2025.179141,Mix,Rewilding in six areas for a couple of years,,each area compared with one nearby control ,Unkown ,"no feeding or drugs, but likely population control somehow",distal comparison with and without,with_introduction,18,1,180000,1,10000,4 per treatment ,,,plot,Europe,50.1878,15.861,,HRK,Equus caballus,,"Introduced 1/2018, smaller herbivores such as roe deer have free access to control and treatment ",likely kept artifically constant,0.17 Equus caballus,0,individuals,hectare,4,,1460,1,2022,cumulative,soil_conditions,soil,soil,soil depth up to 10cm,,higher_level,soil,fine particles,% ,T,mean,SD,,,19.1,21.1,4,27.5,20.1,4,,,JT
dp_109,Kaštovská et al 2025 Science of The Total Environment,Trophic rewilding by large herbivores reduces plant nitrogen and water limitation across seven sites irrespective of their edaphic conditions,https://doi.org/10.1016/j.scitotenv.2025.179141,Mix,Rewilding in six areas for a couple of years,,each area compared with one nearby control ,Unkown ,"no feeding or drugs, but likely population control somehow",distal comparison with and without,with_introduction,100,1,1000000,1,10000,4 per treatment ,,,plot,Europe,50.237,14.889,,MBV,Equus caballus; Bos taurus,,"Introduced 3/2015, smaller herbivores such as roe deer have free access to control and treatment ",likely kept artifically constant,0.25 Equus caballus; 0.09 Bos taurus,0,individuals,hectare,7,,2555,1,2022,cumulative,soil_conditions,soil,soil,soil depth up to 10cm,,higher_level,soil,pH,,T,mean,SD,,,7.29,0.34,4,7.84,0.33,4,,,JT
dp_110,Kaštovská et al 2025 Science of The Total Environment,Trophic rewilding by large herbivores reduces plant nitrogen and water limitation across seven sites irrespective of their edaphic conditions,https://doi.org/10.1016/j.scitotenv.2025.179141,Mix,Rewilding in six areas for a couple of years,,each area compared with one nearby control ,Unkown ,"no feeding or drugs, but likely population control somehow",distal comparison with and without,with_introduction,250,1,2500000,1,10000,4 per treatment ,,,plot,Europe,50.279,14.882,,MTR,Equus caballus; Bison bonasus; Bos taurus,,"Introduced 12/2015, smaller herbivores such as roe deer have free access to control and treatment ",likely kept artifically constant,0.16 Equus caballus; 0.12 Bison bonasus; 0.02 Bos taurus,0,individuals,hectare,7,,2555,1,2022,cumulative,soil_conditions,soil,soil,soil depth up to 10cm,,higher_level,soil,pH,,T,mean,SD,,,8.06,0.09,4,7.86,0.3,4,,,JT
dp_111,Kaštovská et al 2025 Science of The Total Environment,Trophic rewilding by large herbivores reduces plant nitrogen and water limitation across seven sites irrespective of their edaphic conditions,https://doi.org/10.1016/j.scitotenv.2025.179141,Mix,Rewilding in six areas for a couple of years,,each area compared with one nearby control ,Unkown ,"no feeding or drugs, but likely population control somehow",distal comparison with and without,with_introduction,30,1,300000,1,10000,4 per treatment ,,,plot,Europe,49.664,13.317,,DOB,Equus caballus,,"Introduced 1/2018, smaller herbivores such as roe deer have free access to control and treatment ",likely kept artifically constant,0.2 Equus caballus,0,individuals,hectare,4,,1460,1,2022,cumulative,soil_conditions,soil,soil,soil depth up to 10cm,,higher_level,soil,pH,,T,mean,SD,,,6.53,0.19,4,6.56,0.27,4,,,JT
dp_112,Kaštovská et al 2025 Science of The Total Environment,Trophic rewilding by large herbivores reduces plant nitrogen and water limitation across seven sites irrespective of their edaphic conditions,https://doi.org/10.1016/j.scitotenv.2025.179141,Mix,Rewilding in six areas for a couple of years,,each area compared with one nearby control ,Unkown ,"no feeding or drugs, but likely population control somehow",distal comparison with and without,with_introduction,35,1,350000,1,10000,4 per treatment ,,,plot,Europe,48.81,15.992,,HAV,Equus caballus,,"Introduced 5/2018, smaller herbivores such as roe deer have free access to control and treatment ",likely kept artifically constant,0.23 Equus caballus,0,individuals,hectare,4,,1460,1,2022,cumulative,soil_conditions,soil,soil,soil depth up to 10cm,,higher_level,soil,pH,,T,mean,SD,,,5.26,0.08,4,5.94,0.14,4,,,JT
dp_113,Kaštovská et al 2025 Science of The Total Environment,Trophic rewilding by large herbivores reduces plant nitrogen and water limitation across seven sites irrespective of their edaphic conditions,https://doi.org/10.1016/j.scitotenv.2025.179141,Mix,Rewilding in six areas for a couple of years,,each area compared with one nearby control ,Unkown ,"no feeding or drugs, but likely population control somehow",distal comparison with and without,with_introduction,29,1,290000,1,10000,4 per treatment ,,,plot,Europe,48.845,15.971,,MAS,Equus caballus,,"Introduced 5/2018, smaller herbivores such as roe deer have free access to control and treatment ",likely kept artifically constant,0.31 Equus caballus,0,individuals,hectare,4,,1460,1,2022,cumulative,soil_conditions,soil,soil,soil depth up to 10cm,,higher_level,soil,pH,,T,mean,SD,,,6.71,0.49,4,5.58,0.04,4,,,JT
dp_114,Kaštovská et al 2025 Science of The Total Environment,Trophic rewilding by large herbivores reduces plant nitrogen and water limitation across seven sites irrespective of their edaphic conditions,https://doi.org/10.1016/j.scitotenv.2025.179141,Mix,Rewilding in six areas for a couple of years,,each area compared with one nearby control ,Unkown ,"no feeding or drugs, but likely population control somehow",distal comparison with and without,with_introduction,18,1,180000,1,10000,4 per treatment ,,,plot,Europe,50.1878,15.861,,HRK,Equus caballus,,"Introduced 1/2018, smaller herbivores such as roe deer have free access to control and treatment ",likely kept artifically constant,0.17 Equus caballus,0,individuals,hectare,4,,1460,1,2022,cumulative,soil_conditions,soil,soil,soil depth up to 10cm,,higher_level,soil,pH,,T,mean,SD,,,6.63,0.3,4,7.28,0.55,4,,,JT
dp_115,Kaštovská et al 2025 Science of The Total Environment,Trophic rewilding by large herbivores reduces plant nitrogen and water limitation across seven sites irrespective of their edaphic conditions,https://doi.org/10.1016/j.scitotenv.2025.179141,Mix,Rewilding in six areas for a couple of years,,each area compared with one nearby control ,Unkown ,"no feeding or drugs, but likely population control somehow",distal comparison with and without,with_introduction,100,1,1000000,1,10000,4 per treatment ,,,plot,Europe,50.237,14.889,,MBV,Equus caballus; Bos taurus,,"Introduced 3/2015, smaller herbivores such as roe deer have free access to control and treatment ",likely kept artifically constant,0.25 Equus caballus; 0.09 Bos taurus,0,individuals,hectare,7,,2555,1,2022,cumulative,soil_nutrients,soil,soil,soil depth up to 10cm,,higher_level,soil,soil C content,mg/g,T,mean,SD,,,24.4,4.7,4,24.1,1.7,4,,,JT
dp_116,Kaštovská et al 2025 Science of The Total Environment,Trophic rewilding by large herbivores reduces plant nitrogen and water limitation across seven sites irrespective of their edaphic conditions,https://doi.org/10.1016/j.scitotenv.2025.179141,Mix,Rewilding in six areas for a couple of years,,each area compared with one nearby control ,Unkown ,"no feeding or drugs, but likely population control somehow",distal comparison with and without,with_introduction,250,1,2500000,1,10000,4 per treatment ,,,plot,Europe,50.279,14.882,,MTR,Equus caballus; Bison bonasus; Bos taurus,,"Introduced 12/2015, smaller herbivores such as roe deer have free access to control and treatment ",likely kept artifically constant,0.16 Equus caballus; 0.12 Bison bonasus; 0.02 Bos taurus,0,individuals,hectare,7,,2555,1,2022,cumulative,soil_nutrients,soil,soil,soil depth up to 10cm,,higher_level,soil,soil C content,mg/g,T,mean,SD,,,25.3,5.9,4,19.4,4,4,,,JT
dp_117,Kaštovská et al 2025 Science of The Total Environment,Trophic rewilding by large herbivores reduces plant nitrogen and water limitation across seven sites irrespective of their edaphic conditions,https://doi.org/10.1016/j.scitotenv.2025.179141,Mix,Rewilding in six areas for a couple of years,,each area compared with one nearby control ,Unkown ,"no feeding or drugs, but likely population control somehow",distal comparison with and without,with_introduction,30,1,300000,1,10000,4 per treatment ,,,plot,Europe,49.664,13.317,,DOB,Equus caballus,,"Introduced 1/2018, smaller herbivores such as roe deer have free access to control and treatment ",likely kept artifically constant,0.2 Equus caballus,0,individuals,hectare,4,,1460,1,2022,cumulative,soil_nutrients,soil,soil,soil depth up to 10cm,,higher_level,soil,soil C content,mg/g,T,mean,SD,,,24.6,8.8,4,23,9.8,4,,,JT
dp_118,Kaštovská et al 2025 Science of The Total Environment,Trophic rewilding by large herbivores reduces plant nitrogen and water limitation across seven sites irrespective of their edaphic conditions,https://doi.org/10.1016/j.scitotenv.2025.179141,Mix,Rewilding in six areas for a couple of years,,each area compared with one nearby control ,Unkown ,"no feeding or drugs, but likely population control somehow",distal comparison with and without,with_introduction,35,1,350000,1,10000,4 per treatment ,,,plot,Europe,48.81,15.992,,HAV,Equus caballus,,"Introduced 5/2018, smaller herbivores such as roe deer have free access to control and treatment ",likely kept artifically constant,0.23 Equus caballus,0,individuals,hectare,4,,1460,1,2022,cumulative,soil_nutrients,soil,soil,soil depth up to 10cm,,higher_level,soil,soil C content,mg/g,T,mean,SD,,,27.8,10.4,4,21.6,3.6,4,,,JT
dp_119,Kaštovská et al 2025 Science of The Total Environment,Trophic rewilding by large herbivores reduces plant nitrogen and water limitation across seven sites irrespective of their edaphic conditions,https://doi.org/10.1016/j.scitotenv.2025.179141,Mix,Rewilding in six areas for a couple of years,,each area compared with one nearby control ,Unkown ,"no feeding or drugs, but likely population control somehow",distal comparison with and without,with_introduction,29,1,290000,1,10000,4 per treatment ,,,plot,Europe,48.845,15.971,,MAS,Equus caballus,,"Introduced 5/2018, smaller herbivores such as roe deer have free access to control and treatment ",likely kept artifically constant,0.31 Equus caballus,0,individuals,hectare,4,,1460,1,2022,cumulative,soil_nutrients,soil,soil,soil depth up to 10cm,,higher_level,soil,soil C content,mg/g,T,mean,SD,,,23.2,3.2,4,18.4,0.9,4,,,JT
dp_120,Kaštovská et al 2025 Science of The Total Environment,Trophic rewilding by large herbivores reduces plant nitrogen and water limitation across seven sites irrespective of their edaphic conditions,https://doi.org/10.1016/j.scitotenv.2025.179141,Mix,Rewilding in six areas for a couple of years,,each area compared with one nearby control ,Unkown ,"no feeding or drugs, but likely population control somehow",distal comparison with and without,with_introduction,18,1,180000,1,10000,4 per treatment ,,,plot,Europe,50.1878,15.861,,HRK,Equus caballus,,"Introduced 1/2018, smaller herbivores such as roe deer have free access to control and treatment ",likely kept artifically constant,0.17 Equus caballus,0,individuals,hectare,4,,1460,1,2022,cumulative,soil_nutrients,soil,soil,soil depth up to 10cm,,higher_level,soil,soil C content,mg/g,T,mean,SD,,,21,5.6,4,21.3,5.6,4,,,JT
dp_121,Kaštovská et al 2025 Science of The Total Environment,Trophic rewilding by large herbivores reduces plant nitrogen and water limitation across seven sites irrespective of their edaphic conditions,https://doi.org/10.1016/j.scitotenv.2025.179141,Mix,Rewilding in six areas for a couple of years,,each area compared with one nearby control ,Unkown ,"no feeding or drugs, but likely population control somehow",distal comparison with and without,with_introduction,100,1,1000000,1,10000,4 per treatment ,,,plot,Europe,50.237,14.889,,MBV,Equus caballus; Bos taurus,,"Introduced 3/2015, smaller herbivores such as roe deer have free access to control and treatment ",likely kept artifically constant,0.25 Equus caballus; 0.09 Bos taurus,0,individuals,hectare,7,,2555,1,2022,cumulative,soil_nutrients,soil,soil,soil depth up to 10cm,,higher_level,soil,soil N content,mg/g,T,mean,SD,,,2.03,0.31,4,2.05,0.08,4,,,JT
dp_122,Kaštovská et al 2025 Science of The Total Environment,Trophic rewilding by large herbivores reduces plant nitrogen and water limitation across seven sites irrespective of their edaphic conditions,https://doi.org/10.1016/j.scitotenv.2025.179141,Mix,Rewilding in six areas for a couple of years,,each area compared with one nearby control ,Unkown ,"no feeding or drugs, but likely population control somehow",distal comparison with and without,with_introduction,250,1,2500000,1,10000,4 per treatment ,,,plot,Europe,50.279,14.882,,MTR,Equus caballus; Bison bonasus; Bos taurus,,"Introduced 12/2015, smaller herbivores such as roe deer have free access to control and treatment ",likely kept artifically constant,0.16 Equus caballus; 0.12 Bison bonasus; 0.02 Bos taurus,0,individuals,hectare,7,,2555,1,2022,cumulative,soil_nutrients,soil,soil,soil depth up to 10cm,,higher_level,soil,soil N content,mg/g,T,mean,SD,,,2.13,0.49,4,1.63,0.3,4,,,JT
dp_123,Kaštovská et al 2025 Science of The Total Environment,Trophic rewilding by large herbivores reduces plant nitrogen and water limitation across seven sites irrespective of their edaphic conditions,https://doi.org/10.1016/j.scitotenv.2025.179141,Mix,Rewilding in six areas for a couple of years,,each area compared with one nearby control ,Unkown ,"no feeding or drugs, but likely population control somehow",distal comparison with and without,with_introduction,30,1,300000,1,10000,4 per treatment ,,,plot,Europe,49.664,13.317,,DOB,Equus caballus,,"Introduced 1/2018, smaller herbivores such as roe deer have free access to control and treatment ",likely kept artifically constant,0.2 Equus caballus,0,individuals,hectare,4,,1460,1,2022,cumulative,soil_nutrients,soil,soil,soil depth up to 10cm,,higher_level,soil,soil N content,mg/g,T,mean,SD,,,1.87,0.56,4,1.84,0.8,4,,,JT
dp_124,Kaštovská et al 2025 Science of The Total Environment,Trophic rewilding by large herbivores reduces plant nitrogen and water limitation across seven sites irrespective of their edaphic conditions,https://doi.org/10.1016/j.scitotenv.2025.179141,Mix,Rewilding in six areas for a couple of years,,each area compared with one nearby control ,Unkown ,"no feeding or drugs, but likely population control somehow",distal comparison with and without,with_introduction,35,1,350000,1,10000,4 per treatment ,,,plot,Europe,48.81,15.992,,HAV,Equus caballus,,"Introduced 5/2018, smaller herbivores such as roe deer have free access to control and treatment ",likely kept artifically constant,0.23 Equus caballus,0,individuals,hectare,4,,1460,1,2022,cumulative,soil_nutrients,soil,soil,soil depth up to 10cm,,higher_level,soil,soil N content,mg/g,T,mean,SD,,,2.06,0.73,4,1.93,0.3,4,,,JT
dp_125,Kaštovská et al 2025 Science of The Total Environment,Trophic rewilding by large herbivores reduces plant nitrogen and water limitation across seven sites irrespective of their edaphic conditions,https://doi.org/10.1016/j.scitotenv.2025.179141,Mix,Rewilding in six areas for a couple of years,,each area compared with one nearby control ,Unkown ,"no feeding or drugs, but likely population control somehow",distal comparison with and without,with_introduction,29,1,290000,1,10000,4 per treatment ,,,plot,Europe,48.845,15.971,,MAS,Equus caballus,,"Introduced 5/2018, smaller herbivores such as roe deer have free access to control and treatment ",likely kept artifically constant,0.31 Equus caballus,0,individuals,hectare,4,,1460,1,2022,cumulative,soil_nutrients,soil,soil,soil depth up to 10cm,,higher_level,soil,soil N content,mg/g,T,mean,SD,,,2.12,0.32,4,1.53,0.02,4,,,JT
dp_126,Kaštovská et al 2025 Science of The Total Environment,Trophic rewilding by large herbivores reduces plant nitrogen and water limitation across seven sites irrespective of their edaphic conditions,https://doi.org/10.1016/j.scitotenv.2025.179141,Mix,Rewilding in six areas for a couple of years,,each area compared with one nearby control ,Unkown ,"no feeding or drugs, but likely population control somehow",distal comparison with and without,with_introduction,18,1,180000,1,10000,4 per treatment ,,,plot,Europe,50.1878,15.861,,HRK,Equus caballus,,"Introduced 1/2018, smaller herbivores such as roe deer have free access to control and treatment ",likely kept artifically constant,0.17 Equus caballus,0,individuals,hectare,4,,1460,1,2022,cumulative,soil_nutrients,soil,soil,soil depth up to 10cm,,higher_level,soil,soil N content,mg/g,T,mean,SD,,,1.38,0.35,4,1.54,0.48,4,,,JT
dp_127,Kaštovská et al 2025 Science of The Total Environment,Trophic rewilding by large herbivores reduces plant nitrogen and water limitation across seven sites irrespective of their edaphic conditions,https://doi.org/10.1016/j.scitotenv.2025.179141,Mix,Rewilding in six areas for a couple of years,,each area compared with one nearby control ,Unkown ,"no feeding or drugs, but likely population control somehow",distal comparison with and without,with_introduction,100,1,1000000,1,10000,4 per treatment ,,,plot,Europe,50.237,14.889,,MBV,Equus caballus; Bos taurus,,"Introduced 3/2015, smaller herbivores such as roe deer have free access to control and treatment ",likely kept artifically constant,0.25 Equus caballus; 0.09 Bos taurus,0,individuals,hectare,7,,2555,1,2022,cumulative,soil_nutrients,soil,soil,soil depth up to 10cm,,higher_level,soil,soil P content,mg/g,T,mean,SD,,,0.64,0.17,4,0.67,0.24,4,,,JT
dp_128,Kaštovská et al 2025 Science of The Total Environment,Trophic rewilding by large herbivores reduces plant nitrogen and water limitation across seven sites irrespective of their edaphic conditions,https://doi.org/10.1016/j.scitotenv.2025.179141,Mix,Rewilding in six areas for a couple of years,,each area compared with one nearby control ,Unkown ,"no feeding or drugs, but likely population control somehow",distal comparison with and without,with_introduction,250,1,2500000,1,10000,4 per treatment ,,,plot,Europe,50.279,14.882,,MTR,Equus caballus; Bison bonasus; Bos taurus,,"Introduced 12/2015, smaller herbivores such as roe deer have free access to control and treatment ",likely kept artifically constant,0.16 Equus caballus; 0.12 Bison bonasus; 0.02 Bos taurus,0,individuals,hectare,7,,2555,1,2022,cumulative,soil_nutrients,soil,soil,soil depth up to 10cm,,higher_level,soil,soil P content,mg/g,T,mean,SD,,,0.22,0.02,4,0.7,0.51,4,,,JT
dp_129,Kaštovská et al 2025 Science of The Total Environment,Trophic rewilding by large herbivores reduces plant nitrogen and water limitation across seven sites irrespective of their edaphic conditions,https://doi.org/10.1016/j.scitotenv.2025.179141,Mix,Rewilding in six areas for a couple of years,,each area compared with one nearby control ,Unkown ,"no feeding or drugs, but likely population control somehow",distal comparison with and without,with_introduction,30,1,300000,1,10000,4 per treatment ,,,plot,Europe,49.664,13.317,,DOB,Equus caballus,,"Introduced 1/2018, smaller herbivores such as roe deer have free access to control and treatment ",likely kept artifically constant,0.2 Equus caballus,0,individuals,hectare,4,,1460,1,2022,cumulative,soil_nutrients,soil,soil,soil depth up to 10cm,,higher_level,soil,soil P content,mg/g,T,mean,SD,,,0.98,0.49,4,0.9,0.41,4,,,JT
dp_130,Kaštovská et al 2025 Science of The Total Environment,Trophic rewilding by large herbivores reduces plant nitrogen and water limitation across seven sites irrespective of their edaphic conditions,https://doi.org/10.1016/j.scitotenv.2025.179141,Mix,Rewilding in six areas for a couple of years,,each area compared with one nearby control ,Unkown ,"no feeding or drugs, but likely population control somehow",distal comparison with and without,with_introduction,35,1,350000,1,10000,4 per treatment ,,,plot,Europe,48.81,15.992,,HAV,Equus caballus,,"Introduced 5/2018, smaller herbivores such as roe deer have free access to control and treatment ",likely kept artifically constant,0.23 Equus caballus,0,individuals,hectare,4,,1460,1,2022,cumulative,soil_nutrients,soil,soil,soil depth up to 10cm,,higher_level,soil,soil P content,mg/g,T,mean,SD,,,0.28,0.04,4,0.37,0.04,4,,,JT
dp_131,Kaštovská et al 2025 Science of The Total Environment,Trophic rewilding by large herbivores reduces plant nitrogen and water limitation across seven sites irrespective of their edaphic conditions,https://doi.org/10.1016/j.scitotenv.2025.179141,Mix,Rewilding in six areas for a couple of years,,each area compared with one nearby control ,Unkown ,"no feeding or drugs, but likely population control somehow",distal comparison with and without,with_introduction,29,1,290000,1,10000,4 per treatment ,,,plot,Europe,48.845,15.971,,MAS,Equus caballus,,"Introduced 5/2018, smaller herbivores such as roe deer have free access to control and treatment ",likely kept artifically constant,0.31 Equus caballus,0,individuals,hectare,4,,1460,1,2022,cumulative,soil_nutrients,soil,soil,soil depth up to 10cm,,higher_level,soil,soil P content,mg/g,T,mean,SD,,,0.6,0.38,4,0.29,0.01,4,,,JT
dp_132,Kaštovská et al 2025 Science of The Total Environment,Trophic rewilding by large herbivores reduces plant nitrogen and water limitation across seven sites irrespective of their edaphic conditions,https://doi.org/10.1016/j.scitotenv.2025.179141,Mix,Rewilding in six areas for a couple of years,,each area compared with one nearby control ,Unkown ,"no feeding or drugs, but likely population control somehow",distal comparison with and without,with_introduction,18,1,180000,1,10000,4 per treatment ,,,plot,Europe,50.1878,15.861,,HRK,Equus caballus,,"Introduced 1/2018, smaller herbivores such as roe deer have free access to control and treatment ",likely kept artifically constant,0.17 Equus caballus,0,individuals,hectare,4,,1460,1,2022,cumulative,soil_nutrients,soil,soil,soil depth up to 10cm,,higher_level,soil,soil P content,mg/g,T,mean,SD,,,0.16,0.07,4,0.27,0.08,4,,,JT
dp_133,Kaštovská et al 2025 Science of The Total Environment,Trophic rewilding by large herbivores reduces plant nitrogen and water limitation across seven sites irrespective of their edaphic conditions,https://doi.org/10.1016/j.scitotenv.2025.179141,Mix,Rewilding in six areas for a couple of years,,each area compared with one nearby control ,Unkown ,"no feeding or drugs, but likely population control somehow",distal comparison with and without,with_introduction,100,1,1000000,1,10000,4 per treatment ,0.0625,16 per treatment,subplot ,Europe,50.237,14.889,,MBV,Equus caballus; Bos taurus,,"Introduced 3/2015, smaller herbivores such as roe deer have free access to control and treatment ",likely kept artifically constant,0.25 Equus caballus; 0.09 Bos taurus,0,individuals,hectare,7,,2555,1,2022,cumulative,plant_nutrients,vegetation,plants,aboveground,,higher_level,all plants,Aboveground C/N ratio,,T,mean,SD,,,35.1,3.5,4,40.3,4.9,4,,,JT
dp_134,Kaštovská et al 2025 Science of The Total Environment,Trophic rewilding by large herbivores reduces plant nitrogen and water limitation across seven sites irrespective of their edaphic conditions,https://doi.org/10.1016/j.scitotenv.2025.179141,Mix,Rewilding in six areas for a couple of years,,each area compared with one nearby control ,Unkown ,"no feeding or drugs, but likely population control somehow",distal comparison with and without,with_introduction,250,1,2500000,1,10000,4 per treatment ,0.0625,16 per treatment,subplot ,Europe,50.279,14.882,,MTR,Equus caballus; Bison bonasus; Bos taurus,,"Introduced 12/2015, smaller herbivores such as roe deer have free access to control and treatment ",likely kept artifically constant,0.16 Equus caballus; 0.12 Bison bonasus; 0.02 Bos taurus,0,individuals,hectare,7,,2555,1,2022,cumulative,plant_nutrients,vegetation,plants,aboveground,,higher_level,all plants,Aboveground C/N ratio,,T,mean,SD,,,36.1,3.1,4,41.6,2.1,4,,,JT
dp_135,Kaštovská et al 2025 Science of The Total Environment,Trophic rewilding by large herbivores reduces plant nitrogen and water limitation across seven sites irrespective of their edaphic conditions,https://doi.org/10.1016/j.scitotenv.2025.179141,Mix,Rewilding in six areas for a couple of years,,each area compared with one nearby control ,Unkown ,"no feeding or drugs, but likely population control somehow",distal comparison with and without,with_introduction,30,1,300000,1,10000,4 per treatment ,0.0625,16 per treatment,subplot ,Europe,49.664,13.317,,DOB,Equus caballus,,"Introduced 1/2018, smaller herbivores such as roe deer have free access to control and treatment ",likely kept artifically constant,0.2 Equus caballus,0,individuals,hectare,4,,1460,1,2022,cumulative,plant_nutrients,vegetation,plants,aboveground,,higher_level,all plants,Aboveground C/N ratio,,T,mean,SD,,,20.3,1.5,4,23.3,3.8,4,,,JT
dp_136,Kaštovská et al 2025 Science of The Total Environment,Trophic rewilding by large herbivores reduces plant nitrogen and water limitation across seven sites irrespective of their edaphic conditions,https://doi.org/10.1016/j.scitotenv.2025.179141,Mix,Rewilding in six areas for a couple of years,,each area compared with one nearby control ,Unkown ,"no feeding or drugs, but likely population control somehow",distal comparison with and without,with_introduction,35,1,350000,1,10000,4 per treatment ,0.0625,16 per treatment,subplot ,Europe,48.81,15.992,,HAV,Equus caballus,,"Introduced 5/2018, smaller herbivores such as roe deer have free access to control and treatment ",likely kept artifically constant,0.23 Equus caballus,0,individuals,hectare,4,,1460,1,2022,cumulative,plant_nutrients,vegetation,plants,aboveground,,higher_level,all plants,Aboveground C/N ratio,,T,mean,SD,,,24.2,2.6,4,28,2,4,,,JT
dp_137,Kaštovská et al 2025 Science of The Total Environment,Trophic rewilding by large herbivores reduces plant nitrogen and water limitation across seven sites irrespective of their edaphic conditions,https://doi.org/10.1016/j.scitotenv.2025.179141,Mix,Rewilding in six areas for a couple of years,,each area compared with one nearby control ,Unkown ,"no feeding or drugs, but likely population control somehow",distal comparison with and without,with_introduction,29,1,290000,1,10000,4 per treatment ,0.0625,16 per treatment,subplot ,Europe,48.845,15.971,,MAS,Equus caballus,,"Introduced 5/2018, smaller herbivores such as roe deer have free access to control and treatment ",likely kept artifically constant,0.31 Equus caballus,0,individuals,hectare,4,,1460,1,2022,cumulative,plant_nutrients,vegetation,plants,aboveground,,higher_level,all plants,Aboveground C/N ratio,,T,mean,SD,,,21.2,1.5,4,24.5,3.3,4,,,JT
dp_138,Kaštovská et al 2025 Science of The Total Environment,Trophic rewilding by large herbivores reduces plant nitrogen and water limitation across seven sites irrespective of their edaphic conditions,https://doi.org/10.1016/j.scitotenv.2025.179141,Mix,Rewilding in six areas for a couple of years,,each area compared with one nearby control ,Unkown ,"no feeding or drugs, but likely population control somehow",distal comparison with and without,with_introduction,18,1,180000,1,10000,4 per treatment ,0.0625,16 per treatment,subplot ,Europe,50.1878,15.861,,HRK,Equus caballus,,"Introduced 1/2018, smaller herbivores such as roe deer have free access to control and treatment ",likely kept artifically constant,0.17 Equus caballus,0,individuals,hectare,4,,1460,1,2022,cumulative,plant_nutrients,vegetation,plants,aboveground,,higher_level,all plants,Aboveground C/N ratio,,T,mean,SD,,,22.1,3.5,4,25.2,2,4,,,JT
dp_139,Kaštovská et al 2025 Science of The Total Environment,Trophic rewilding by large herbivores reduces plant nitrogen and water limitation across seven sites irrespective of their edaphic conditions,https://doi.org/10.1016/j.scitotenv.2025.179141,Mix,Rewilding in six areas for a couple of years,,each area compared with one nearby control ,Unkown ,"no feeding or drugs, but likely population control somehow",distal comparison with and without,with_introduction,100,1,1000000,1,10000,4 per treatment ,0.0625,16 per treatment,subplot ,Europe,50.237,14.889,,MBV,Equus caballus; Bos taurus,,"Introduced 3/2015, smaller herbivores such as roe deer have free access to control and treatment ",likely kept artifically constant,0.25 Equus caballus; 0.09 Bos taurus,0,individuals,hectare,7,,2555,1,2022,cumulative,plant_nutrients,vegetation,plants,aboveground,,higher_level,all plants,Aboveground C/P ratio,,T,mean,SD,,,828,296,4,1243,691,4,,,JT
dp_140,Kaštovská et al 2025 Science of The Total Environment,Trophic rewilding by large herbivores reduces plant nitrogen and water limitation across seven sites irrespective of their edaphic conditions,https://doi.org/10.1016/j.scitotenv.2025.179141,Mix,Rewilding in six areas for a couple of years,,each area compared with one nearby control ,Unkown ,"no feeding or drugs, but likely population control somehow",distal comparison with and without,with_introduction,250,1,2500000,1,10000,4 per treatment ,0.0625,16 per treatment,subplot ,Europe,50.279,14.882,,MTR,Equus caballus; Bison bonasus; Bos taurus,,"Introduced 12/2015, smaller herbivores such as roe deer have free access to control and treatment ",likely kept artifically constant,0.16 Equus caballus; 0.12 Bison bonasus; 0.02 Bos taurus,0,individuals,hectare,7,,2555,1,2022,cumulative,plant_nutrients,vegetation,plants,aboveground,,higher_level,all plants,Aboveground C/P ratio,,T,mean,SD,,,1068,189,4,844,181,4,,,JT
dp_141,Kaštovská et al 2025 Science of The Total Environment,Trophic rewilding by large herbivores reduces plant nitrogen and water limitation across seven sites irrespective of their edaphic conditions,https://doi.org/10.1016/j.scitotenv.2025.179141,Mix,Rewilding in six areas for a couple of years,,each area compared with one nearby control ,Unkown ,"no feeding or drugs, but likely population control somehow",distal comparison with and without,with_introduction,30,1,300000,1,10000,4 per treatment ,0.0625,16 per treatment,subplot ,Europe,49.664,13.317,,DOB,Equus caballus,,"Introduced 1/2018, smaller herbivores such as roe deer have free access to control and treatment ",likely kept artifically constant,0.2 Equus caballus,0,individuals,hectare,4,,1460,1,2022,cumulative,plant_nutrients,vegetation,plants,aboveground,,higher_level,all plants,Aboveground C/P ratio,,T,mean,SD,,,365,52,4,393,121,4,,,JT
dp_142,Kaštovská et al 2025 Science of The Total Environment,Trophic rewilding by large herbivores reduces plant nitrogen and water limitation across seven sites irrespective of their edaphic conditions,https://doi.org/10.1016/j.scitotenv.2025.179141,Mix,Rewilding in six areas for a couple of years,,each area compared with one nearby control ,Unkown ,"no feeding or drugs, but likely population control somehow",distal comparison with and without,with_introduction,35,1,350000,1,10000,4 per treatment ,0.0625,16 per treatment,subplot ,Europe,48.81,15.992,,HAV,Equus caballus,,"Introduced 5/2018, smaller herbivores such as roe deer have free access to control and treatment ",likely kept artifically constant,0.23 Equus caballus,0,individuals,hectare,4,,1460,1,2022,cumulative,plant_nutrients,vegetation,plants,aboveground,,higher_level,all plants,Aboveground C/P ratio,,T,mean,SD,,,532,111,4,436,104,4,,,JT
dp_143,Kaštovská et al 2025 Science of The Total Environment,Trophic rewilding by large herbivores reduces plant nitrogen and water limitation across seven sites irrespective of their edaphic conditions,https://doi.org/10.1016/j.scitotenv.2025.179141,Mix,Rewilding in six areas for a couple of years,,each area compared with one nearby control ,Unkown ,"no feeding or drugs, but likely population control somehow",distal comparison with and without,with_introduction,29,1,290000,1,10000,4 per treatment ,0.0625,16 per treatment,subplot ,Europe,48.845,15.971,,MAS,Equus caballus,,"Introduced 5/2018, smaller herbivores such as roe deer have free access to control and treatment ",likely kept artifically constant,0.31 Equus caballus,0,individuals,hectare,4,,1460,1,2022,cumulative,plant_nutrients,vegetation,plants,aboveground,,higher_level,all plants,Aboveground C/P ratio,,T,mean,SD,,,329,65,4,447,60,4,,,JT
dp_144,Kaštovská et al 2025 Science of The Total Environment,Trophic rewilding by large herbivores reduces plant nitrogen and water limitation across seven sites irrespective of their edaphic conditions,https://doi.org/10.1016/j.scitotenv.2025.179141,Mix,Rewilding in six areas for a couple of years,,each area compared with one nearby control ,Unkown ,"no feeding or drugs, but likely population control somehow",distal comparison with and without,with_introduction,18,1,180000,1,10000,4 per treatment ,0.0625,16 per treatment,subplot ,Europe,50.1878,15.861,,HRK,Equus caballus,,"Introduced 1/2018, smaller herbivores such as roe deer have free access to control and treatment ",likely kept artifically constant,0.17 Equus caballus,0,individuals,hectare,4,,1460,1,2022,cumulative,plant_nutrients,vegetation,plants,aboveground,,higher_level,all plants,Aboveground C/P ratio,,T,mean,SD,,,706,89,4,455,83,4,,,JT
dp_145,Kaštovská et al 2025 Science of The Total Environment,Trophic rewilding by large herbivores reduces plant nitrogen and water limitation across seven sites irrespective of their edaphic conditions,https://doi.org/10.1016/j.scitotenv.2025.179141,Mix,Rewilding in six areas for a couple of years,,each area compared with one nearby control ,Unkown ,"no feeding or drugs, but likely population control somehow",distal comparison with and without,with_introduction,100,1,1000000,1,10000,4 per treatment ,0.0625,16 per treatment,subplot ,Europe,50.237,14.889,,MBV,Equus caballus; Bos taurus,,"Introduced 3/2015, smaller herbivores such as roe deer have free access to control and treatment ",likely kept artifically constant,0.25 Equus caballus; 0.09 Bos taurus,0,individuals,hectare,7,,2555,1,2022,cumulative,plant_nutrients,vegetation,plants,aboveground,,higher_level,all plants,Aboveground N/P ratio,,T,mean,SD,,,23.3,6.7,4,28.9,11.6,4,,,JT
dp_146,Kaštovská et al 2025 Science of The Total Environment,Trophic rewilding by large herbivores reduces plant nitrogen and water limitation across seven sites irrespective of their edaphic conditions,https://doi.org/10.1016/j.scitotenv.2025.179141,Mix,Rewilding in six areas for a couple of years,,each area compared with one nearby control ,Unkown ,"no feeding or drugs, but likely population control somehow",distal comparison with and without,with_introduction,250,1,2500000,1,10000,4 per treatment ,0.0625,16 per treatment,subplot ,Europe,50.279,14.882,,MTR,Equus caballus; Bison bonasus; Bos taurus,,"Introduced 12/2015, smaller herbivores such as roe deer have free access to control and treatment ",likely kept artifically constant,0.16 Equus caballus; 0.12 Bison bonasus; 0.02 Bos taurus,0,individuals,hectare,7,,2555,1,2022,cumulative,plant_nutrients,vegetation,plants,aboveground,,higher_level,all plants,Aboveground N/P ratio,,T,mean,SD,,,29.5,3.5,4,20,3.4,4,,,JT
dp_147,Kaštovská et al 2025 Science of The Total Environment,Trophic rewilding by large herbivores reduces plant nitrogen and water limitation across seven sites irrespective of their edaphic conditions,https://doi.org/10.1016/j.scitotenv.2025.179141,Mix,Rewilding in six areas for a couple of years,,each area compared with one nearby control ,Unkown ,"no feeding or drugs, but likely population control somehow",distal comparison with and without,with_introduction,30,1,300000,1,10000,4 per treatment ,0.0625,16 per treatment,subplot ,Europe,49.664,13.317,,DOB,Equus caballus,,"Introduced 1/2018, smaller herbivores such as roe deer have free access to control and treatment ",likely kept artifically constant,0.2 Equus caballus,0,individuals,hectare,4,,1460,1,2022,cumulative,plant_nutrients,vegetation,plants,aboveground,,higher_level,all plants,Aboveground N/P ratio,,T,mean,SD,,,18.3,3.6,4,17,2.5,4,,,JT
dp_148,Kaštovská et al 2025 Science of The Total Environment,Trophic rewilding by large herbivores reduces plant nitrogen and water limitation across seven sites irrespective of their edaphic conditions,https://doi.org/10.1016/j.scitotenv.2025.179141,Mix,Rewilding in six areas for a couple of years,,each area compared with one nearby control ,Unkown ,"no feeding or drugs, but likely population control somehow",distal comparison with and without,with_introduction,35,1,350000,1,10000,4 per treatment ,0.0625,16 per treatment,subplot ,Europe,48.81,15.992,,HAV,Equus caballus,,"Introduced 5/2018, smaller herbivores such as roe deer have free access to control and treatment ",likely kept artifically constant,0.23 Equus caballus,0,individuals,hectare,4,,1460,1,2022,cumulative,plant_nutrients,vegetation,plants,aboveground,,higher_level,all plants,Aboveground N/P ratio,,T,mean,SD,,,22.3,3.5,4,15.3,3,4,,,JT
dp_149,Kaštovská et al 2025 Science of The Total Environment,Trophic rewilding by large herbivores reduces plant nitrogen and water limitation across seven sites irrespective of their edaphic conditions,https://doi.org/10.1016/j.scitotenv.2025.179141,Mix,Rewilding in six areas for a couple of years,,each area compared with one nearby control ,Unkown ,"no feeding or drugs, but likely population control somehow",distal comparison with and without,with_introduction,29,1,290000,1,10000,4 per treatment ,0.0625,16 per treatment,subplot ,Europe,48.845,15.971,,MAS,Equus caballus,,"Introduced 5/2018, smaller herbivores such as roe deer have free access to control and treatment ",likely kept artifically constant,0.31 Equus caballus,0,individuals,hectare,4,,1460,1,2022,cumulative,plant_nutrients,vegetation,plants,aboveground,,higher_level,all plants,Aboveground N/P ratio,,T,mean,SD,,,16,3,4,18.7,0.6,4,,,JT
dp_150,Kaštovská et al 2025 Science of The Total Environment,Trophic rewilding by large herbivores reduces plant nitrogen and water limitation across seven sites irrespective of their edaphic conditions,https://doi.org/10.1016/j.scitotenv.2025.179141,Mix,Rewilding in six areas for a couple of years,,each area compared with one nearby control ,Unkown ,"no feeding or drugs, but likely population control somehow",distal comparison with and without,with_introduction,18,1,180000,1,10000,4 per treatment ,0.0625,16 per treatment,subplot ,Europe,50.1878,15.861,,HRK,Equus caballus,,"Introduced 1/2018, smaller herbivores such as roe deer have free access to control and treatment ",likely kept artifically constant,0.17 Equus caballus,0,individuals,hectare,4,,1460,1,2022,cumulative,plant_nutrients,vegetation,plants,aboveground,,higher_level,all plants,Aboveground N/P ratio,,T,mean,SD,,,33.1,2.8,4,18.3,2.9,4,,,JT
dp_151,Kaštovská et al 2025 Science of The Total Environment,Trophic rewilding by large herbivores reduces plant nitrogen and water limitation across seven sites irrespective of their edaphic conditions,https://doi.org/10.1016/j.scitotenv.2025.179141,Mix,Rewilding in six areas for a couple of years,,each area compared with one nearby control ,Unkown ,"no feeding or drugs, but likely population control somehow",distal comparison with and without,with_introduction,100,1,1000000,1,10000,4 per treatment ,0.0625,16 per treatment,subplot ,Europe,50.237,14.889,,MBV,Equus caballus; Bos taurus,,"Introduced 3/2015, smaller herbivores such as roe deer have free access to control and treatment ",likely kept artifically constant,0.25 Equus caballus; 0.09 Bos taurus,0,individuals,hectare,7,,2555,1,2022,cumulative,biomass,vegetation,plants,aboveground,,higher_level,all plants,Aboveground dry biomass,g/m2,T,mean,SD,,,159,25,4,202,84,4,,,JT
dp_152,Kaštovská et al 2025 Science of The Total Environment,Trophic rewilding by large herbivores reduces plant nitrogen and water limitation across seven sites irrespective of their edaphic conditions,https://doi.org/10.1016/j.scitotenv.2025.179141,Mix,Rewilding in six areas for a couple of years,,each area compared with one nearby control ,Unkown ,"no feeding or drugs, but likely population control somehow",distal comparison with and without,with_introduction,250,1,2500000,1,10000,4 per treatment ,0.0625,16 per treatment,subplot ,Europe,50.279,14.882,,MTR,Equus caballus; Bison bonasus; Bos taurus,,"Introduced 12/2015, smaller herbivores such as roe deer have free access to control and treatment ",likely kept artifically constant,0.16 Equus caballus; 0.12 Bison bonasus; 0.02 Bos taurus,0,individuals,hectare,7,,2555,1,2022,cumulative,biomass,vegetation,plants,aboveground,,higher_level,all plants,Aboveground dry biomass,g/m2,T,mean,SD,,,116,18,4,197,16,4,,,JT
dp_153,Kaštovská et al 2025 Science of The Total Environment,Trophic rewilding by large herbivores reduces plant nitrogen and water limitation across seven sites irrespective of their edaphic conditions,https://doi.org/10.1016/j.scitotenv.2025.179141,Mix,Rewilding in six areas for a couple of years,,each area compared with one nearby control ,Unkown ,"no feeding or drugs, but likely population control somehow",distal comparison with and without,with_introduction,30,1,300000,1,10000,4 per treatment ,0.0625,16 per treatment,subplot ,Europe,49.664,13.317,,DOB,Equus caballus,,"Introduced 1/2018, smaller herbivores such as roe deer have free access to control and treatment ",likely kept artifically constant,0.2 Equus caballus,0,individuals,hectare,4,,1460,1,2022,cumulative,biomass,vegetation,plants,aboveground,,higher_level,all plants,Aboveground dry biomass,g/m2,T,mean,SD,,,227,50,4,256,37,4,,,JT
dp_154,Kaštovská et al 2025 Science of The Total Environment,Trophic rewilding by large herbivores reduces plant nitrogen and water limitation across seven sites irrespective of their edaphic conditions,https://doi.org/10.1016/j.scitotenv.2025.179141,Mix,Rewilding in six areas for a couple of years,,each area compared with one nearby control ,Unkown ,"no feeding or drugs, but likely population control somehow",distal comparison with and without,with_introduction,35,1,350000,1,10000,4 per treatment ,0.0625,16 per treatment,subplot ,Europe,48.81,15.992,,HAV,Equus caballus,,"Introduced 5/2018, smaller herbivores such as roe deer have free access to control and treatment ",likely kept artifically constant,0.23 Equus caballus,0,individuals,hectare,4,,1460,1,2022,cumulative,biomass,vegetation,plants,aboveground,,higher_level,all plants,Aboveground dry biomass,g/m2,T,mean,SD,,,78,19,4,91,15,4,,,JT
dp_155,Kaštovská et al 2025 Science of The Total Environment,Trophic rewilding by large herbivores reduces plant nitrogen and water limitation across seven sites irrespective of their edaphic conditions,https://doi.org/10.1016/j.scitotenv.2025.179141,Mix,Rewilding in six areas for a couple of years,,each area compared with one nearby control ,Unkown ,"no feeding or drugs, but likely population control somehow",distal comparison with and without,with_introduction,29,1,290000,1,10000,4 per treatment ,0.0625,16 per treatment,subplot ,Europe,48.845,15.971,,MAS,Equus caballus,,"Introduced 5/2018, smaller herbivores such as roe deer have free access to control and treatment ",likely kept artifically constant,0.31 Equus caballus,0,individuals,hectare,4,,1460,1,2022,cumulative,biomass,vegetation,plants,aboveground,,higher_level,all plants,Aboveground dry biomass,g/m2,T,mean,SD,,,64,20,4,105,11,4,,,JT
dp_156,Kaštovská et al 2025 Science of The Total Environment,Trophic rewilding by large herbivores reduces plant nitrogen and water limitation across seven sites irrespective of their edaphic conditions,https://doi.org/10.1016/j.scitotenv.2025.179141,Mix,Rewilding in six areas for a couple of years,,each area compared with one nearby control ,Unkown ,"no feeding or drugs, but likely population control somehow",distal comparison with and without,with_introduction,18,1,180000,1,10000,4 per treatment ,0.0625,16 per treatment,subplot ,Europe,50.1878,15.861,,HRK,Equus caballus,,"Introduced 1/2018, smaller herbivores such as roe deer have free access to control and treatment ",likely kept artifically constant,0.17 Equus caballus,0,individuals,hectare,4,,1460,1,2022,cumulative,biomass,vegetation,plants,aboveground,,higher_level,all plants,Aboveground dry biomass,g/m2,T,mean,SD,,,75,6,4,148,29,4,,,JT
dp_157,Kaštovská et al 2025 Science of The Total Environment,Trophic rewilding by large herbivores reduces plant nitrogen and water limitation across seven sites irrespective of their edaphic conditions,https://doi.org/10.1016/j.scitotenv.2025.179141,Mix,Rewilding in six areas for a couple of years,,each area compared with one nearby control ,Unkown ,"no feeding or drugs, but likely population control somehow",distal comparison with and without,with_introduction,100,1,1000000,1,10000,4 per treatment ,0.0625,16 per treatment,subplot ,Europe,50.237,14.889,,MBV,Equus caballus; Bos taurus,,"Introduced 3/2015, smaller herbivores such as roe deer have free access to control and treatment ",likely kept artifically constant,0.25 Equus caballus; 0.09 Bos taurus,0,individuals,hectare,7,,2555,1,2022,cumulative,biomass,vegetation,plants,aboveground,,higher_level,all plants,Aboveground fresh biomass,g/m2,T,mean,SD,,,410,60,4,502,226,4,,,JT
dp_158,Kaštovská et al 2025 Science of The Total Environment,Trophic rewilding by large herbivores reduces plant nitrogen and water limitation across seven sites irrespective of their edaphic conditions,https://doi.org/10.1016/j.scitotenv.2025.179141,Mix,Rewilding in six areas for a couple of years,,each area compared with one nearby control ,Unkown ,"no feeding or drugs, but likely population control somehow",distal comparison with and without,with_introduction,250,1,2500000,1,10000,4 per treatment ,0.0625,16 per treatment,subplot ,Europe,50.279,14.882,,MTR,Equus caballus; Bison bonasus; Bos taurus,,"Introduced 12/2015, smaller herbivores such as roe deer have free access to control and treatment ",likely kept artifically constant,0.16 Equus caballus; 0.12 Bison bonasus; 0.02 Bos taurus,0,individuals,hectare,7,,2555,1,2022,cumulative,biomass,vegetation,plants,aboveground,,higher_level,all plants,Aboveground fresh biomass,g/m2,T,mean,SD,,,260,38,4,407,16,4,,,JT
dp_159,Kaštovská et al 2025 Science of The Total Environment,Trophic rewilding by large herbivores reduces plant nitrogen and water limitation across seven sites irrespective of their edaphic conditions,https://doi.org/10.1016/j.scitotenv.2025.179141,Mix,Rewilding in six areas for a couple of years,,each area compared with one nearby control ,Unkown ,"no feeding or drugs, but likely population control somehow",distal comparison with and without,with_introduction,30,1,300000,1,10000,4 per treatment ,0.0625,16 per treatment,subplot ,Europe,49.664,13.317,,DOB,Equus caballus,,"Introduced 1/2018, smaller herbivores such as roe deer have free access to control and treatment ",likely kept artifically constant,0.2 Equus caballus,0,individuals,hectare,4,,1460,1,2022,cumulative,biomass,vegetation,plants,aboveground,,higher_level,all plants,Aboveground fresh biomass,g/m2,T,mean,SD,,,821,109,4,708,198,4,,,JT
dp_160,Kaštovská et al 2025 Science of The Total Environment,Trophic rewilding by large herbivores reduces plant nitrogen and water limitation across seven sites irrespective of their edaphic conditions,https://doi.org/10.1016/j.scitotenv.2025.179141,Mix,Rewilding in six areas for a couple of years,,each area compared with one nearby control ,Unkown ,"no feeding or drugs, but likely population control somehow",distal comparison with and without,with_introduction,35,1,350000,1,10000,4 per treatment ,0.0625,16 per treatment,subplot ,Europe,48.81,15.992,,HAV,Equus caballus,,"Introduced 5/2018, smaller herbivores such as roe deer have free access to control and treatment ",likely kept artifically constant,0.23 Equus caballus,0,individuals,hectare,4,,1460,1,2022,cumulative,biomass,vegetation,plants,aboveground,,higher_level,all plants,Aboveground fresh biomass,g/m2,T,mean,SD,,,228,17,4,274,76,4,,,JT
dp_161,Kaštovská et al 2025 Science of The Total Environment,Trophic rewilding by large herbivores reduces plant nitrogen and water limitation across seven sites irrespective of their edaphic conditions,https://doi.org/10.1016/j.scitotenv.2025.179141,Mix,Rewilding in six areas for a couple of years,,each area compared with one nearby control ,Unkown ,"no feeding or drugs, but likely population control somehow",distal comparison with and without,with_introduction,29,1,290000,1,10000,4 per treatment ,0.0625,16 per treatment,subplot ,Europe,48.845,15.971,,MAS,Equus caballus,,"Introduced 5/2018, smaller herbivores such as roe deer have free access to control and treatment ",likely kept artifically constant,0.31 Equus caballus,0,individuals,hectare,4,,1460,1,2022,cumulative,biomass,vegetation,plants,aboveground,,higher_level,all plants,Aboveground fresh biomass,g/m2,T,mean,SD,,,228,91,4,347,5,4,,,JT
dp_162,Kaštovská et al 2025 Science of The Total Environment,Trophic rewilding by large herbivores reduces plant nitrogen and water limitation across seven sites irrespective of their edaphic conditions,https://doi.org/10.1016/j.scitotenv.2025.179141,Mix,Rewilding in six areas for a couple of years,,each area compared with one nearby control ,Unkown ,"no feeding or drugs, but likely population control somehow",distal comparison with and without,with_introduction,18,1,180000,1,10000,4 per treatment ,0.0625,16 per treatment,subplot ,Europe,50.1878,15.861,,HRK,Equus caballus,,"Introduced 1/2018, smaller herbivores such as roe deer have free access to control and treatment ",likely kept artifically constant,0.17 Equus caballus,0,individuals,hectare,4,,1460,1,2022,cumulative,biomass,vegetation,plants,aboveground,,higher_level,all plants,Aboveground fresh biomass,g/m2,T,mean,SD,,,213,57,4,508,84,4,,,JT
dp_163,Kaštovská et al 2025 Science of The Total Environment,Trophic rewilding by large herbivores reduces plant nitrogen and water limitation across seven sites irrespective of their edaphic conditions,https://doi.org/10.1016/j.scitotenv.2025.179141,Mix,Rewilding in six areas for a couple of years,,each area compared with one nearby control ,Unkown ,"no feeding or drugs, but likely population control somehow",distal comparison with and without,with_introduction,100,1,1000000,1,10000,4 per treatment ,0.0625,16 per treatment,subplot ,Europe,50.237,14.889,,MBV,Equus caballus; Bos taurus,,"Introduced 3/2015, smaller herbivores such as roe deer have free access to control and treatment ",likely kept artifically constant,0.25 Equus caballus; 0.09 Bos taurus,0,individuals,hectare,7,,2555,1,2022,cumulative,plant_nutrients,vegetation,plants,aboveground,,higher_level,all plants,Aboveground-C content,mg/g,T,mean,SD,,,432,2.5,4,430,6.2,4,,,JT
dp_164,Kaštovská et al 2025 Science of The Total Environment,Trophic rewilding by large herbivores reduces plant nitrogen and water limitation across seven sites irrespective of their edaphic conditions,https://doi.org/10.1016/j.scitotenv.2025.179141,Mix,Rewilding in six areas for a couple of years,,each area compared with one nearby control ,Unkown ,"no feeding or drugs, but likely population control somehow",distal comparison with and without,with_introduction,250,1,2500000,1,10000,4 per treatment ,0.0625,16 per treatment,subplot ,Europe,50.279,14.882,,MTR,Equus caballus; Bison bonasus; Bos taurus,,"Introduced 12/2015, smaller herbivores such as roe deer have free access to control and treatment ",likely kept artifically constant,0.16 Equus caballus; 0.12 Bison bonasus; 0.02 Bos taurus,0,individuals,hectare,7,,2555,1,2022,cumulative,plant_nutrients,vegetation,plants,aboveground,,higher_level,all plants,Aboveground-C content,mg/g,T,mean,SD,,,435,1.7,4,436,2.3,4,,,JT
dp_165,Kaštovská et al 2025 Science of The Total Environment,Trophic rewilding by large herbivores reduces plant nitrogen and water limitation across seven sites irrespective of their edaphic conditions,https://doi.org/10.1016/j.scitotenv.2025.179141,Mix,Rewilding in six areas for a couple of years,,each area compared with one nearby control ,Unkown ,"no feeding or drugs, but likely population control somehow",distal comparison with and without,with_introduction,30,1,300000,1,10000,4 per treatment ,0.0625,16 per treatment,subplot ,Europe,49.664,13.317,,DOB,Equus caballus,,"Introduced 1/2018, smaller herbivores such as roe deer have free access to control and treatment ",likely kept artifically constant,0.2 Equus caballus,0,individuals,hectare,4,,1460,1,2022,cumulative,plant_nutrients,vegetation,plants,aboveground,,higher_level,all plants,Aboveground-C content,mg/g,T,mean,SD,,,423,6,4,423,3.4,4,,,JT
dp_166,Kaštovská et al 2025 Science of The Total Environment,Trophic rewilding by large herbivores reduces plant nitrogen and water limitation across seven sites irrespective of their edaphic conditions,https://doi.org/10.1016/j.scitotenv.2025.179141,Mix,Rewilding in six areas for a couple of years,,each area compared with one nearby control ,Unkown ,"no feeding or drugs, but likely population control somehow",distal comparison with and without,with_introduction,35,1,350000,1,10000,4 per treatment ,0.0625,16 per treatment,subplot ,Europe,48.81,15.992,,HAV,Equus caballus,,"Introduced 5/2018, smaller herbivores such as roe deer have free access to control and treatment ",likely kept artifically constant,0.23 Equus caballus,0,individuals,hectare,4,,1460,1,2022,cumulative,plant_nutrients,vegetation,plants,aboveground,,higher_level,all plants,Aboveground-C content,mg/g,T,mean,SD,,,439,2.8,4,436,3.8,4,,,JT
dp_167,Kaštovská et al 2025 Science of The Total Environment,Trophic rewilding by large herbivores reduces plant nitrogen and water limitation across seven sites irrespective of their edaphic conditions,https://doi.org/10.1016/j.scitotenv.2025.179141,Mix,Rewilding in six areas for a couple of years,,each area compared with one nearby control ,Unkown ,"no feeding or drugs, but likely population control somehow",distal comparison with and without,with_introduction,29,1,290000,1,10000,4 per treatment ,0.0625,16 per treatment,subplot ,Europe,48.845,15.971,,MAS,Equus caballus,,"Introduced 5/2018, smaller herbivores such as roe deer have free access to control and treatment ",likely kept artifically constant,0.31 Equus caballus,0,individuals,hectare,4,,1460,1,2022,cumulative,plant_nutrients,vegetation,plants,aboveground,,higher_level,all plants,Aboveground-C content,mg/g,T,mean,SD,,,430,3.8,4,442,3.6,4,,,JT
dp_168,Kaštovská et al 2025 Science of The Total Environment,Trophic rewilding by large herbivores reduces plant nitrogen and water limitation across seven sites irrespective of their edaphic conditions,https://doi.org/10.1016/j.scitotenv.2025.179141,Mix,Rewilding in six areas for a couple of years,,each area compared with one nearby control ,Unkown ,"no feeding or drugs, but likely population control somehow",distal comparison with and without,with_introduction,18,1,180000,1,10000,4 per treatment ,0.0625,16 per treatment,subplot ,Europe,50.1878,15.861,,HRK,Equus caballus,,"Introduced 1/2018, smaller herbivores such as roe deer have free access to control and treatment ",likely kept artifically constant,0.17 Equus caballus,0,individuals,hectare,4,,1460,1,2022,cumulative,plant_nutrients,vegetation,plants,aboveground,,higher_level,all plants,Aboveground-C content,mg/g,T,mean,SD,,,436,3.6,4,425,5,4,,,JT
dp_169,Kaštovská et al 2025 Science of The Total Environment,Trophic rewilding by large herbivores reduces plant nitrogen and water limitation across seven sites irrespective of their edaphic conditions,https://doi.org/10.1016/j.scitotenv.2025.179141,Mix,Rewilding in six areas for a couple of years,,each area compared with one nearby control ,Unkown ,"no feeding or drugs, but likely population control somehow",distal comparison with and without,with_introduction,100,1,1000000,1,10000,4 per treatment ,0.0625,16 per treatment,subplot ,Europe,50.237,14.889,,MBV,Equus caballus; Bos taurus,,"Introduced 3/2015, smaller herbivores such as roe deer have free access to control and treatment ",likely kept artifically constant,0.25 Equus caballus; 0.09 Bos taurus,0,individuals,hectare,7,,2555,1,2022,cumulative,plant_nutrients,vegetation,plants,aboveground,,higher_level,all plants,Aboveground-N content,mg/g,T,mean,SD,,,14.7,1.5,4,12.8,1.5,4,,,JT
dp_170,Kaštovská et al 2025 Science of The Total Environment,Trophic rewilding by large herbivores reduces plant nitrogen and water limitation across seven sites irrespective of their edaphic conditions,https://doi.org/10.1016/j.scitotenv.2025.179141,Mix,Rewilding in six areas for a couple of years,,each area compared with one nearby control ,Unkown ,"no feeding or drugs, but likely population control somehow",distal comparison with and without,with_introduction,250,1,2500000,1,10000,4 per treatment ,0.0625,16 per treatment,subplot ,Europe,50.279,14.882,,MTR,Equus caballus; Bison bonasus; Bos taurus,,"Introduced 12/2015, smaller herbivores such as roe deer have free access to control and treatment ",likely kept artifically constant,0.16 Equus caballus; 0.12 Bison bonasus; 0.02 Bos taurus,0,individuals,hectare,7,,2555,1,2022,cumulative,plant_nutrients,vegetation,plants,aboveground,,higher_level,all plants,Aboveground-N content,mg/g,T,mean,SD,,,14.4,1.4,4,12.4,0.8,4,,,JT
dp_171,Kaštovská et al 2025 Science of The Total Environment,Trophic rewilding by large herbivores reduces plant nitrogen and water limitation across seven sites irrespective of their edaphic conditions,https://doi.org/10.1016/j.scitotenv.2025.179141,Mix,Rewilding in six areas for a couple of years,,each area compared with one nearby control ,Unkown ,"no feeding or drugs, but likely population control somehow",distal comparison with and without,with_introduction,30,1,300000,1,10000,4 per treatment ,0.0625,16 per treatment,subplot ,Europe,49.664,13.317,,DOB,Equus caballus,,"Introduced 1/2018, smaller herbivores such as roe deer have free access to control and treatment ",likely kept artifically constant,0.2 Equus caballus,0,individuals,hectare,4,,1460,1,2022,cumulative,plant_nutrients,vegetation,plants,aboveground,,higher_level,all plants,Aboveground-N content,mg/g,T,mean,SD,,,24.7,2.1,4,22.3,3.8,4,,,JT
dp_172,Kaštovská et al 2025 Science of The Total Environment,Trophic rewilding by large herbivores reduces plant nitrogen and water limitation across seven sites irrespective of their edaphic conditions,https://doi.org/10.1016/j.scitotenv.2025.179141,Mix,Rewilding in six areas for a couple of years,,each area compared with one nearby control ,Unkown ,"no feeding or drugs, but likely population control somehow",distal comparison with and without,with_introduction,35,1,350000,1,10000,4 per treatment ,0.0625,16 per treatment,subplot ,Europe,48.81,15.992,,HAV,Equus caballus,,"Introduced 5/2018, smaller herbivores such as roe deer have free access to control and treatment ",likely kept artifically constant,0.23 Equus caballus,0,individuals,hectare,4,,1460,1,2022,cumulative,plant_nutrients,vegetation,plants,aboveground,,higher_level,all plants,Aboveground-N content,mg/g,T,mean,SD,,,22,2.9,4,18.5,1.2,4,,,JT
dp_173,Kaštovská et al 2025 Science of The Total Environment,Trophic rewilding by large herbivores reduces plant nitrogen and water limitation across seven sites irrespective of their edaphic conditions,https://doi.org/10.1016/j.scitotenv.2025.179141,Mix,Rewilding in six areas for a couple of years,,each area compared with one nearby control ,Unkown ,"no feeding or drugs, but likely population control somehow",distal comparison with and without,with_introduction,29,1,290000,1,10000,4 per treatment ,0.0625,16 per treatment,subplot ,Europe,48.845,15.971,,MAS,Equus caballus,,"Introduced 5/2018, smaller herbivores such as roe deer have free access to control and treatment ",likely kept artifically constant,0.31 Equus caballus,0,individuals,hectare,4,,1460,1,2022,cumulative,plant_nutrients,vegetation,plants,aboveground,,higher_level,all plants,Aboveground-N content,mg/g,T,mean,SD,,,24.5,2.3,4,22.9,3,4,,,JT
dp_174,Kaštovská et al 2025 Science of The Total Environment,Trophic rewilding by large herbivores reduces plant nitrogen and water limitation across seven sites irrespective of their edaphic conditions,https://doi.org/10.1016/j.scitotenv.2025.179141,Mix,Rewilding in six areas for a couple of years,,each area compared with one nearby control ,Unkown ,"no feeding or drugs, but likely population control somehow",distal comparison with and without,with_introduction,18,1,180000,1,10000,4 per treatment ,0.0625,16 per treatment,subplot ,Europe,50.1878,15.861,,HRK,Equus caballus,,"Introduced 1/2018, smaller herbivores such as roe deer have free access to control and treatment ",likely kept artifically constant,0.17 Equus caballus,0,individuals,hectare,4,,1460,1,2022,cumulative,plant_nutrients,vegetation,plants,aboveground,,higher_level,all plants,Aboveground-N content,mg/g,T,mean,SD,,,24.2,4.6,4,20.1,2,4,,,JT
dp_175,Kaštovská et al 2025 Science of The Total Environment,Trophic rewilding by large herbivores reduces plant nitrogen and water limitation across seven sites irrespective of their edaphic conditions,https://doi.org/10.1016/j.scitotenv.2025.179141,Mix,Rewilding in six areas for a couple of years,,each area compared with one nearby control ,Unkown ,"no feeding or drugs, but likely population control somehow",distal comparison with and without,with_introduction,100,1,1000000,1,10000,4 per treatment ,0.0625,16 per treatment,subplot ,Europe,50.237,14.889,,MBV,Equus caballus; Bos taurus,,"Introduced 3/2015, smaller herbivores such as roe deer have free access to control and treatment ",likely kept artifically constant,0.25 Equus caballus; 0.09 Bos taurus,0,individuals,hectare,7,,2555,1,2022,cumulative,plant_nutrients,vegetation,plants,aboveground,,higher_level,all plants,Aboveground-P content,mg/g,T,mean,SD,,,1.6,0.6,4,1.2,0.5,4,,,JT
dp_176,Kaštovská et al 2025 Science of The Total Environment,Trophic rewilding by large herbivores reduces plant nitrogen and water limitation across seven sites irrespective of their edaphic conditions,https://doi.org/10.1016/j.scitotenv.2025.179141,Mix,Rewilding in six areas for a couple of years,,each area compared with one nearby control ,Unkown ,"no feeding or drugs, but likely population control somehow",distal comparison with and without,with_introduction,250,1,2500000,1,10000,4 per treatment ,0.0625,16 per treatment,subplot ,Europe,50.279,14.882,,MTR,Equus caballus; Bison bonasus; Bos taurus,,"Introduced 12/2015, smaller herbivores such as roe deer have free access to control and treatment ",likely kept artifically constant,0.16 Equus caballus; 0.12 Bison bonasus; 0.02 Bos taurus,0,individuals,hectare,7,,2555,1,2022,cumulative,plant_nutrients,vegetation,plants,aboveground,,higher_level,all plants,Aboveground-P content,mg/g,T,mean,SD,,,1.1,0.2,4,1.5,0.3,4,,,JT
dp_177,Kaštovská et al 2025 Science of The Total Environment,Trophic rewilding by large herbivores reduces plant nitrogen and water limitation across seven sites irrespective of their edaphic conditions,https://doi.org/10.1016/j.scitotenv.2025.179141,Mix,Rewilding in six areas for a couple of years,,each area compared with one nearby control ,Unkown ,"no feeding or drugs, but likely population control somehow",distal comparison with and without,with_introduction,30,1,300000,1,10000,4 per treatment ,0.0625,16 per treatment,subplot ,Europe,49.664,13.317,,DOB,Equus caballus,,"Introduced 1/2018, smaller herbivores such as roe deer have free access to control and treatment ",likely kept artifically constant,0.2 Equus caballus,0,individuals,hectare,4,,1460,1,2022,cumulative,plant_nutrients,vegetation,plants,aboveground,,higher_level,all plants,Aboveground-P content,mg/g,T,mean,SD,,,3.1,0.4,4,3,0.7,4,,,JT
dp_178,Kaštovská et al 2025 Science of The Total Environment,Trophic rewilding by large herbivores reduces plant nitrogen and water limitation across seven sites irrespective of their edaphic conditions,https://doi.org/10.1016/j.scitotenv.2025.179141,Mix,Rewilding in six areas for a couple of years,,each area compared with one nearby control ,Unkown ,"no feeding or drugs, but likely population control somehow",distal comparison with and without,with_introduction,35,1,350000,1,10000,4 per treatment ,0.0625,16 per treatment,subplot ,Europe,48.81,15.992,,HAV,Equus caballus,,"Introduced 5/2018, smaller herbivores such as roe deer have free access to control and treatment ",likely kept artifically constant,0.23 Equus caballus,0,individuals,hectare,4,,1460,1,2022,cumulative,plant_nutrients,vegetation,plants,aboveground,,higher_level,all plants,Aboveground-P content,mg/g,T,mean,SD,,,2.4,0.4,4,2.9,0.6,4,,,JT
dp_179,Kaštovská et al 2025 Science of The Total Environment,Trophic rewilding by large herbivores reduces plant nitrogen and water limitation across seven sites irrespective of their edaphic conditions,https://doi.org/10.1016/j.scitotenv.2025.179141,Mix,Rewilding in six areas for a couple of years,,each area compared with one nearby control ,Unkown ,"no feeding or drugs, but likely population control somehow",distal comparison with and without,with_introduction,29,1,290000,1,10000,4 per treatment ,0.0625,16 per treatment,subplot ,Europe,48.845,15.971,,MAS,Equus caballus,,"Introduced 5/2018, smaller herbivores such as roe deer have free access to control and treatment ",likely kept artifically constant,0.31 Equus caballus,0,individuals,hectare,4,,1460,1,2022,cumulative,plant_nutrients,vegetation,plants,aboveground,,higher_level,all plants,Aboveground-P content,mg/g,T,mean,SD,,,3.6,0.8,4,2.8,0.2,4,,,JT
dp_180,Kaštovská et al 2025 Science of The Total Environment,Trophic rewilding by large herbivores reduces plant nitrogen and water limitation across seven sites irrespective of their edaphic conditions,https://doi.org/10.1016/j.scitotenv.2025.179141,Mix,Rewilding in six areas for a couple of years,,each area compared with one nearby control ,Unkown ,"no feeding or drugs, but likely population control somehow",distal comparison with and without,with_introduction,18,1,180000,1,10000,4 per treatment ,0.0625,16 per treatment,subplot ,Europe,50.1878,15.861,,HRK,Equus caballus,,"Introduced 1/2018, smaller herbivores such as roe deer have free access to control and treatment ",likely kept artifically constant,0.17 Equus caballus,0,individuals,hectare,4,,1460,1,2022,cumulative,plant_nutrients,vegetation,plants,aboveground,,higher_level,all plants,Aboveground-P content,mg/g,T,mean,SD,,,1.7,0.2,4,2.5,0.4,4,,,JT
dp_181,Kaštovská et al 2025 Science of The Total Environment,Trophic rewilding by large herbivores reduces plant nitrogen and water limitation across seven sites irrespective of their edaphic conditions,https://doi.org/10.1016/j.scitotenv.2025.179141,Mix,Rewilding in six areas for a couple of years,,each area compared with one nearby control ,Unkown ,"no feeding or drugs, but likely population control somehow",distal comparison with and without,with_introduction,100,1,1000000,1,10000,4 per treatment ,0.007854,16 per treatment,subplot ,Europe,50.237,14.889,,MBV,Equus caballus; Bos taurus,,"Introduced 3/2015, smaller herbivores such as roe deer have free access to control and treatment ",likely kept artifically constant,0.25 Equus caballus; 0.09 Bos taurus,0,individuals,hectare,7,,2555,1,2022,cumulative,plant_conditions,vegetation,plants,aboveground & belowground 0-15cm,,higher_level,all plants,Aboveground/Belowground,,T,mean,SD,,,0.41,0.09,4,0.61,0.14,4,,,JT
dp_182,Kaštovská et al 2025 Science of The Total Environment,Trophic rewilding by large herbivores reduces plant nitrogen and water limitation across seven sites irrespective of their edaphic conditions,https://doi.org/10.1016/j.scitotenv.2025.179141,Mix,Rewilding in six areas for a couple of years,,each area compared with one nearby control ,Unkown ,"no feeding or drugs, but likely population control somehow",distal comparison with and without,with_introduction,250,1,2500000,1,10000,4 per treatment ,0.007854,16 per treatment,subplot ,Europe,50.279,14.882,,MTR,Equus caballus; Bison bonasus; Bos taurus,,"Introduced 12/2015, smaller herbivores such as roe deer have free access to control and treatment ",likely kept artifically constant,0.16 Equus caballus; 0.12 Bison bonasus; 0.02 Bos taurus,0,individuals,hectare,7,,2555,1,2022,cumulative,plant_conditions,vegetation,plants,aboveground & belowground 0-15cm,,higher_level,all plants,Aboveground/Belowground,,T,mean,SD,,,0.5,0.21,4,0.6,0.17,4,,,JT
dp_183,Kaštovská et al 2025 Science of The Total Environment,Trophic rewilding by large herbivores reduces plant nitrogen and water limitation across seven sites irrespective of their edaphic conditions,https://doi.org/10.1016/j.scitotenv.2025.179141,Mix,Rewilding in six areas for a couple of years,,each area compared with one nearby control ,Unkown ,"no feeding or drugs, but likely population control somehow",distal comparison with and without,with_introduction,30,1,300000,1,10000,4 per treatment ,0.007854,16 per treatment,subplot ,Europe,49.664,13.317,,DOB,Equus caballus,,"Introduced 1/2018, smaller herbivores such as roe deer have free access to control and treatment ",likely kept artifically constant,0.2 Equus caballus,0,individuals,hectare,4,,1460,1,2022,cumulative,plant_conditions,vegetation,plants,aboveground & belowground 0-15cm,,higher_level,all plants,Aboveground/Belowground,,T,mean,SD,,,0.79,0.33,4,0.9,0.23,4,,,JT
dp_184,Kaštovská et al 2025 Science of The Total Environment,Trophic rewilding by large herbivores reduces plant nitrogen and water limitation across seven sites irrespective of their edaphic conditions,https://doi.org/10.1016/j.scitotenv.2025.179141,Mix,Rewilding in six areas for a couple of years,,each area compared with one nearby control ,Unkown ,"no feeding or drugs, but likely population control somehow",distal comparison with and without,with_introduction,35,1,350000,1,10000,4 per treatment ,0.007854,16 per treatment,subplot ,Europe,48.81,15.992,,HAV,Equus caballus,,"Introduced 5/2018, smaller herbivores such as roe deer have free access to control and treatment ",likely kept artifically constant,0.23 Equus caballus,0,individuals,hectare,4,,1460,1,2022,cumulative,plant_conditions,vegetation,plants,aboveground & belowground 0-15cm,,higher_level,all plants,Aboveground/Belowground,,T,mean,SD,,,0.24,0.07,4,0.32,0.07,4,,,JT
dp_185,Kaštovská et al 2025 Science of The Total Environment,Trophic rewilding by large herbivores reduces plant nitrogen and water limitation across seven sites irrespective of their edaphic conditions,https://doi.org/10.1016/j.scitotenv.2025.179141,Mix,Rewilding in six areas for a couple of years,,each area compared with one nearby control ,Unkown ,"no feeding or drugs, but likely population control somehow",distal comparison with and without,with_introduction,29,1,290000,1,10000,4 per treatment ,0.007854,16 per treatment,subplot ,Europe,48.845,15.971,,MAS,Equus caballus,,"Introduced 5/2018, smaller herbivores such as roe deer have free access to control and treatment ",likely kept artifically constant,0.31 Equus caballus,0,individuals,hectare,4,,1460,1,2022,cumulative,plant_conditions,vegetation,plants,aboveground & belowground 0-15cm,,higher_level,all plants,Aboveground/Belowground,,T,mean,SD,,,0.24,0.11,4,0.23,0.02,4,,,JT
dp_186,Kaštovská et al 2025 Science of The Total Environment,Trophic rewilding by large herbivores reduces plant nitrogen and water limitation across seven sites irrespective of their edaphic conditions,https://doi.org/10.1016/j.scitotenv.2025.179141,Mix,Rewilding in six areas for a couple of years,,each area compared with one nearby control ,Unkown ,"no feeding or drugs, but likely population control somehow",distal comparison with and without,with_introduction,18,1,180000,1,10000,4 per treatment ,0.007854,16 per treatment,subplot ,Europe,50.1878,15.861,,HRK,Equus caballus,,"Introduced 1/2018, smaller herbivores such as roe deer have free access to control and treatment ",likely kept artifically constant,0.17 Equus caballus,0,individuals,hectare,4,,1460,1,2022,cumulative,plant_conditions,vegetation,plants,aboveground & belowground 0-15cm,,higher_level,all plants,Aboveground/Belowground,,T,mean,SD,,,0.2,0.03,4,0.48,0.22,4,,,JT
dp_187,Kaštovská et al 2025 Science of The Total Environment,Trophic rewilding by large herbivores reduces plant nitrogen and water limitation across seven sites irrespective of their edaphic conditions,https://doi.org/10.1016/j.scitotenv.2025.179141,Mix,Rewilding in six areas for a couple of years,,each area compared with one nearby control ,Unkown ,"no feeding or drugs, but likely population control somehow",distal comparison with and without,with_introduction,100,1,1000000,1,10000,4 per treatment ,0.007854,16 per treatment,subplot ,Europe,50.237,14.889,,MBV,Equus caballus; Bos taurus,,"Introduced 3/2015, smaller herbivores such as roe deer have free access to control and treatment ",likely kept artifically constant,0.25 Equus caballus; 0.09 Bos taurus,0,individuals,hectare,7,,2555,1,2022,cumulative,plant_nutrients,vegetation,plants,belowground 0-15cm,,higher_level,all plants,Belowground C/N ratio,,T,mean,SD,,,53.5,1.9,4,58.4,10.5,4,,,JT
dp_188,Kaštovská et al 2025 Science of The Total Environment,Trophic rewilding by large herbivores reduces plant nitrogen and water limitation across seven sites irrespective of their edaphic conditions,https://doi.org/10.1016/j.scitotenv.2025.179141,Mix,Rewilding in six areas for a couple of years,,each area compared with one nearby control ,Unkown ,"no feeding or drugs, but likely population control somehow",distal comparison with and without,with_introduction,250,1,2500000,1,10000,4 per treatment ,0.007854,16 per treatment,subplot ,Europe,50.279,14.882,,MTR,Equus caballus; Bison bonasus; Bos taurus,,"Introduced 12/2015, smaller herbivores such as roe deer have free access to control and treatment ",likely kept artifically constant,0.16 Equus caballus; 0.12 Bison bonasus; 0.02 Bos taurus,0,individuals,hectare,7,,2555,1,2022,cumulative,plant_nutrients,vegetation,plants,belowground 0-15cm,,higher_level,all plants,Belowground C/N ratio,,T,mean,SD,,,57.5,10.5,4,63.6,10.2,4,,,JT
dp_189,Kaštovská et al 2025 Science of The Total Environment,Trophic rewilding by large herbivores reduces plant nitrogen and water limitation across seven sites irrespective of their edaphic conditions,https://doi.org/10.1016/j.scitotenv.2025.179141,Mix,Rewilding in six areas for a couple of years,,each area compared with one nearby control ,Unkown ,"no feeding or drugs, but likely population control somehow",distal comparison with and without,with_introduction,30,1,300000,1,10000,4 per treatment ,0.007854,16 per treatment,subplot ,Europe,49.664,13.317,,DOB,Equus caballus,,"Introduced 1/2018, smaller herbivores such as roe deer have free access to control and treatment ",likely kept artifically constant,0.2 Equus caballus,0,individuals,hectare,4,,1460,1,2022,cumulative,plant_nutrients,vegetation,plants,belowground 0-15cm,,higher_level,all plants,Belowground C/N ratio,,T,mean,SD,,,40.6,14.4,4,42.2,8.9,4,,,JT
dp_190,Kaštovská et al 2025 Science of The Total Environment,Trophic rewilding by large herbivores reduces plant nitrogen and water limitation across seven sites irrespective of their edaphic conditions,https://doi.org/10.1016/j.scitotenv.2025.179141,Mix,Rewilding in six areas for a couple of years,,each area compared with one nearby control ,Unkown ,"no feeding or drugs, but likely population control somehow",distal comparison with and without,with_introduction,35,1,350000,1,10000,4 per treatment ,0.007854,16 per treatment,subplot ,Europe,48.81,15.992,,HAV,Equus caballus,,"Introduced 5/2018, smaller herbivores such as roe deer have free access to control and treatment ",likely kept artifically constant,0.23 Equus caballus,0,individuals,hectare,4,,1460,1,2022,cumulative,plant_nutrients,vegetation,plants,belowground 0-15cm,,higher_level,all plants,Belowground C/N ratio,,T,mean,SD,,,47.3,4.3,4,43,4.9,4,,,JT
dp_191,Kaštovská et al 2025 Science of The Total Environment,Trophic rewilding by large herbivores reduces plant nitrogen and water limitation across seven sites irrespective of their edaphic conditions,https://doi.org/10.1016/j.scitotenv.2025.179141,Mix,Rewilding in six areas for a couple of years,,each area compared with one nearby control ,Unkown ,"no feeding or drugs, but likely population control somehow",distal comparison with and without,with_introduction,29,1,290000,1,10000,4 per treatment ,0.007854,16 per treatment,subplot ,Europe,48.845,15.971,,MAS,Equus caballus,,"Introduced 5/2018, smaller herbivores such as roe deer have free access to control and treatment ",likely kept artifically constant,0.31 Equus caballus,0,individuals,hectare,4,,1460,1,2022,cumulative,plant_nutrients,vegetation,plants,belowground 0-15cm,,higher_level,all plants,Belowground C/N ratio,,T,mean,SD,,,46.4,3.8,4,42.3,0.6,4,,,JT
dp_192,Kaštovská et al 2025 Science of The Total Environment,Trophic rewilding by large herbivores reduces plant nitrogen and water limitation across seven sites irrespective of their edaphic conditions,https://doi.org/10.1016/j.scitotenv.2025.179141,Mix,Rewilding in six areas for a couple of years,,each area compared with one nearby control ,Unkown ,"no feeding or drugs, but likely population control somehow",distal comparison with and without,with_introduction,18,1,180000,1,10000,4 per treatment ,0.007854,16 per treatment,subplot ,Europe,50.1878,15.861,,HRK,Equus caballus,,"Introduced 1/2018, smaller herbivores such as roe deer have free access to control and treatment ",likely kept artifically constant,0.17 Equus caballus,0,individuals,hectare,4,,1460,1,2022,cumulative,plant_nutrients,vegetation,plants,belowground 0-15cm,,higher_level,all plants,Belowground C/N ratio,,T,mean,SD,,,55.8,11.1,4,53.2,13.1,4,,,JT
dp_193,Kaštovská et al 2025 Science of The Total Environment,Trophic rewilding by large herbivores reduces plant nitrogen and water limitation across seven sites irrespective of their edaphic conditions,https://doi.org/10.1016/j.scitotenv.2025.179141,Mix,Rewilding in six areas for a couple of years,,each area compared with one nearby control ,Unkown ,"no feeding or drugs, but likely population control somehow",distal comparison with and without,with_introduction,100,1,1000000,1,10000,4 per treatment ,0.007854,16 per treatment,subplot ,Europe,50.237,14.889,,MBV,Equus caballus; Bos taurus,,"Introduced 3/2015, smaller herbivores such as roe deer have free access to control and treatment ",likely kept artifically constant,0.25 Equus caballus; 0.09 Bos taurus,0,individuals,hectare,7,,2555,1,2022,cumulative,plant_nutrients,vegetation,plants,belowground 0-15cm,,higher_level,all plants,Belowground C/P ratio,,T,mean,SD,,,1053,343,4,1381,376,4,,,JT
dp_194,Kaštovská et al 2025 Science of The Total Environment,Trophic rewilding by large herbivores reduces plant nitrogen and water limitation across seven sites irrespective of their edaphic conditions,https://doi.org/10.1016/j.scitotenv.2025.179141,Mix,Rewilding in six areas for a couple of years,,each area compared with one nearby control ,Unkown ,"no feeding or drugs, but likely population control somehow",distal comparison with and without,with_introduction,250,1,2500000,1,10000,4 per treatment ,0.007854,16 per treatment,subplot ,Europe,50.279,14.882,,MTR,Equus caballus; Bison bonasus; Bos taurus,,"Introduced 12/2015, smaller herbivores such as roe deer have free access to control and treatment ",likely kept artifically constant,0.16 Equus caballus; 0.12 Bison bonasus; 0.02 Bos taurus,0,individuals,hectare,7,,2555,1,2022,cumulative,plant_nutrients,vegetation,plants,belowground 0-15cm,,higher_level,all plants,Belowground C/P ratio,,T,mean,SD,,,1579,321,4,1522,370,4,,,JT
dp_195,Kaštovská et al 2025 Science of The Total Environment,Trophic rewilding by large herbivores reduces plant nitrogen and water limitation across seven sites irrespective of their edaphic conditions,https://doi.org/10.1016/j.scitotenv.2025.179141,Mix,Rewilding in six areas for a couple of years,,each area compared with one nearby control ,Unkown ,"no feeding or drugs, but likely population control somehow",distal comparison with and without,with_introduction,30,1,300000,1,10000,4 per treatment ,0.007854,16 per treatment,subplot ,Europe,49.664,13.317,,DOB,Equus caballus,,"Introduced 1/2018, smaller herbivores such as roe deer have free access to control and treatment ",likely kept artifically constant,0.2 Equus caballus,0,individuals,hectare,4,,1460,1,2022,cumulative,plant_nutrients,vegetation,plants,belowground 0-15cm,,higher_level,all plants,Belowground C/P ratio,,T,mean,SD,,,553,90,4,564,214,4,,,JT
dp_196,Kaštovská et al 2025 Science of The Total Environment,Trophic rewilding by large herbivores reduces plant nitrogen and water limitation across seven sites irrespective of their edaphic conditions,https://doi.org/10.1016/j.scitotenv.2025.179141,Mix,Rewilding in six areas for a couple of years,,each area compared with one nearby control ,Unkown ,"no feeding or drugs, but likely population control somehow",distal comparison with and without,with_introduction,35,1,350000,1,10000,4 per treatment ,0.007854,16 per treatment,subplot ,Europe,48.81,15.992,,HAV,Equus caballus,,"Introduced 5/2018, smaller herbivores such as roe deer have free access to control and treatment ",likely kept artifically constant,0.23 Equus caballus,0,individuals,hectare,4,,1460,1,2022,cumulative,plant_nutrients,vegetation,plants,belowground 0-15cm,,higher_level,all plants,Belowground C/P ratio,,T,mean,SD,,,779,232,4,928,186,4,,,JT
dp_197,Kaštovská et al 2025 Science of The Total Environment,Trophic rewilding by large herbivores reduces plant nitrogen and water limitation across seven sites irrespective of their edaphic conditions,https://doi.org/10.1016/j.scitotenv.2025.179141,Mix,Rewilding in six areas for a couple of years,,each area compared with one nearby control ,Unkown ,"no feeding or drugs, but likely population control somehow",distal comparison with and without,with_introduction,29,1,290000,1,10000,4 per treatment ,0.007854,16 per treatment,subplot ,Europe,48.845,15.971,,MAS,Equus caballus,,"Introduced 5/2018, smaller herbivores such as roe deer have free access to control and treatment ",likely kept artifically constant,0.31 Equus caballus,0,individuals,hectare,4,,1460,1,2022,cumulative,plant_nutrients,vegetation,plants,belowground 0-15cm,,higher_level,all plants,Belowground C/P ratio,,T,mean,SD,,,1190,248,4,1129,112,4,,,JT
dp_198,Kaštovská et al 2025 Science of The Total Environment,Trophic rewilding by large herbivores reduces plant nitrogen and water limitation across seven sites irrespective of their edaphic conditions,https://doi.org/10.1016/j.scitotenv.2025.179141,Mix,Rewilding in six areas for a couple of years,,each area compared with one nearby control ,Unkown ,"no feeding or drugs, but likely population control somehow",distal comparison with and without,with_introduction,18,1,180000,1,10000,4 per treatment ,0.007854,16 per treatment,subplot ,Europe,50.1878,15.861,,HRK,Equus caballus,,"Introduced 1/2018, smaller herbivores such as roe deer have free access to control and treatment ",likely kept artifically constant,0.17 Equus caballus,0,individuals,hectare,4,,1460,1,2022,cumulative,plant_nutrients,vegetation,plants,belowground 0-15cm,,higher_level,all plants,Belowground C/P ratio,,T,mean,SD,,,1765,218,4,936,303,4,,,JT
dp_199,Kaštovská et al 2025 Science of The Total Environment,Trophic rewilding by large herbivores reduces plant nitrogen and water limitation across seven sites irrespective of their edaphic conditions,https://doi.org/10.1016/j.scitotenv.2025.179141,Mix,Rewilding in six areas for a couple of years,,each area compared with one nearby control ,Unkown ,"no feeding or drugs, but likely population control somehow",distal comparison with and without,with_introduction,100,1,1000000,1,10000,4 per treatment ,0.007854,16 per treatment,subplot ,Europe,50.237,14.889,,MBV,Equus caballus; Bos taurus,,"Introduced 3/2015, smaller herbivores such as roe deer have free access to control and treatment ",likely kept artifically constant,0.25 Equus caballus; 0.09 Bos taurus,0,individuals,hectare,7,,2555,1,2022,cumulative,plant_nutrients,vegetation,plants,belowground 0-15cm,,higher_level,all plants,Belowground N/P ratio,,T,mean,SD,,,20.4,6.3,4,23.8,2.2,4,,,JT
dp_200,Kaštovská et al 2025 Science of The Total Environment,Trophic rewilding by large herbivores reduces plant nitrogen and water limitation across seven sites irrespective of their edaphic conditions,https://doi.org/10.1016/j.scitotenv.2025.179141,Mix,Rewilding in six areas for a couple of years,,each area compared with one nearby control ,Unkown ,"no feeding or drugs, but likely population control somehow",distal comparison with and without,with_introduction,250,1,2500000,1,10000,4 per treatment ,0.007854,16 per treatment,subplot ,Europe,50.279,14.882,,MTR,Equus caballus; Bison bonasus; Bos taurus,,"Introduced 12/2015, smaller herbivores such as roe deer have free access to control and treatment ",likely kept artifically constant,0.16 Equus caballus; 0.12 Bison bonasus; 0.02 Bos taurus,0,individuals,hectare,7,,2555,1,2022,cumulative,plant_nutrients,vegetation,plants,belowground 0-15cm,,higher_level,all plants,Belowground N/P ratio,,T,mean,SD,,,29,8.2,4,23.9,5.4,4,,,JT
dp_201,Kaštovská et al 2025 Science of The Total Environment,Trophic rewilding by large herbivores reduces plant nitrogen and water limitation across seven sites irrespective of their edaphic conditions,https://doi.org/10.1016/j.scitotenv.2025.179141,Mix,Rewilding in six areas for a couple of years,,each area compared with one nearby control ,Unkown ,"no feeding or drugs, but likely population control somehow",distal comparison with and without,with_introduction,30,1,300000,1,10000,4 per treatment ,0.007854,16 per treatment,subplot ,Europe,49.664,13.317,,DOB,Equus caballus,,"Introduced 1/2018, smaller herbivores such as roe deer have free access to control and treatment ",likely kept artifically constant,0.2 Equus caballus,0,individuals,hectare,4,,1460,1,2022,cumulative,plant_nutrients,vegetation,plants,belowground 0-15cm,,higher_level,all plants,Belowground N/P ratio,,T,mean,SD,,,15.5,5.5,4,13.4,2.4,4,,,JT
dp_202,Kaštovská et al 2025 Science of The Total Environment,Trophic rewilding by large herbivores reduces plant nitrogen and water limitation across seven sites irrespective of their edaphic conditions,https://doi.org/10.1016/j.scitotenv.2025.179141,Mix,Rewilding in six areas for a couple of years,,each area compared with one nearby control ,Unkown ,"no feeding or drugs, but likely population control somehow",distal comparison with and without,with_introduction,35,1,350000,1,10000,4 per treatment ,0.007854,16 per treatment,subplot ,Europe,48.81,15.992,,HAV,Equus caballus,,"Introduced 5/2018, smaller herbivores such as roe deer have free access to control and treatment ",likely kept artifically constant,0.23 Equus caballus,0,individuals,hectare,4,,1460,1,2022,cumulative,plant_nutrients,vegetation,plants,belowground 0-15cm,,higher_level,all plants,Belowground N/P ratio,,T,mean,SD,,,17.7,7.7,4,22.1,4.6,4,,,JT
dp_203,Kaštovská et al 2025 Science of The Total Environment,Trophic rewilding by large herbivores reduces plant nitrogen and water limitation across seven sites irrespective of their edaphic conditions,https://doi.org/10.1016/j.scitotenv.2025.179141,Mix,Rewilding in six areas for a couple of years,,each area compared with one nearby control ,Unkown ,"no feeding or drugs, but likely population control somehow",distal comparison with and without,with_introduction,29,1,290000,1,10000,4 per treatment ,0.007854,16 per treatment,subplot ,Europe,48.845,15.971,,MAS,Equus caballus,,"Introduced 5/2018, smaller herbivores such as roe deer have free access to control and treatment ",likely kept artifically constant,0.31 Equus caballus,0,individuals,hectare,4,,1460,1,2022,cumulative,plant_nutrients,vegetation,plants,belowground 0-15cm,,higher_level,all plants,Belowground N/P ratio,,T,mean,SD,,,27,7.7,4,26.8,2.3,4,,,JT
dp_204,Kaštovská et al 2025 Science of The Total Environment,Trophic rewilding by large herbivores reduces plant nitrogen and water limitation across seven sites irrespective of their edaphic conditions,https://doi.org/10.1016/j.scitotenv.2025.179141,Mix,Rewilding in six areas for a couple of years,,each area compared with one nearby control ,Unkown ,"no feeding or drugs, but likely population control somehow",distal comparison with and without,with_introduction,18,1,180000,1,10000,4 per treatment ,0.007854,16 per treatment,subplot ,Europe,50.1878,15.861,,HRK,Equus caballus,,"Introduced 1/2018, smaller herbivores such as roe deer have free access to control and treatment ",likely kept artifically constant,0.17 Equus caballus,0,individuals,hectare,4,,1460,1,2022,cumulative,plant_nutrients,vegetation,plants,belowground 0-15cm,,higher_level,all plants,Belowground N/P ratio,,T,mean,SD,,,33,4.7,4,17.9,4.4,4,,,JT
dp_205,Kaštovská et al 2025 Science of The Total Environment,Trophic rewilding by large herbivores reduces plant nitrogen and water limitation across seven sites irrespective of their edaphic conditions,https://doi.org/10.1016/j.scitotenv.2025.179141,Mix,Rewilding in six areas for a couple of years,,each area compared with one nearby control ,Unkown ,"no feeding or drugs, but likely population control somehow",distal comparison with and without,with_introduction,100,1,1000000,1,10000,4 per treatment ,0.007854,16 per treatment,subplot ,Europe,50.237,14.889,,MBV,Equus caballus; Bos taurus,,"Introduced 3/2015, smaller herbivores such as roe deer have free access to control and treatment ",likely kept artifically constant,0.25 Equus caballus; 0.09 Bos taurus,0,individuals,hectare,7,,2555,1,2022,cumulative,plant_nutrients,vegetation,plants,belowground 0-15cm,,higher_level,all plants,Belowground dry biomass,g/m2,T,mean,SD,,,486,111,4,402,111,4,,,JT
dp_206,Kaštovská et al 2025 Science of The Total Environment,Trophic rewilding by large herbivores reduces plant nitrogen and water limitation across seven sites irrespective of their edaphic conditions,https://doi.org/10.1016/j.scitotenv.2025.179141,Mix,Rewilding in six areas for a couple of years,,each area compared with one nearby control ,Unkown ,"no feeding or drugs, but likely population control somehow",distal comparison with and without,with_introduction,250,1,2500000,1,10000,4 per treatment ,0.007854,16 per treatment,subplot ,Europe,50.279,14.882,,MTR,Equus caballus; Bison bonasus; Bos taurus,,"Introduced 12/2015, smaller herbivores such as roe deer have free access to control and treatment ",likely kept artifically constant,0.16 Equus caballus; 0.12 Bison bonasus; 0.02 Bos taurus,0,individuals,hectare,7,,2555,1,2022,cumulative,plant_nutrients,vegetation,plants,belowground 0-15cm,,higher_level,all plants,Belowground dry biomass,g/m2,T,mean,SD,,,325,94,4,417,159,4,,,JT
dp_207,Kaštovská et al 2025 Science of The Total Environment,Trophic rewilding by large herbivores reduces plant nitrogen and water limitation across seven sites irrespective of their edaphic conditions,https://doi.org/10.1016/j.scitotenv.2025.179141,Mix,Rewilding in six areas for a couple of years,,each area compared with one nearby control ,Unkown ,"no feeding or drugs, but likely population control somehow",distal comparison with and without,with_introduction,30,1,300000,1,10000,4 per treatment ,0.007854,16 per treatment,subplot ,Europe,49.664,13.317,,DOB,Equus caballus,,"Introduced 1/2018, smaller herbivores such as roe deer have free access to control and treatment ",likely kept artifically constant,0.2 Equus caballus,0,individuals,hectare,4,,1460,1,2022,cumulative,plant_nutrients,vegetation,plants,belowground 0-15cm,,higher_level,all plants,Belowground dry biomass,g/m2,T,mean,SD,,,399,56,4,509,212,4,,,JT
dp_208,Kaštovská et al 2025 Science of The Total Environment,Trophic rewilding by large herbivores reduces plant nitrogen and water limitation across seven sites irrespective of their edaphic conditions,https://doi.org/10.1016/j.scitotenv.2025.179141,Mix,Rewilding in six areas for a couple of years,,each area compared with one nearby control ,Unkown ,"no feeding or drugs, but likely population control somehow",distal comparison with and without,with_introduction,35,1,350000,1,10000,4 per treatment ,0.007854,16 per treatment,subplot ,Europe,48.81,15.992,,HAV,Equus caballus,,"Introduced 5/2018, smaller herbivores such as roe deer have free access to control and treatment ",likely kept artifically constant,0.23 Equus caballus,0,individuals,hectare,4,,1460,1,2022,cumulative,plant_nutrients,vegetation,plants,belowground 0-15cm,,higher_level,all plants,Belowground dry biomass,g/m2,T,mean,SD,,,424,122,4,372,58,4,,,JT
dp_209,Kaštovská et al 2025 Science of The Total Environment,Trophic rewilding by large herbivores reduces plant nitrogen and water limitation across seven sites irrespective of their edaphic conditions,https://doi.org/10.1016/j.scitotenv.2025.179141,Mix,Rewilding in six areas for a couple of years,,each area compared with one nearby control ,Unkown ,"no feeding or drugs, but likely population control somehow",distal comparison with and without,with_introduction,29,1,290000,1,10000,4 per treatment ,0.007854,16 per treatment,subplot ,Europe,48.845,15.971,,MAS,Equus caballus,,"Introduced 5/2018, smaller herbivores such as roe deer have free access to control and treatment ",likely kept artifically constant,0.31 Equus caballus,0,individuals,hectare,4,,1460,1,2022,cumulative,plant_nutrients,vegetation,plants,belowground 0-15cm,,higher_level,all plants,Belowground dry biomass,g/m2,T,mean,SD,,,380,91,4,551,86,4,,,JT
dp_210,Kaštovská et al 2025 Science of The Total Environment,Trophic rewilding by large herbivores reduces plant nitrogen and water limitation across seven sites irrespective of their edaphic conditions,https://doi.org/10.1016/j.scitotenv.2025.179141,Mix,Rewilding in six areas for a couple of years,,each area compared with one nearby control ,Unkown ,"no feeding or drugs, but likely population control somehow",distal comparison with and without,with_introduction,18,1,180000,1,10000,4 per treatment ,0.007854,16 per treatment,subplot ,Europe,50.1878,15.861,,HRK,Equus caballus,,"Introduced 1/2018, smaller herbivores such as roe deer have free access to control and treatment ",likely kept artifically constant,0.17 Equus caballus,0,individuals,hectare,4,,1460,1,2022,cumulative,plant_nutrients,vegetation,plants,belowground 0-15cm,,higher_level,all plants,Belowground dry biomass,g/m2,T,mean,SD,,,393,13,4,393,81,4,,,JT
dp_211,Kaštovská et al 2025 Science of The Total Environment,Trophic rewilding by large herbivores reduces plant nitrogen and water limitation across seven sites irrespective of their edaphic conditions,https://doi.org/10.1016/j.scitotenv.2025.179141,Mix,Rewilding in six areas for a couple of years,,each area compared with one nearby control ,Unkown ,"no feeding or drugs, but likely population control somehow",distal comparison with and without,with_introduction,100,1,1000000,1,10000,4 per treatment ,0.007854,16 per treatment,subplot ,Europe,50.237,14.889,,MBV,Equus caballus; Bos taurus,,"Introduced 3/2015, smaller herbivores such as roe deer have free access to control and treatment ",likely kept artifically constant,0.25 Equus caballus; 0.09 Bos taurus,0,individuals,hectare,7,,2555,1,2022,cumulative,plant_nutrients,vegetation,plants,belowground 0-15cm,,higher_level,all plants,Belowground-C content,mg/g,T,mean,SD,,,407,5,4,383,22,4,,,JT
dp_212,Kaštovská et al 2025 Science of The Total Environment,Trophic rewilding by large herbivores reduces plant nitrogen and water limitation across seven sites irrespective of their edaphic conditions,https://doi.org/10.1016/j.scitotenv.2025.179141,Mix,Rewilding in six areas for a couple of years,,each area compared with one nearby control ,Unkown ,"no feeding or drugs, but likely population control somehow",distal comparison with and without,with_introduction,250,1,2500000,1,10000,4 per treatment ,0.007854,16 per treatment,subplot ,Europe,50.279,14.882,,MTR,Equus caballus; Bison bonasus; Bos taurus,,"Introduced 12/2015, smaller herbivores such as roe deer have free access to control and treatment ",likely kept artifically constant,0.16 Equus caballus; 0.12 Bison bonasus; 0.02 Bos taurus,0,individuals,hectare,7,,2555,1,2022,cumulative,plant_nutrients,vegetation,plants,belowground 0-15cm,,higher_level,all plants,Belowground-C content,mg/g,T,mean,SD,,,352,50,4,389,23,4,,,JT
dp_213,Kaštovská et al 2025 Science of The Total Environment,Trophic rewilding by large herbivores reduces plant nitrogen and water limitation across seven sites irrespective of their edaphic conditions,https://doi.org/10.1016/j.scitotenv.2025.179141,Mix,Rewilding in six areas for a couple of years,,each area compared with one nearby control ,Unkown ,"no feeding or drugs, but likely population control somehow",distal comparison with and without,with_introduction,30,1,300000,1,10000,4 per treatment ,0.007854,16 per treatment,subplot ,Europe,49.664,13.317,,DOB,Equus caballus,,"Introduced 1/2018, smaller herbivores such as roe deer have free access to control and treatment ",likely kept artifically constant,0.2 Equus caballus,0,individuals,hectare,4,,1460,1,2022,cumulative,plant_nutrients,vegetation,plants,belowground 0-15cm,,higher_level,all plants,Belowground-C content,mg/g,T,mean,SD,,,333,38,4,292,42,4,,,JT
dp_214,Kaštovská et al 2025 Science of The Total Environment,Trophic rewilding by large herbivores reduces plant nitrogen and water limitation across seven sites irrespective of their edaphic conditions,https://doi.org/10.1016/j.scitotenv.2025.179141,Mix,Rewilding in six areas for a couple of years,,each area compared with one nearby control ,Unkown ,"no feeding or drugs, but likely population control somehow",distal comparison with and without,with_introduction,35,1,350000,1,10000,4 per treatment ,0.007854,16 per treatment,subplot ,Europe,48.81,15.992,,HAV,Equus caballus,,"Introduced 5/2018, smaller herbivores such as roe deer have free access to control and treatment ",likely kept artifically constant,0.23 Equus caballus,0,individuals,hectare,4,,1460,1,2022,cumulative,plant_nutrients,vegetation,plants,belowground 0-15cm,,higher_level,all plants,Belowground-C content,mg/g,T,mean,SD,,,396,10,4,403,19,4,,,JT
dp_215,Kaštovská et al 2025 Science of The Total Environment,Trophic rewilding by large herbivores reduces plant nitrogen and water limitation across seven sites irrespective of their edaphic conditions,https://doi.org/10.1016/j.scitotenv.2025.179141,Mix,Rewilding in six areas for a couple of years,,each area compared with one nearby control ,Unkown ,"no feeding or drugs, but likely population control somehow",distal comparison with and without,with_introduction,29,1,290000,1,10000,4 per treatment ,0.007854,16 per treatment,subplot ,Europe,48.845,15.971,,MAS,Equus caballus,,"Introduced 5/2018, smaller herbivores such as roe deer have free access to control and treatment ",likely kept artifically constant,0.31 Equus caballus,0,individuals,hectare,4,,1460,1,2022,cumulative,plant_nutrients,vegetation,plants,belowground 0-15cm,,higher_level,all plants,Belowground-C content,mg/g,T,mean,SD,,,419,12,4,409,5,4,,,JT
dp_216,Kaštovská et al 2025 Science of The Total Environment,Trophic rewilding by large herbivores reduces plant nitrogen and water limitation across seven sites irrespective of their edaphic conditions,https://doi.org/10.1016/j.scitotenv.2025.179141,Mix,Rewilding in six areas for a couple of years,,each area compared with one nearby control ,Unkown ,"no feeding or drugs, but likely population control somehow",distal comparison with and without,with_introduction,18,1,180000,1,10000,4 per treatment ,0.007854,16 per treatment,subplot ,Europe,50.1878,15.861,,HRK,Equus caballus,,"Introduced 1/2018, smaller herbivores such as roe deer have free access to control and treatment ",likely kept artifically constant,0.17 Equus caballus,0,individuals,hectare,4,,1460,1,2022,cumulative,plant_nutrients,vegetation,plants,belowground 0-15cm,,higher_level,all plants,Belowground-C content,mg/g,T,mean,SD,,,416,2,4,395,17,4,,,JT
dp_217,Kaštovská et al 2025 Science of The Total Environment,Trophic rewilding by large herbivores reduces plant nitrogen and water limitation across seven sites irrespective of their edaphic conditions,https://doi.org/10.1016/j.scitotenv.2025.179141,Mix,Rewilding in six areas for a couple of years,,each area compared with one nearby control ,Unkown ,"no feeding or drugs, but likely population control somehow",distal comparison with and without,with_introduction,100,1,1000000,1,10000,4 per treatment ,0.007854,16 per treatment,subplot ,Europe,50.237,14.889,,MBV,Equus caballus; Bos taurus,,"Introduced 3/2015, smaller herbivores such as roe deer have free access to control and treatment ",likely kept artifically constant,0.25 Equus caballus; 0.09 Bos taurus,0,individuals,hectare,7,,2555,1,2022,cumulative,plant_nutrients,vegetation,plants,belowground 0-15cm,,higher_level,all plants,Belowground-N content,mg/g,T,mean,SD,,,9.2,0.2,4,8.4,1.7,4,,,JT
dp_218,Kaštovská et al 2025 Science of The Total Environment,Trophic rewilding by large herbivores reduces plant nitrogen and water limitation across seven sites irrespective of their edaphic conditions,https://doi.org/10.1016/j.scitotenv.2025.179141,Mix,Rewilding in six areas for a couple of years,,each area compared with one nearby control ,Unkown ,"no feeding or drugs, but likely population control somehow",distal comparison with and without,with_introduction,250,1,2500000,1,10000,4 per treatment ,0.007854,16 per treatment,subplot ,Europe,50.279,14.882,,MTR,Equus caballus; Bison bonasus; Bos taurus,,"Introduced 12/2015, smaller herbivores such as roe deer have free access to control and treatment ",likely kept artifically constant,0.16 Equus caballus; 0.12 Bison bonasus; 0.02 Bos taurus,0,individuals,hectare,7,,2555,1,2022,cumulative,plant_nutrients,vegetation,plants,belowground 0-15cm,,higher_level,all plants,Belowground-N content,mg/g,T,mean,SD,,,7.7,1.4,4,7.4,0.9,4,,,JT
dp_219,Kaštovská et al 2025 Science of The Total Environment,Trophic rewilding by large herbivores reduces plant nitrogen and water limitation across seven sites irrespective of their edaphic conditions,https://doi.org/10.1016/j.scitotenv.2025.179141,Mix,Rewilding in six areas for a couple of years,,each area compared with one nearby control ,Unkown ,"no feeding or drugs, but likely population control somehow",distal comparison with and without,with_introduction,30,1,300000,1,10000,4 per treatment ,0.007854,16 per treatment,subplot ,Europe,49.664,13.317,,DOB,Equus caballus,,"Introduced 1/2018, smaller herbivores such as roe deer have free access to control and treatment ",likely kept artifically constant,0.2 Equus caballus,0,individuals,hectare,4,,1460,1,2022,cumulative,plant_nutrients,vegetation,plants,belowground 0-15cm,,higher_level,all plants,Belowground-N content,mg/g,T,mean,SD,,,10.5,2.4,4,8.7,2.2,4,,,JT
dp_220,Kaštovská et al 2025 Science of The Total Environment,Trophic rewilding by large herbivores reduces plant nitrogen and water limitation across seven sites irrespective of their edaphic conditions,https://doi.org/10.1016/j.scitotenv.2025.179141,Mix,Rewilding in six areas for a couple of years,,each area compared with one nearby control ,Unkown ,"no feeding or drugs, but likely population control somehow",distal comparison with and without,with_introduction,35,1,350000,1,10000,4 per treatment ,0.007854,16 per treatment,subplot ,Europe,48.81,15.992,,HAV,Equus caballus,,"Introduced 5/2018, smaller herbivores such as roe deer have free access to control and treatment ",likely kept artifically constant,0.23 Equus caballus,0,individuals,hectare,4,,1460,1,2022,cumulative,plant_nutrients,vegetation,plants,belowground 0-15cm,,higher_level,all plants,Belowground-N content,mg/g,T,mean,SD,,,10.4,1.5,4,11.3,1.1,4,,,JT
dp_221,Kaštovská et al 2025 Science of The Total Environment,Trophic rewilding by large herbivores reduces plant nitrogen and water limitation across seven sites irrespective of their edaphic conditions,https://doi.org/10.1016/j.scitotenv.2025.179141,Mix,Rewilding in six areas for a couple of years,,each area compared with one nearby control ,Unkown ,"no feeding or drugs, but likely population control somehow",distal comparison with and without,with_introduction,29,1,290000,1,10000,4 per treatment ,0.007854,16 per treatment,subplot ,Europe,48.845,15.971,,MAS,Equus caballus,,"Introduced 5/2018, smaller herbivores such as roe deer have free access to control and treatment ",likely kept artifically constant,0.31 Equus caballus,0,individuals,hectare,4,,1460,1,2022,cumulative,plant_nutrients,vegetation,plants,belowground 0-15cm,,higher_level,all plants,Belowground-N content,mg/g,T,mean,SD,,,11,1.2,4,11.3,0.1,4,,,JT
dp_222,Kaštovská et al 2025 Science of The Total Environment,Trophic rewilding by large herbivores reduces plant nitrogen and water limitation across seven sites irrespective of their edaphic conditions,https://doi.org/10.1016/j.scitotenv.2025.179141,Mix,Rewilding in six areas for a couple of years,,each area compared with one nearby control ,Unkown ,"no feeding or drugs, but likely population control somehow",distal comparison with and without,with_introduction,18,1,180000,1,10000,4 per treatment ,0.007854,16 per treatment,subplot ,Europe,50.1878,15.861,,HRK,Equus caballus,,"Introduced 1/2018, smaller herbivores such as roe deer have free access to control and treatment ",likely kept artifically constant,0.17 Equus caballus,0,individuals,hectare,4,,1460,1,2022,cumulative,plant_nutrients,vegetation,plants,belowground 0-15cm,,higher_level,all plants,Belowground-N content,mg/g,T,mean,SD,,,9.1,1.6,4,9.7,2.1,4,,,JT
dp_223,Kaštovská et al 2025 Science of The Total Environment,Trophic rewilding by large herbivores reduces plant nitrogen and water limitation across seven sites irrespective of their edaphic conditions,https://doi.org/10.1016/j.scitotenv.2025.179141,Mix,Rewilding in six areas for a couple of years,,each area compared with one nearby control ,Unkown ,"no feeding or drugs, but likely population control somehow",distal comparison with and without,with_introduction,100,1,1000000,1,10000,4 per treatment ,0.007854,16 per treatment,subplot ,Europe,50.237,14.889,,MBV,Equus caballus; Bos taurus,,"Introduced 3/2015, smaller herbivores such as roe deer have free access to control and treatment ",likely kept artifically constant,0.25 Equus caballus; 0.09 Bos taurus,0,individuals,hectare,7,,2555,1,2022,cumulative,plant_nutrients,vegetation,plants,belowground 0-15cm,,higher_level,all plants,Belowground-P content,mg/g,T,mean,SD,,,1.1,0.34,4,0.8,0.22,4,,,JT
dp_224,Kaštovská et al 2025 Science of The Total Environment,Trophic rewilding by large herbivores reduces plant nitrogen and water limitation across seven sites irrespective of their edaphic conditions,https://doi.org/10.1016/j.scitotenv.2025.179141,Mix,Rewilding in six areas for a couple of years,,each area compared with one nearby control ,Unkown ,"no feeding or drugs, but likely population control somehow",distal comparison with and without,with_introduction,250,1,2500000,1,10000,4 per treatment ,0.007854,16 per treatment,subplot ,Europe,50.279,14.882,,MTR,Equus caballus; Bison bonasus; Bos taurus,,"Introduced 12/2015, smaller herbivores such as roe deer have free access to control and treatment ",likely kept artifically constant,0.16 Equus caballus; 0.12 Bison bonasus; 0.02 Bos taurus,0,individuals,hectare,7,,2555,1,2022,cumulative,plant_nutrients,vegetation,plants,belowground 0-15cm,,higher_level,all plants,Belowground-P content,mg/g,T,mean,SD,,,0.6,0.07,4,0.8,0.22,4,,,JT
dp_225,Kaštovská et al 2025 Science of The Total Environment,Trophic rewilding by large herbivores reduces plant nitrogen and water limitation across seven sites irrespective of their edaphic conditions,https://doi.org/10.1016/j.scitotenv.2025.179141,Mix,Rewilding in six areas for a couple of years,,each area compared with one nearby control ,Unkown ,"no feeding or drugs, but likely population control somehow",distal comparison with and without,with_introduction,30,1,300000,1,10000,4 per treatment ,0.007854,16 per treatment,subplot ,Europe,49.664,13.317,,DOB,Equus caballus,,"Introduced 1/2018, smaller herbivores such as roe deer have free access to control and treatment ",likely kept artifically constant,0.2 Equus caballus,0,individuals,hectare,4,,1460,1,2022,cumulative,plant_nutrients,vegetation,plants,belowground 0-15cm,,higher_level,all plants,Belowground-P content,mg/g,T,mean,SD,,,1.6,0.36,4,1.6,0.55,4,,,JT
dp_226,Kaštovská et al 2025 Science of The Total Environment,Trophic rewilding by large herbivores reduces plant nitrogen and water limitation across seven sites irrespective of their edaphic conditions,https://doi.org/10.1016/j.scitotenv.2025.179141,Mix,Rewilding in six areas for a couple of years,,each area compared with one nearby control ,Unkown ,"no feeding or drugs, but likely population control somehow",distal comparison with and without,with_introduction,35,1,350000,1,10000,4 per treatment ,0.007854,16 per treatment,subplot ,Europe,48.81,15.992,,HAV,Equus caballus,,"Introduced 5/2018, smaller herbivores such as roe deer have free access to control and treatment ",likely kept artifically constant,0.23 Equus caballus,0,individuals,hectare,4,,1460,1,2022,cumulative,plant_nutrients,vegetation,plants,belowground 0-15cm,,higher_level,all plants,Belowground-P content,mg/g,T,mean,SD,,,1.6,0.35,4,1.2,0.22,4,,,JT
dp_227,Kaštovská et al 2025 Science of The Total Environment,Trophic rewilding by large herbivores reduces plant nitrogen and water limitation across seven sites irrespective of their edaphic conditions,https://doi.org/10.1016/j.scitotenv.2025.179141,Mix,Rewilding in six areas for a couple of years,,each area compared with one nearby control ,Unkown ,"no feeding or drugs, but likely population control somehow",distal comparison with and without,with_introduction,29,1,290000,1,10000,4 per treatment ,0.007854,16 per treatment,subplot ,Europe,48.845,15.971,,MAS,Equus caballus,,"Introduced 5/2018, smaller herbivores such as roe deer have free access to control and treatment ",likely kept artifically constant,0.31 Equus caballus,0,individuals,hectare,4,,1460,1,2022,cumulative,plant_nutrients,vegetation,plants,belowground 0-15cm,,higher_level,all plants,Belowground-P content,mg/g,T,mean,SD,,,1,0.13,4,1,0.1,4,,,JT
dp_228,Kaštovská et al 2025 Science of The Total Environment,Trophic rewilding by large herbivores reduces plant nitrogen and water limitation across seven sites irrespective of their edaphic conditions,https://doi.org/10.1016/j.scitotenv.2025.179141,Mix,Rewilding in six areas for a couple of years,,each area compared with one nearby control ,Unkown ,"no feeding or drugs, but likely population control somehow",distal comparison with and without,with_introduction,18,1,180000,1,10000,4 per treatment ,0.007854,16 per treatment,subplot ,Europe,50.1878,15.861,,HRK,Equus caballus,,"Introduced 1/2018, smaller herbivores such as roe deer have free access to control and treatment ",likely kept artifically constant,0.17 Equus caballus,0,individuals,hectare,4,,1460,1,2022,cumulative,plant_nutrients,vegetation,plants,belowground 0-15cm,,higher_level,all plants,Belowground-P content,mg/g,T,mean,SD,,,0.7,0.1,4,1.3,0.41,4,,,JT
dp_229,Kaštovská et al 2025 Science of The Total Environment,Trophic rewilding by large herbivores reduces plant nitrogen and water limitation across seven sites irrespective of their edaphic conditions,https://doi.org/10.1016/j.scitotenv.2025.179141,Mix,Rewilding in six areas for a couple of years,,each area compared with one nearby control ,Unkown ,"no feeding or drugs, but likely population control somehow",distal comparison with and without,with_introduction,100,1,1000000,1,10000,4 per treatment ,0.0625,16 per treatment,subplot ,Europe,50.237,14.889,,MBV,Equus caballus; Bos taurus,,"Introduced 3/2015, smaller herbivores such as roe deer have free access to control and treatment ",likely kept artifically constant,0.25 Equus caballus; 0.09 Bos taurus,0,individuals,hectare,7,,2555,1,2022,cumulative,plant_conditions,vegetation,plants,aboveground,,higher_level,all plants,relative leaf water content,,T,mean,SD,,,0.61,0.03,4,0.59,0.03,4,,,JT
dp_230,Kaštovská et al 2025 Science of The Total Environment,Trophic rewilding by large herbivores reduces plant nitrogen and water limitation across seven sites irrespective of their edaphic conditions,https://doi.org/10.1016/j.scitotenv.2025.179141,Mix,Rewilding in six areas for a couple of years,,each area compared with one nearby control ,Unkown ,"no feeding or drugs, but likely population control somehow",distal comparison with and without,with_introduction,250,1,2500000,1,10000,4 per treatment ,0.0625,16 per treatment,subplot ,Europe,50.279,14.882,,MTR,Equus caballus; Bison bonasus; Bos taurus,,"Introduced 12/2015, smaller herbivores such as roe deer have free access to control and treatment ",likely kept artifically constant,0.16 Equus caballus; 0.12 Bison bonasus; 0.02 Bos taurus,0,individuals,hectare,7,,2555,1,2022,cumulative,plant_conditions,vegetation,plants,aboveground,,higher_level,all plants,relative leaf water content,,T,mean,SD,,,0.55,0.01,4,0.51,0.02,4,,,JT
dp_231,Kaštovská et al 2025 Science of The Total Environment,Trophic rewilding by large herbivores reduces plant nitrogen and water limitation across seven sites irrespective of their edaphic conditions,https://doi.org/10.1016/j.scitotenv.2025.179141,Mix,Rewilding in six areas for a couple of years,,each area compared with one nearby control ,Unkown ,"no feeding or drugs, but likely population control somehow",distal comparison with and without,with_introduction,30,1,300000,1,10000,4 per treatment ,0.0625,16 per treatment,subplot ,Europe,49.664,13.317,,DOB,Equus caballus,,"Introduced 1/2018, smaller herbivores such as roe deer have free access to control and treatment ",likely kept artifically constant,0.2 Equus caballus,0,individuals,hectare,4,,1460,1,2022,cumulative,plant_conditions,vegetation,plants,aboveground,,higher_level,all plants,relative leaf water content,,T,mean,SD,,,0.71,0.06,4,0.56,0.12,4,,,JT
dp_232,Kaštovská et al 2025 Science of The Total Environment,Trophic rewilding by large herbivores reduces plant nitrogen and water limitation across seven sites irrespective of their edaphic conditions,https://doi.org/10.1016/j.scitotenv.2025.179141,Mix,Rewilding in six areas for a couple of years,,each area compared with one nearby control ,Unkown ,"no feeding or drugs, but likely population control somehow",distal comparison with and without,with_introduction,35,1,350000,1,10000,4 per treatment ,0.0625,16 per treatment,subplot ,Europe,48.81,15.992,,HAV,Equus caballus,,"Introduced 5/2018, smaller herbivores such as roe deer have free access to control and treatment ",likely kept artifically constant,0.23 Equus caballus,0,individuals,hectare,4,,1460,1,2022,cumulative,plant_conditions,vegetation,plants,aboveground,,higher_level,all plants,relative leaf water content,,T,mean,SD,,,0.65,0.05,4,0.65,0.04,4,,,JT
dp_233,Kaštovská et al 2025 Science of The Total Environment,Trophic rewilding by large herbivores reduces plant nitrogen and water limitation across seven sites irrespective of their edaphic conditions,https://doi.org/10.1016/j.scitotenv.2025.179141,Mix,Rewilding in six areas for a couple of years,,each area compared with one nearby control ,Unkown ,"no feeding or drugs, but likely population control somehow",distal comparison with and without,with_introduction,29,1,290000,1,10000,4 per treatment ,0.0625,16 per treatment,subplot ,Europe,48.845,15.971,,MAS,Equus caballus,,"Introduced 5/2018, smaller herbivores such as roe deer have free access to control and treatment ",likely kept artifically constant,0.31 Equus caballus,0,individuals,hectare,4,,1460,1,2022,cumulative,plant_conditions,vegetation,plants,aboveground,,higher_level,all plants,relative leaf water content,,T,mean,SD,,,0.71,0.03,4,0.67,0.03,4,,,JT
dp_234,Kaštovská et al 2025 Science of The Total Environment,Trophic rewilding by large herbivores reduces plant nitrogen and water limitation across seven sites irrespective of their edaphic conditions,https://doi.org/10.1016/j.scitotenv.2025.179141,Mix,Rewilding in six areas for a couple of years,,each area compared with one nearby control ,Unkown ,"no feeding or drugs, but likely population control somehow",distal comparison with and without,with_introduction,18,1,180000,1,10000,4 per treatment ,0.0625,16 per treatment,subplot ,Europe,50.1878,15.861,,HRK,Equus caballus,,"Introduced 1/2018, smaller herbivores such as roe deer have free access to control and treatment ",likely kept artifically constant,0.17 Equus caballus,0,individuals,hectare,4,,1460,1,2022,cumulative,plant_conditions,vegetation,plants,aboveground,,higher_level,all plants,relative leaf water content,,T,mean,SD,,,0.63,0.09,4,0.7,0.03,4,,,JT
dp_235,Gardiner & Crisp 2025 Journal of Orthoptera Research,Initial response of Orthoptera to beaver (Castor fiber) reintroductions in post-arable enclosures,https://doi.org/10.3897/jor.34.154843,Wild Native,"Beaver reintrodction, them comparing orthoptera abundance and diversity between introduction enclosures and nearby controls",,,"formerly arable farmland, cropping ceased 2018, before than agriculture with N fertilizer","no conservation management, but deer was removed from beaver enclosures prior to reintroduction ",distal comparison with and without,with_introduction,20,2,200000,2,100,4 per treatment,,,plot/transect,Europe,51.97703171,0.437320884,"medium, capture estate, but not exact study sites",Spains Hall Estate,Castor fiber,,Introduced 2023. Slightly unclear if they introduced one pair of beavers per enclosures or one for both. Assuming one per here. ,,0.2 Castor fiber,0,individuals,hectare,1.5,,547,1,2024,cumulative,diversity,arthropods,orthoptera,aboveground,,higher_level,orthoptera,species richness,,T,mean,SE,,,8.5,0.5,4,6,1,4,east of river,,JT
dp_236,Gardiner & Crisp 2025 Journal of Orthoptera Research,Initial response of Orthoptera to beaver (Castor fiber) reintroductions in post-arable enclosures,https://doi.org/10.3897/jor.34.154843,Wild Native,"Beaver reintrodction, them comparing orthoptera abundance and diversity between introduction enclosures and nearby controls",,,"formerly arable farmland, cropping ceased 2018, before than agriculture with N fertilizer","no conservation management, but deer was removed from beaver enclosures prior to reintroduction ",distal comparison with and without,with_introduction,20,2,200000,2,100,4 per treatment,,,plot/transect,Europe,51.97703171,0.437320884,"medium, capture estate, but not exact study sites",Spains Hall Estate,Castor fiber,,Introduced 2023. Slightly unclear if they introduced one pair of beavers per enclosures or one for both. Assuming one per here. ,,0.2 Castor fiber,0,individuals,hectare,1.5,,547,1,2024,cumulative,diversity,arthropods,orthoptera,aboveground,,higher_level,orthoptera,species richness,,T,mean,SE,,,7.5,1.5,4,7,1,4,west of river,,JT
dp_237,Gardiner & Crisp 2025 Journal of Orthoptera Research,Initial response of Orthoptera to beaver (Castor fiber) reintroductions in post-arable enclosures,https://doi.org/10.3897/jor.34.154843,Wild Native,"Beaver reintrodction, them comparing orthoptera abundance and diversity between introduction enclosures and nearby controls",,,"formerly arable farmland, cropping ceased 2018, before than agriculture with N fertilizer","no conservation management, but deer was removed from beaver enclosures prior to reintroduction ",distal comparison with and without,with_introduction,20,2,200000,2,100,4 per treatment,,,plot/transect,Europe,51.97703171,0.437320884,"medium, capture estate, but not exact study sites",Spains Hall Estate,Castor fiber,,Introduced 2023. Slightly unclear if they introduced one pair of beavers per enclosures or one for both. Assuming one per here. ,,0.2 Castor fiber,0,individuals,hectare,1.5,,547,1,2024,cumulative,diversity,arthropods,orthoptera,aboveground,,higher_level,orthoptera,shannon diversity,,T,mean,SE,,,1.8,0.1,4,1.2,0,4,east of river,,JT
dp_238,Gardiner & Crisp 2025 Journal of Orthoptera Research,Initial response of Orthoptera to beaver (Castor fiber) reintroductions in post-arable enclosures,https://doi.org/10.3897/jor.34.154843,Wild Native,"Beaver reintrodction, them comparing orthoptera abundance and diversity between introduction enclosures and nearby controls",,,"formerly arable farmland, cropping ceased 2018, before than agriculture with N fertilizer","no conservation management, but deer was removed from beaver enclosures prior to reintroduction ",distal comparison with and without,with_introduction,20,2,200000,2,100,4 per treatment,,,plot/transect,Europe,51.97703171,0.437320884,"medium, capture estate, but not exact study sites",Spains Hall Estate,Castor fiber,,Introduced 2023. Slightly unclear if they introduced one pair of beavers per enclosures or one for both. Assuming one per here. ,,0.2 Castor fiber,0,individuals,hectare,1.5,,547,1,2024,cumulative,diversity,arthropods,orthoptera,aboveground,,higher_level,orthoptera,shannon diversity ,,T,mean,SE,,,1.3,0.3,4,1.2,0,4,west of river,,JT
dp_239,Gardiner & Crisp 2025 Journal of Orthoptera Research,Initial response of Orthoptera to beaver (Castor fiber) reintroductions in post-arable enclosures,https://doi.org/10.3897/jor.34.154843,Wild Native,"Beaver reintrodction, them comparing orthoptera abundance and diversity between introduction enclosures and nearby controls",,,"formerly arable farmland, cropping ceased 2018, before than agriculture with N fertilizer","no conservation management, but deer was removed from beaver enclosures prior to reintroduction ",distal comparison with and without,with_introduction,20,2,200000,2,100,4 per treatment,,,plot/transect,Europe,51.97703171,0.437320884,"medium, capture estate, but not exact study sites",Spains Hall Estate,Castor fiber,,Introduced 2023. Slightly unclear if they introduced one pair of beavers per enclosures or one for both. Assuming one per here. ,,0.2 Castor fiber,0,individuals,hectare,1.5,,547,1,2024,cumulative,vegetation_structure,vegetation,plants,aboveground,,higher_level,all plants,vegetation height,cm,T,mean,SE,,,54.5,8.2,4,81.9,4.7,4,east of river,,JT
dp_240,Gardiner & Crisp 2025 Journal of Orthoptera Research,Initial response of Orthoptera to beaver (Castor fiber) reintroductions in post-arable enclosures,https://doi.org/10.3897/jor.34.154843,Wild Native,"Beaver reintrodction, them comparing orthoptera abundance and diversity between introduction enclosures and nearby controls",,,"formerly arable farmland, cropping ceased 2018, before than agriculture with N fertilizer","no conservation management, but deer was removed from beaver enclosures prior to reintroduction ",distal comparison with and without,with_introduction,20,2,200000,2,100,4 per treatment,,,plot/transect,Europe,51.97703171,0.437320884,"medium, capture estate, but not exact study sites",Spains Hall Estate,Castor fiber,,Introduced 2023. Slightly unclear if they introduced one pair of beavers per enclosures or one for both. Assuming one per here. ,,0.2 Castor fiber,0,individuals,hectare,1.5,,547,1,2024,cumulative,vegetation_structure,vegetation,plants,aboveground,,higher_level,all plants,vegetation height,cm,T,mean,SE,,,74.1,2,4,78,2.4,4,west of river,,JT
dp_241,Ribeiro et al 2025 Frontiers in Ecology and Evolution,"Semi-wild horse grazing as a rewilding strategy: assessing effects on vegetation structure and composition in the Côa Valley, Portuga",https://doi.org/10.3389/fevo.2025.1596560,Semi-Domestic,"Semi wild horses reindtroduced in 2020/2021, data collected in and outside exclosures established parallel to introductions",,,"Site 1 and Site 2 were grazed by small ruminants (sheep and goats) for the 40–60 years prior to being grazed by cattle in 2010 and 2005, respectively (Supplementary Table S1). The sites were then acquisitioned by Rewilding Portugal in 2020 and 2021, respectively.",population ctntrol,inside vs outside exclosure,with_introduction,65,1,100,8,100,"8 per site, clustered in pairs (4 sites within sites, 2 exclosures at each)",1,4,plot,Europe,40.4792853,-6.944413619,ok,Vale Carapito (Site 1),Equus caballus,,Introduced 2021,"10 horses introduced, in 22 reduced to 5-6",0.11 Equus caballus,0,individuals,hectare,2,,730,1,2023,cumulative,vegetation_structure,vegetation,shrubs,aboveground,,higher_level,shrubs,shrub cover,%,T,mean,SE,Fig_2,"focus on 2023, ignore baseline",34.8,5.714286,8,48.2,8.7,8,Vale Carapito (Site 1),,JT
dp_242,Ribeiro et al 2025 Frontiers in Ecology and Evolution,"Semi-wild horse grazing as a rewilding strategy: assessing effects on vegetation structure and composition in the Côa Valley, Portuga",https://doi.org/10.3389/fevo.2025.1596560,Semi-Domestic,"Semi wild horses reindtroduced in 2020/2021, data collected in and outside exclosures established parallel to introductions",,,"Site 1 and Site 2 were grazed by small ruminants (sheep and goats) for the 40–60 years prior to being grazed by cattle in 2010 and 2005, respectively (Supplementary Table S1). The sites were then acquisitioned by Rewilding Portugal in 2020 and 2021, respectively.",population ctntrol,inside vs outside exclosure,with_introduction,65,1,100,8,100,"8 per site, clustered in pairs (4 sites within sites, 2 exclosures at each)",1,4,plot,Europe,40.4792853,-6.944413619,ok,Vale Carapito (Site 1),Equus caballus,,Introduced 2021,"10 horses introduced, in 22 reduced to 5-6",0.11 Equus caballus,0,individuals,hectare,3,,1095,2,2024,cumulative,vegetation_structure,vegetation,shrubs,aboveground,,higher_level,shrubs,shrub cover,%,T,mean,SE,Fig_2,ignore baseline,37.7,5.1,8,48.7,7.2,8,Vale Carapito (Site 1),,JT
dp_243,Ribeiro et al 2025 Frontiers in Ecology and Evolution,"Semi-wild horse grazing as a rewilding strategy: assessing effects on vegetation structure and composition in the Côa Valley, Portuga",https://doi.org/10.3389/fevo.2025.1596560,Semi-Domestic,"Semi wild horses reindtroduced in 2020/2021, data collected in and outside exclosures established parallel to introductions",,,"Site 1 and Site 2 were grazed by small ruminants (sheep and goats) for the 40–60 years prior to being grazed by cattle in 2010 and 2005, respectively (Supplementary Table S1). The sites were then acquisitioned by Rewilding Portugal in 2020 and 2021, respectively.",population ctntrol,inside vs outside exclosure,with_introduction,65,1,100,8,100,"8 per site, clustered in pairs (4 sites within sites, 2 exclosures at each)",5,4,plot,Europe,40.4792853,-6.944413619,ok,Vale Carapito (Site 1),Equus caballus,,Introduced 2021,"10 horses introduced, in 22 reduced to 5-6",0.11 Equus caballus,0,individuals,hectare,2,,730,1,2023,cumulative,vegetation_structure,vegetation,shrubs,aboveground,,higher_level,shrubs,shrub height,cm,T,mean,SE,Fig_2,"focus on 2023, ignore baseline",85.6,2.8,8,85.2,11.1,8,Vale Carapito (Site 1),,JT
dp_244,Ribeiro et al 2025 Frontiers in Ecology and Evolution,"Semi-wild horse grazing as a rewilding strategy: assessing effects on vegetation structure and composition in the Côa Valley, Portuga",https://doi.org/10.3389/fevo.2025.1596560,Semi-Domestic,"Semi wild horses reindtroduced in 2020/2021, data collected in and outside exclosures established parallel to introductions",,,"Site 1 and Site 2 were grazed by small ruminants (sheep and goats) for the 40–60 years prior to being grazed by cattle in 2010 and 2005, respectively (Supplementary Table S1). The sites were then acquisitioned by Rewilding Portugal in 2020 and 2021, respectively.",population ctntrol,inside vs outside exclosure,with_introduction,65,1,100,8,100,"8 per site, clustered in pairs (4 sites within sites, 2 exclosures at each)",5,4,plot,Europe,40.4792853,-6.944413619,ok,Vale Carapito (Site 1),Equus caballus,,Introduced 2021,"10 horses introduced, in 22 reduced to 5-6",0.11 Equus caballus,0,individuals,hectare,3,,1095,2,2024,cumulative,vegetation_structure,vegetation,shrubs,aboveground,,higher_level,shrubs,shrub height,cm,T,mean,SE,Fig_2,ignore baseline,93.7,7.8,8,104.4,7.2,8,Vale Carapito (Site 1),,JT
dp_245,Ribeiro et al 2025 Frontiers in Ecology and Evolution,"Semi-wild horse grazing as a rewilding strategy: assessing effects on vegetation structure and composition in the Côa Valley, Portuga",https://doi.org/10.3389/fevo.2025.1596560,Semi-Domestic,"Semi wild horses reindtroduced in 2020/2021, data collected in and outside exclosures established parallel to introductions",,,"Site 1 and Site 2 were grazed by small ruminants (sheep and goats) for the 40–60 years prior to being grazed by cattle in 2010 and 2005, respectively (Supplementary Table S1). The sites were then acquisitioned by Rewilding Portugal in 2020 and 2021, respectively.",population ctntrol,inside vs outside exclosure,with_introduction,65,1,100,4,100,"8 per site, clustered in pairs (4 sites within sites, 2 exclosures at each)",0.16,4,plot,Europe,40.4792853,-6.944413619,ok,Vale Carapito (Site 1),Equus caballus,,Introduced 2021,"10 horses introduced, in 22 reduced to 5-6",0.11 Equus caballus,0,individuals,hectare,2,,730,1,2023,cumulative,biomass,vegetation,shrubs,aboveground,,higher_level,shrubs,shrub biomass,t/ha,T,mean,SE,Fig_2,"focus on 2023, ignore baseline",11,1.7,4,13.3,1.99,4,Vale Carapito (Site 1),,JT
dp_246,Ribeiro et al 2025 Frontiers in Ecology and Evolution,"Semi-wild horse grazing as a rewilding strategy: assessing effects on vegetation structure and composition in the Côa Valley, Portuga",https://doi.org/10.3389/fevo.2025.1596560,Semi-Domestic,"Semi wild horses reindtroduced in 2020/2021, data collected in and outside exclosures established parallel to introductions",,,"Site 1 and Site 2 were grazed by small ruminants (sheep and goats) for the 40–60 years prior to being grazed by cattle in 2010 and 2005, respectively (Supplementary Table S1). The sites were then acquisitioned by Rewilding Portugal in 2020 and 2021, respectively.",population ctntrol,inside vs outside exclosure,with_introduction,65,1,100,4,100,"8 per site, clustered in pairs (4 sites within sites, 2 exclosures at each)",0.16,4,plot,Europe,40.4792853,-6.944413619,ok,Vale Carapito (Site 1),Equus caballus,,Introduced 2021,"10 horses introduced, in 22 reduced to 5-6",0.11 Equus caballus,0,individuals,hectare,3,,1095,2,2024,cumulative,biomass,vegetation,shrubs,aboveground,,higher_level,shrubs,shrub biomass,t/ha,T,mean,SE,Fig_2,ignore baseline,12.6,1.3,4,14.4,1.99,4,Vale Carapito (Site 1),,JT
dp_247,Ribeiro et al 2025 Frontiers in Ecology and Evolution,"Semi-wild horse grazing as a rewilding strategy: assessing effects on vegetation structure and composition in the Côa Valley, Portuga",https://doi.org/10.3389/fevo.2025.1596560,Semi-Domestic,"Semi wild horses reindtroduced in 2020/2021, data collected in and outside exclosures established parallel to introductions",,,"Site 1 and Site 2 were grazed by small ruminants (sheep and goats) for the 40–60 years prior to being grazed by cattle in 2010 and 2005, respectively (Supplementary Table S1). The sites were then acquisitioned by Rewilding Portugal in 2020 and 2021, respectively.",population ctntrol,inside vs outside exclosure,with_introduction,65,1,100,8,100,"8 per site, clustered in pairs (4 sites within sites, 2 exclosures at each)",5,4,plot,Europe,40.4792853,-6.944413619,ok,Vale Carapito (Site 1),Equus caballus,,Introduced 2021,"10 horses introduced, in 22 reduced to 5-6",0.11 Equus caballus,0,individuals,hectare,3,,1095,2,2024,cumulative,vegetation_structure,vegetation,grass,aboveground,,higher_level,grass,grass height,cm,T,mean,SE,Fig_2,ignore baseline,31.8,5.2,8,55.8,10.4,8,Vale Carapito (Site 1),,JT
dp_248,Ribeiro et al 2025 Frontiers in Ecology and Evolution,"Semi-wild horse grazing as a rewilding strategy: assessing effects on vegetation structure and composition in the Côa Valley, Portuga",https://doi.org/10.3389/fevo.2025.1596560,Semi-Domestic,"Semi wild horses reindtroduced in 2020/2021, data collected in and outside exclosures established parallel to introductions",,,"Site 1 and Site 2 were grazed by small ruminants (sheep and goats) for the 40–60 years prior to being grazed by cattle in 2010 and 2005, respectively (Supplementary Table S1). The sites were then acquisitioned by Rewilding Portugal in 2020 and 2021, respectively.",population ctntrol,inside vs outside exclosure,with_introduction,65,1,100,8,100,"8 per site, clustered in pairs (4 sites within sites, 2 exclosures at each)",5,4,plot,Europe,40.4792853,-6.944413619,ok,Vale Carapito (Site 1),Equus caballus,,Introduced 2021,"10 horses introduced, in 22 reduced to 5-6",0.11 Equus caballus,0,individuals,hectare,2,,730,1,2023,cumulative,vegetation_structure,vegetation,grass,aboveground,,higher_level,grass,grass height,cm,T,mean,SE,Fig_2,"focus on 2023, ignore baseline",51.1,9.4,8,100.5,15.1,8,Vale Carapito (Site 1),,JT
dp_249,Ribeiro et al 2025 Frontiers in Ecology and Evolution,"Semi-wild horse grazing as a rewilding strategy: assessing effects on vegetation structure and composition in the Côa Valley, Portuga",https://doi.org/10.3389/fevo.2025.1596560,Semi-Domestic,"Semi wild horses reindtroduced in 2020/2021, data collected in and outside exclosures established parallel to introductions",,,"Site 1 and Site 2 were grazed by small ruminants (sheep and goats) for the 40–60 years prior to being grazed by cattle in 2010 and 2005, respectively (Supplementary Table S1). The sites were then acquisitioned by Rewilding Portugal in 2020 and 2021, respectively.",population ctntrol,inside vs outside exclosure,with_introduction,330,1,100,12,100,"12 per site, clustered in pairs (4 sites within sites, 2 exclosures at each)",5,4,plot,Europe,40.77166087,-7.004062764,ok,Ermo das Águias (Site 2),Equus caballus,,Introduced 2022,,0.05 Equus caballus,0,individuals,hectare,1,,365,1,2023,cumulative,vegetation_structure,vegetation,shrubs,aboveground,,higher_level,shrubs,shrub height,cm,T,mean,SE,Fig_3,"focus on 2023, ignore baseline",75.6,2.97,12,69.2,4.5,12,Ermo das Águias (Site 2),,JT
dp_250,Ribeiro et al 2025 Frontiers in Ecology and Evolution,"Semi-wild horse grazing as a rewilding strategy: assessing effects on vegetation structure and composition in the Côa Valley, Portuga",https://doi.org/10.3389/fevo.2025.1596560,Semi-Domestic,"Semi wild horses reindtroduced in 2020/2021, data collected in and outside exclosures established parallel to introductions",,,"Site 1 and Site 2 were grazed by small ruminants (sheep and goats) for the 40–60 years prior to being grazed by cattle in 2010 and 2005, respectively (Supplementary Table S1). The sites were then acquisitioned by Rewilding Portugal in 2020 and 2021, respectively.",population ctntrol,inside vs outside exclosure,with_introduction,330,1,100,12,100,"12 per site, clustered in pairs (4 sites within sites, 2 exclosures at each)",5,4,plot,Europe,40.77166087,-7.004062764,ok,Ermo das Águias (Site 2),Equus caballus,,Introduced 2022,,0.05 Equus caballus,0,individuals,hectare,2,,730,2,2024,cumulative,vegetation_structure,vegetation,shrubs,aboveground,,higher_level,shrubs,shrub height,cm,T,mean,SE,Fig_3,ignore baseline,84.7,5.6,12,78.9,5.3,12,Ermo das Águias (Site 2),,JT
dp_251,Ribeiro et al 2025 Frontiers in Ecology and Evolution,"Semi-wild horse grazing as a rewilding strategy: assessing effects on vegetation structure and composition in the Côa Valley, Portuga",https://doi.org/10.3389/fevo.2025.1596560,Semi-Domestic,"Semi wild horses reindtroduced in 2020/2021, data collected in and outside exclosures established parallel to introductions",,,"Site 1 and Site 2 were grazed by small ruminants (sheep and goats) for the 40–60 years prior to being grazed by cattle in 2010 and 2005, respectively (Supplementary Table S1). The sites were then acquisitioned by Rewilding Portugal in 2020 and 2021, respectively.",population ctntrol,inside vs outside exclosure,with_introduction,330,1,100,12,100,"12 per site, clustered in pairs (4 sites within sites, 2 exclosures at each)",5,4,plot,Europe,40.77166087,-7.004062764,ok,Ermo das Águias (Site 2),Equus caballus,,Introduced 2022,,0.05 Equus caballus,0,individuals,hectare,1,,365,1,2023,cumulative,vegetation_structure,vegetation,grass,aboveground,,higher_level,grass,grass height,cm,T,mean,SE,Fig_3,"focus on 2023, ignore baseline",25.3,3.6,12,34.2,3.3,12,Ermo das Águias (Site 2),,JT
dp_252,Ribeiro et al 2025 Frontiers in Ecology and Evolution,"Semi-wild horse grazing as a rewilding strategy: assessing effects on vegetation structure and composition in the Côa Valley, Portuga",https://doi.org/10.3389/fevo.2025.1596560,Semi-Domestic,"Semi wild horses reindtroduced in 2020/2021, data collected in and outside exclosures established parallel to introductions",,,"Site 1 and Site 2 were grazed by small ruminants (sheep and goats) for the 40–60 years prior to being grazed by cattle in 2010 and 2005, respectively (Supplementary Table S1). The sites were then acquisitioned by Rewilding Portugal in 2020 and 2021, respectively.",population ctntrol,inside vs outside exclosure,with_introduction,330,1,100,12,100,"12 per site, clustered in pairs (4 sites within sites, 2 exclosures at each)",5,4,plot,Europe,40.77166087,-7.004062764,ok,Ermo das Águias (Site 2),Equus caballus,,Introduced 2022,,0.05 Equus caballus,0,individuals,hectare,2,,730,2,2024,cumulative,vegetation_structure,vegetation,grass,aboveground,,higher_level,grass,grass height,cm,T,mean,SE,Fig_3,ignore baseline,38.67,4.4,12,60.9,8.4,12,Ermo das Águias (Site 2),,JT
dp_253,Ribeiro et al 2025 Frontiers in Ecology and Evolution,"Semi-wild horse grazing as a rewilding strategy: assessing effects on vegetation structure and composition in the Côa Valley, Portuga",https://doi.org/10.3389/fevo.2025.1596560,Semi-Domestic,"Semi wild horses reindtroduced in 2020/2021, data collected in and outside exclosures established parallel to introductions",,,"Site 1 and Site 2 were grazed by small ruminants (sheep and goats) for the 40–60 years prior to being grazed by cattle in 2010 and 2005, respectively (Supplementary Table S1). The sites were then acquisitioned by Rewilding Portugal in 2020 and 2021, respectively.",population ctntrol,inside vs outside exclosure,with_introduction,65,1,100,8,100,"8 per site, clustered in pairs (4 sites within sites, 2 exclosures at each)",1,4,plot,Europe,40.4792853,-6.944413619,ok,Vale Carapito (Site 1),Equus caballus,,Introduced 2021,"10 horses introduced, in 22 reduced to 5-6",0.11 Equus caballus,0,individuals,hectare,3,,1095,2,2024,cumulative,diversity,vegetation,plants,aboveground,,higher_level,all plants,species richness,species per 100m2,T,mean,SD,Fig_4a,ignore baseline,24.2,9.2,8,22.5,5.4,8,,,JT
dp_254,Ribeiro et al 2025 Frontiers in Ecology and Evolution,"Semi-wild horse grazing as a rewilding strategy: assessing effects on vegetation structure and composition in the Côa Valley, Portuga",https://doi.org/10.3389/fevo.2025.1596560,Semi-Domestic,"Semi wild horses reindtroduced in 2020/2021, data collected in and outside exclosures established parallel to introductions",,,"Site 1 and Site 2 were grazed by small ruminants (sheep and goats) for the 40–60 years prior to being grazed by cattle in 2010 and 2005, respectively (Supplementary Table S1). The sites were then acquisitioned by Rewilding Portugal in 2020 and 2021, respectively.",population ctntrol,inside vs outside exclosure,with_introduction,330,1,100,12,100,"12 per site, clustered in pairs (4 sites within sites, 2 exclosures at each)",1,4,plot,Europe,40.77166087,-7.004062764,ok,Ermo das Águias (Site 2),Equus caballus,,Introduced 2022,,0.05 Equus caballus,0,individuals,hectare,2,,730,2,2024,cumulative,diversity,vegetation,plants,aboveground,,higher_level,all plants,species richness,species per 100m2,T,mean,SD,Fig_4b,ignore baseline,29.3,5.6,12,28,7.8,12,,,JT
dp_255,Alaniz et al 2024 Journal of Insect Conservation,Ground-dwelling invertebrate community responses to bison and prescribed fire management in tallgrass prairies,https://doi.org/10.1007/s10841-024-00614-y,Wild Native,"Bison were reintroduced into the grasslands in October 2014, they compared sites with and without bison and with varying fire regimes ",unclear if abundance is standardized by trapdays,,restored tallgrass prairies,artifical burning ,distal comparison with and without,with_introduction,800,1,5.6 to 20.6 ha,8,0.045,"5 pitfalls per site/treatment, but pooled eventually. Plot size is the sum of pitfall areas. ",0.009,5,treatment,North America,41.88436596,-89.3431613,visitor center of site,Nachusa Grasslands,Bison bison,,Introduced 2014,,0.16 Bison bison,0,individuals,hectare,3,,1095,1,2017,cumulative,abundance,invertebrates,ground-dwelling invertebrates,aboveground,,higher_level,All Arachnids,abundance,total captured individuals,T,mean,SD,,,201.125,64.69585436,8,180.0833333,113.0498348,12,,,JT
dp_256,Alaniz et al 2024 Journal of Insect Conservation,Ground-dwelling invertebrate community responses to bison and prescribed fire management in tallgrass prairies,https://doi.org/10.1007/s10841-024-00614-y,Wild Native,"Bison were reintroduced into the grasslands in October 2014, they compared sites with and without bison and with varying fire regimes ",unclear if abundance is standardized by trapdays,,restored tallgrass prairies,artifical burning ,distal comparison with and without,with_introduction,800,1,5.6 to 20.6 ha,8,0.045,"5 pitfalls per site/treatment, but pooled eventually. Plot size is the sum of pitfall areas. ",0.009,5,treatment,North America,41.88436596,-89.3431613,visitor center of site,Nachusa Grasslands,Bison bison,,Introduced 2014,,0.16 Bison bison,0,individuals,hectare,4,,1460,2,2018,cumulative,abundance,invertebrates,ground-dwelling invertebrates,aboveground,,higher_level,All Arachnids,abundance,total captured individuals,T,mean,SD,,,189.6666667,137.0221393,8,197.4166667,101.9531607,12,,,JT
dp_257,Alaniz et al 2024 Journal of Insect Conservation,Ground-dwelling invertebrate community responses to bison and prescribed fire management in tallgrass prairies,https://doi.org/10.1007/s10841-024-00614-y,Wild Native,"Bison were reintroduced into the grasslands in October 2014, they compared sites with and without bison and with varying fire regimes ",unclear if abundance is standardized by trapdays,,restored tallgrass prairies,artifical burning ,distal comparison with and without,with_introduction,800,1,5.6 to 20.6 ha,8,0.045,"5 pitfalls per site/treatment, but pooled eventually. Plot size is the sum of pitfall areas. ",0.009,5,treatment,North America,41.88436596,-89.3431613,visitor center of site,Nachusa Grasslands,Bison bison,,Introduced 2014,,0.16 Bison bison,0,individuals,hectare,3,,1095,1,2017,cumulative,abundance,invertebrates,ground-dwelling invertebrates,aboveground,,higher_level,All Orthopterans,abundance,total captured individuals,T,mean,SD,,,29.375,19.76242828,8,10.66666667,9.613752775,12,,,JT
dp_258,Alaniz et al 2024 Journal of Insect Conservation,Ground-dwelling invertebrate community responses to bison and prescribed fire management in tallgrass prairies,https://doi.org/10.1007/s10841-024-00614-y,Wild Native,"Bison were reintroduced into the grasslands in October 2014, they compared sites with and without bison and with varying fire regimes ",unclear if abundance is standardized by trapdays,,restored tallgrass prairies,artifical burning ,distal comparison with and without,with_introduction,800,1,5.6 to 20.6 ha,8,0.045,"5 pitfalls per site/treatment, but pooled eventually. Plot size is the sum of pitfall areas. ",0.009,5,treatment,North America,41.88436596,-89.3431613,visitor center of site,Nachusa Grasslands,Bison bison,,Introduced 2014,,0.16 Bison bison,0,individuals,hectare,4,,1460,2,2018,cumulative,abundance,invertebrates,ground-dwelling invertebrates,aboveground,,higher_level,All Orthopterans,abundance,total captured individuals,T,mean,SD,,,42.16666667,37.51488593,8,8.166666667,3.511884584,12,,,JT
dp_259,Alaniz et al 2024 Journal of Insect Conservation,Ground-dwelling invertebrate community responses to bison and prescribed fire management in tallgrass prairies,https://doi.org/10.1007/s10841-024-00614-y,Wild Native,"Bison were reintroduced into the grasslands in October 2014, they compared sites with and without bison and with varying fire regimes ",unclear if abundance is standardized by trapdays,,restored tallgrass prairies,artifical burning ,distal comparison with and without,with_introduction,800,1,5.6 to 20.6 ha,8,0.045,"5 pitfalls per site/treatment, but pooled eventually. Plot size is the sum of pitfall areas. ",0.009,5,treatment,North America,41.88436596,-89.3431613,visitor center of site,Nachusa Grasslands,Bison bison,,Introduced 2014,,0.16 Bison bison,0,individuals,hectare,3,,1095,1,2017,cumulative,abundance,invertebrates,ground-dwelling invertebrates,aboveground,,higher_level,Ants,abundance,total captured individuals,T,mean,SD,,,168.625,97.1183924,8,210.9166667,104.6869431,12,,,JT
dp_260,Alaniz et al 2024 Journal of Insect Conservation,Ground-dwelling invertebrate community responses to bison and prescribed fire management in tallgrass prairies,https://doi.org/10.1007/s10841-024-00614-y,Wild Native,"Bison were reintroduced into the grasslands in October 2014, they compared sites with and without bison and with varying fire regimes ",unclear if abundance is standardized by trapdays,,restored tallgrass prairies,artifical burning ,distal comparison with and without,with_introduction,800,1,5.6 to 20.6 ha,8,0.045,"5 pitfalls per site/treatment, but pooled eventually. Plot size is the sum of pitfall areas. ",0.009,5,treatment,North America,41.88436596,-89.3431613,visitor center of site,Nachusa Grasslands,Bison bison,,Introduced 2014,,0.16 Bison bison,0,individuals,hectare,3,,1095,1,2017,cumulative,abundance,invertebrates,ground-dwelling invertebrates,aboveground,,higher_level,Crickets,abundance,total captured individuals,T,mean,SD,,,19.125,16.80508001,8,6.583333333,7.204270619,12,,,JT
dp_261,Alaniz et al 2024 Journal of Insect Conservation,Ground-dwelling invertebrate community responses to bison and prescribed fire management in tallgrass prairies,https://doi.org/10.1007/s10841-024-00614-y,Wild Native,"Bison were reintroduced into the grasslands in October 2014, they compared sites with and without bison and with varying fire regimes ",unclear if abundance is standardized by trapdays,,restored tallgrass prairies,artifical burning ,distal comparison with and without,with_introduction,800,1,5.6 to 20.6 ha,8,0.045,"5 pitfalls per site/treatment, but pooled eventually. Plot size is the sum of pitfall areas. ",0.009,5,treatment,North America,41.88436596,-89.3431613,visitor center of site,Nachusa Grasslands,Bison bison,,Introduced 2014,,0.16 Bison bison,0,individuals,hectare,3,,1095,1,2017,cumulative,abundance,invertebrates,ground-dwelling invertebrates,aboveground,,higher_level,Dung Beetles,abundance,total captured individuals,T,mean,SD,,,384.375,193.4675591,8,249.0833333,87.05636454,12,,,JT
dp_262,Alaniz et al 2024 Journal of Insect Conservation,Ground-dwelling invertebrate community responses to bison and prescribed fire management in tallgrass prairies,https://doi.org/10.1007/s10841-024-00614-y,Wild Native,"Bison were reintroduced into the grasslands in October 2014, they compared sites with and without bison and with varying fire regimes ",unclear if abundance is standardized by trapdays,,restored tallgrass prairies,artifical burning ,distal comparison with and without,with_introduction,800,1,5.6 to 20.6 ha,8,0.045,"5 pitfalls per site/treatment, but pooled eventually. Plot size is the sum of pitfall areas. ",0.009,5,treatment,North America,41.88436596,-89.3431613,visitor center of site,Nachusa Grasslands,Bison bison,,Introduced 2014,,0.16 Bison bison,0,individuals,hectare,4,,1460,2,2018,cumulative,abundance,invertebrates,ground-dwelling invertebrates,aboveground,,higher_level,Dung Beetles,abundance,total captured individuals,T,mean,SD,,,1309.166667,465.5372882,8,508,355.2100531,12,,,JT
dp_263,Alaniz et al 2024 Journal of Insect Conservation,Ground-dwelling invertebrate community responses to bison and prescribed fire management in tallgrass prairies,https://doi.org/10.1007/s10841-024-00614-y,Wild Native,"Bison were reintroduced into the grasslands in October 2014, they compared sites with and without bison and with varying fire regimes ",unclear if abundance is standardized by trapdays,,restored tallgrass prairies,artifical burning ,distal comparison with and without,with_introduction,800,1,5.6 to 20.6 ha,8,0.045,"5 pitfalls per site/treatment, but pooled eventually. Plot size is the sum of pitfall areas. ",0.009,5,treatment,North America,41.88436596,-89.3431613,visitor center of site,Nachusa Grasslands,Bison bison,,Introduced 2014,,0.16 Bison bison,0,individuals,hectare,3,,1095,1,2017,cumulative,abundance,invertebrates,ground-dwelling invertebrates,aboveground,,higher_level,Grasshoppers,abundance,total captured individuals,T,mean,SD,,,10.25,7.225945316,8,4.083333333,4.907477288,12,,,JT
dp_264,Alaniz et al 2024 Journal of Insect Conservation,Ground-dwelling invertebrate community responses to bison and prescribed fire management in tallgrass prairies,https://doi.org/10.1007/s10841-024-00614-y,Wild Native,"Bison were reintroduced into the grasslands in October 2014, they compared sites with and without bison and with varying fire regimes ",unclear if abundance is standardized by trapdays,,restored tallgrass prairies,artifical burning ,distal comparison with and without,with_introduction,800,1,5.6 to 20.6 ha,8,0.045,"5 pitfalls per site/treatment, but pooled eventually. Plot size is the sum of pitfall areas. ",0.009,5,treatment,North America,41.88436596,-89.3431613,visitor center of site,Nachusa Grasslands,Bison bison,,Introduced 2014,,0.16 Bison bison,0,individuals,hectare,3,,1095,1,2017,cumulative,abundance,invertebrates,ground-dwelling invertebrates,aboveground,,higher_level,Ground Beetles,abundance,total captured individuals,T,mean,SD,,,189.375,233.9566123,8,67.41666667,54.24097467,12,,,JT
dp_265,Alaniz et al 2024 Journal of Insect Conservation,Ground-dwelling invertebrate community responses to bison and prescribed fire management in tallgrass prairies,https://doi.org/10.1007/s10841-024-00614-y,Wild Native,"Bison were reintroduced into the grasslands in October 2014, they compared sites with and without bison and with varying fire regimes ",unclear if abundance is standardized by trapdays,,restored tallgrass prairies,artifical burning ,distal comparison with and without,with_introduction,800,1,5.6 to 20.6 ha,8,0.045,"5 pitfalls per site/treatment, but pooled eventually. Plot size is the sum of pitfall areas. ",0.009,5,treatment,North America,41.88436596,-89.3431613,visitor center of site,Nachusa Grasslands,Bison bison,,Introduced 2014,,0.16 Bison bison,0,individuals,hectare,4,,1460,2,2018,cumulative,abundance,invertebrates,ground-dwelling invertebrates,aboveground,,higher_level,Ground Beetles,abundance,total captured individuals,T,mean,SD,,,213.3333333,172.9909439,8,57.41666667,33.05218555,12,,,JT
dp_266,Alaniz et al 2024 Journal of Insect Conservation,Ground-dwelling invertebrate community responses to bison and prescribed fire management in tallgrass prairies,https://doi.org/10.1007/s10841-024-00614-y,Wild Native,"Bison were reintroduced into the grasslands in October 2014, they compared sites with and without bison and with varying fire regimes ",unclear if abundance is standardized by trapdays,,restored tallgrass prairies,artifical burning ,distal comparison with and without,with_introduction,800,1,5.6 to 20.6 ha,8,0.045,"5 pitfalls per site/treatment, but pooled eventually. Plot size is the sum of pitfall areas. ",0.009,5,treatment,North America,41.88436596,-89.3431613,visitor center of site,Nachusa Grasslands,Bison bison,,Introduced 2014,,0.16 Bison bison,0,individuals,hectare,3,,1095,1,2017,cumulative,abundance,invertebrates,ground-dwelling invertebrates,aboveground,,higher_level,Harvestmen,abundance,total captured individuals,T,mean,SD,,,19.75,18.7673729,8,20.75,12.91317157,12,,,JT
dp_267,Alaniz et al 2024 Journal of Insect Conservation,Ground-dwelling invertebrate community responses to bison and prescribed fire management in tallgrass prairies,https://doi.org/10.1007/s10841-024-00614-y,Wild Native,"Bison were reintroduced into the grasslands in October 2014, they compared sites with and without bison and with varying fire regimes ",unclear if abundance is standardized by trapdays,,restored tallgrass prairies,artifical burning ,distal comparison with and without,with_introduction,800,1,5.6 to 20.6 ha,8,0.045,"5 pitfalls per site/treatment, but pooled eventually. Plot size is the sum of pitfall areas. ",0.009,5,treatment,North America,41.88436596,-89.3431613,visitor center of site,Nachusa Grasslands,Bison bison,,Introduced 2014,,0.16 Bison bison,0,individuals,hectare,3,,1095,1,2017,cumulative,abundance,invertebrates,ground-dwelling invertebrates,aboveground,,higher_level,Isopods,abundance,total captured individuals,T,mean,SD,,,294,765.3740449,8,85.41666667,97.94103823,12,,,JT
dp_268,Alaniz et al 2024 Journal of Insect Conservation,Ground-dwelling invertebrate community responses to bison and prescribed fire management in tallgrass prairies,https://doi.org/10.1007/s10841-024-00614-y,Wild Native,"Bison were reintroduced into the grasslands in October 2014, they compared sites with and without bison and with varying fire regimes ",unclear if abundance is standardized by trapdays,,restored tallgrass prairies,artifical burning ,distal comparison with and without,with_introduction,800,1,5.6 to 20.6 ha,8,0.045,"5 pitfalls per site/treatment, but pooled eventually. Plot size is the sum of pitfall areas. ",0.009,5,treatment,North America,41.88436596,-89.3431613,visitor center of site,Nachusa Grasslands,Bison bison,,Introduced 2014,,0.16 Bison bison,0,individuals,hectare,4,,1460,2,2018,cumulative,abundance,invertebrates,ground-dwelling invertebrates,aboveground,,higher_level,Isopods,abundance,total captured individuals,T,mean,SD,,,51.83333333,75.16759053,8,115.1666667,159.0459244,12,,,JT
dp_269,Alaniz et al 2024 Journal of Insect Conservation,Ground-dwelling invertebrate community responses to bison and prescribed fire management in tallgrass prairies,https://doi.org/10.1007/s10841-024-00614-y,Wild Native,"Bison were reintroduced into the grasslands in October 2014, they compared sites with and without bison and with varying fire regimes ",unclear if abundance is standardized by trapdays,,restored tallgrass prairies,artifical burning ,distal comparison with and without,with_introduction,800,1,5.6 to 20.6 ha,8,0.045,"5 pitfalls per site/treatment, but pooled eventually. Plot size is the sum of pitfall areas. ",0.009,5,treatment,North America,41.88436596,-89.3431613,visitor center of site,Nachusa Grasslands,Bison bison,,Introduced 2014,,0.16 Bison bison,0,individuals,hectare,3,,1095,1,2017,cumulative,abundance,invertebrates,ground-dwelling invertebrates,aboveground,,higher_level,Millipedes,abundance,total captured individuals,T,mean,SD,,,25.125,31.14224279,8,18.33333333,25.42844983,12,,,JT
dp_270,Alaniz et al 2024 Journal of Insect Conservation,Ground-dwelling invertebrate community responses to bison and prescribed fire management in tallgrass prairies,https://doi.org/10.1007/s10841-024-00614-y,Wild Native,"Bison were reintroduced into the grasslands in October 2014, they compared sites with and without bison and with varying fire regimes ",unclear if abundance is standardized by trapdays,,restored tallgrass prairies,artifical burning ,distal comparison with and without,with_introduction,800,1,5.6 to 20.6 ha,8,0.045,"5 pitfalls per site/treatment, but pooled eventually. Plot size is the sum of pitfall areas. ",0.009,5,treatment,North America,41.88436596,-89.3431613,visitor center of site,Nachusa Grasslands,Bison bison,,Introduced 2014,,0.16 Bison bison,0,individuals,hectare,4,,1460,2,2018,cumulative,abundance,invertebrates,ground-dwelling invertebrates,aboveground,,higher_level,Millipedes,abundance,total captured individuals,T,mean,SD,,,16.5,19.42935923,8,14.33333333,28.1758547,12,,,JT
dp_271,Alaniz et al 2024 Journal of Insect Conservation,Ground-dwelling invertebrate community responses to bison and prescribed fire management in tallgrass prairies,https://doi.org/10.1007/s10841-024-00614-y,Wild Native,"Bison were reintroduced into the grasslands in October 2014, they compared sites with and without bison and with varying fire regimes ",unclear if abundance is standardized by trapdays,,restored tallgrass prairies,artifical burning ,distal comparison with and without,with_introduction,800,1,5.6 to 20.6 ha,8,0.045,"5 pitfalls per site/treatment, but pooled eventually. Plot size is the sum of pitfall areas. ",0.009,5,treatment,North America,41.88436596,-89.3431613,visitor center of site,Nachusa Grasslands,Bison bison,,Introduced 2014,,0.16 Bison bison,0,individuals,hectare,3,,1095,1,2017,cumulative,abundance,invertebrates,ground-dwelling invertebrates,aboveground,,higher_level,Other Beetles,abundance,total captured individuals,T,mean,SD,,,193.125,63.32103577,8,161.0833333,68.3499795,12,,,JT
dp_272,Alaniz et al 2024 Journal of Insect Conservation,Ground-dwelling invertebrate community responses to bison and prescribed fire management in tallgrass prairies,https://doi.org/10.1007/s10841-024-00614-y,Wild Native,"Bison were reintroduced into the grasslands in October 2014, they compared sites with and without bison and with varying fire regimes ",unclear if abundance is standardized by trapdays,,restored tallgrass prairies,artifical burning ,distal comparison with and without,with_introduction,800,1,5.6 to 20.6 ha,8,0.045,"5 pitfalls per site/treatment, but pooled eventually. Plot size is the sum of pitfall areas. ",0.009,5,treatment,North America,41.88436596,-89.3431613,visitor center of site,Nachusa Grasslands,Bison bison,,Introduced 2014,,0.16 Bison bison,0,individuals,hectare,4,,1460,2,2018,cumulative,abundance,invertebrates,ground-dwelling invertebrates,aboveground,,higher_level,Other Beetles,abundance,total captured individuals,T,mean,SD,,,517.1666667,313.091946,8,185.5,103.9567218,12,,,JT
dp_273,Alaniz et al 2024 Journal of Insect Conservation,Ground-dwelling invertebrate community responses to bison and prescribed fire management in tallgrass prairies,https://doi.org/10.1007/s10841-024-00614-y,Wild Native,"Bison were reintroduced into the grasslands in October 2014, they compared sites with and without bison and with varying fire regimes ",unclear if abundance is standardized by trapdays,,restored tallgrass prairies,artifical burning ,distal comparison with and without,with_introduction,800,1,5.6 to 20.6 ha,8,0.045,"5 pitfalls per site/treatment, but pooled eventually. Plot size is the sum of pitfall areas. ",0.009,5,treatment,North America,41.88436596,-89.3431613,visitor center of site,Nachusa Grasslands,Bison bison,,Introduced 2014,,0.16 Bison bison,0,individuals,hectare,3,,1095,1,2017,cumulative,abundance,invertebrates,ground-dwelling invertebrates,aboveground,,higher_level,Rove Beetles,abundance,total captured individuals,T,mean,SD,,,70.625,57.16126936,8,60.91666667,35.99610669,12,,,JT
dp_274,Alaniz et al 2024 Journal of Insect Conservation,Ground-dwelling invertebrate community responses to bison and prescribed fire management in tallgrass prairies,https://doi.org/10.1007/s10841-024-00614-y,Wild Native,"Bison were reintroduced into the grasslands in October 2014, they compared sites with and without bison and with varying fire regimes ",unclear if abundance is standardized by trapdays,,restored tallgrass prairies,artifical burning ,distal comparison with and without,with_introduction,800,1,5.6 to 20.6 ha,8,0.045,"5 pitfalls per site/treatment, but pooled eventually. Plot size is the sum of pitfall areas. ",0.009,5,treatment,North America,41.88436596,-89.3431613,visitor center of site,Nachusa Grasslands,Bison bison,,Introduced 2014,,0.16 Bison bison,0,individuals,hectare,3,,1095,1,2017,cumulative,abundance,invertebrates,ground-dwelling invertebrates,aboveground,,higher_level,Slugs and Snails,abundance,total captured individuals,T,mean,SD,,,31.5,37.65634077,8,19.41666667,18.97586186,12,,,JT
dp_275,Alaniz et al 2024 Journal of Insect Conservation,Ground-dwelling invertebrate community responses to bison and prescribed fire management in tallgrass prairies,https://doi.org/10.1007/s10841-024-00614-y,Wild Native,"Bison were reintroduced into the grasslands in October 2014, they compared sites with and without bison and with varying fire regimes ",unclear if abundance is standardized by trapdays,,restored tallgrass prairies,artifical burning ,distal comparison with and without,with_introduction,800,1,5.6 to 20.6 ha,8,0.045,"5 pitfalls per site/treatment, but pooled eventually. Plot size is the sum of pitfall areas. ",0.009,5,treatment,North America,41.88436596,-89.3431613,visitor center of site,Nachusa Grasslands,Bison bison,,Introduced 2014,,0.16 Bison bison,0,individuals,hectare,4,,1460,2,2018,cumulative,abundance,invertebrates,ground-dwelling invertebrates,aboveground,,higher_level,Slugs and Snails,abundance,total captured individuals,T,mean,SD,,,2.333333333,3.881580434,8,1.333333333,1.922750555,12,,,JT
dp_276,Alaniz et al 2024 Journal of Insect Conservation,Ground-dwelling invertebrate community responses to bison and prescribed fire management in tallgrass prairies,https://doi.org/10.1007/s10841-024-00614-y,Wild Native,"Bison were reintroduced into the grasslands in October 2014, they compared sites with and without bison and with varying fire regimes ",unclear if abundance is standardized by trapdays,,restored tallgrass prairies,artifical burning ,distal comparison with and without,with_introduction,800,1,5.6 to 20.6 ha,8,0.045,"5 pitfalls per site/treatment, but pooled eventually. Plot size is the sum of pitfall areas. ",0.009,5,treatment,North America,41.88436596,-89.3431613,visitor center of site,Nachusa Grasslands,Bison bison,,Introduced 2014,,0.16 Bison bison,0,individuals,hectare,3,,1095,1,2017,cumulative,abundance,invertebrates,ground-dwelling invertebrates,aboveground,,higher_level,Spiders,abundance,total captured individuals,T,mean,SD,,,181.375,53.38254798,8,159.3333333,109.4401732,12,,,JT
dp_277,Alaniz et al 2024 Journal of Insect Conservation,Ground-dwelling invertebrate community responses to bison and prescribed fire management in tallgrass prairies,https://doi.org/10.1007/s10841-024-00614-y,Wild Native,"Bison were reintroduced into the grasslands in October 2014, they compared sites with and without bison and with varying fire regimes ",unclear if abundance is standardized by trapdays,,restored tallgrass prairies,artifical burning ,distal comparison with and without,with_introduction,800,1,5.6 to 20.6 ha,8,0.045,"5 pitfalls per site/treatment, but pooled eventually. Plot size is the sum of pitfall areas. ",0.009,5,treatment,North America,41.88436596,-89.3431613,visitor center of site,Nachusa Grasslands,Bison bison,,Introduced 2014,,0.16 Bison bison,0,individuals,hectare,3,,1095,1,2017,cumulative,abundance,invertebrates,ground-dwelling invertebrates,aboveground,,higher_level,True Bugs,abundance,total captured individuals,T,mean,SD,,,28.625,27.12372446,8,21.16666667,14.21799969,12,,,JT
dp_278,Alaniz et al 2024 Journal of Insect Conservation,Ground-dwelling invertebrate community responses to bison and prescribed fire management in tallgrass prairies,https://doi.org/10.1007/s10841-024-00614-y,Wild Native,"Bison were reintroduced into the grasslands in October 2014, they compared sites with and without bison and with varying fire regimes ",unclear if abundance is standardized by trapdays,,restored tallgrass prairies,artifical burning ,distal comparison with and without,with_introduction,800,1,5.6 to 20.6 ha,8,0.045,"5 pitfalls per site/treatment, but pooled eventually. Plot size is the sum of pitfall areas. ",0.009,5,treatment,North America,41.88436596,-89.3431613,visitor center of site,Nachusa Grasslands,Bison bison,,Introduced 2014,,0.16 Bison bison,0,individuals,hectare,4,,1460,2,2018,cumulative,abundance,invertebrates,ground-dwelling invertebrates,aboveground,,higher_level,True Bugs,abundance,total captured individuals,T,mean,SD,,,14.33333333,12.01110597,8,17.25,7.275425636,12,,,JT
dp_279,Ejrnæs et al 2024 Applied Vegetation Science,Vegetation dynamics following three decades of trophic rewilding in the mesic grasslands of Oostvaardersplassen,https://doi.org/10.1111/avsc.12805,Semi-Domestic,"OVP, sampling rougly 30 years after rewilding in Ovp and adjacent Kotterbos as control",,,built from scratch,populations managed since recently,distal comparison with and without,with_introduction,5500,1,55000000,1,4,"61 in treatment, 12 in control",,,plot,Europe,52.42498843,5.368575003,good,Oostvaardersplassen,Bos primigenius taurus; Equus ferus caballus; Cervus elaphus,,"1996 the entire area has been year-round grazed by feral Heck cattle (Bos primigenius taurus), feral Konik horses (Equus ferus caballus) and red deer (Cervus elaphus) introduced in 1983, 1984 and 1992 respectively ","densities varied wildly, so this is just approximate https://rewilding.org/european-experiments-in-rewilding-oostvaardersplassen/",0.05 Bos primigenius taurus; 0.1 Equus ferus caballus; 0.1 Cervus elaphus,0,individuals,hectare,26,,9490,1,2022,cumulative,diversity,vegetation,plants,aboveground,,higher_level,all plants,species richness,,T,mean,SD,Fig_S8a,,15.433884,2.8518607,61,2.665289,0.9147812,12,,,JT
dp_280,Lovász et al 2024 PeerJ,Natural grazing by horses and cattle promotes bird diversity in a restored European alluvial grassland,https://doi.org/10.7717/peerj.17777,Semi-Domestic,Horse and cattle introduced in 2018/early 2019 to conuteract succession by willow and poplar- Studies compares this enclosure with control sites just outsiede,,,both control and enclosure have been agricultural fields prior to 2014,,inside vs outside enclosure,with_introduction,32,1,320000,1,700,"3 transects, but repeated survey,  (73 in grazed, 7 in control sites)- unit of analysis was 50x50m grid cells ",,,,Europe,47.62119004,7.539519936,good,Réserve Naturelle Petite Camargue Alsacienne,Bos primigenius taurus; Equus ferus caballus,,"The introduction began with horses in September 2018, followed by cattle in January 2019. The initial number of five Highland cattle and five Konik horses increased to seven cattle (five adults and additionally two calves born on-site) in the summer of 2019, and to seven horses (five adults and additionally two young mares brought from other areas) in the summer of 2020.",,0.19 Bos primigenius taurus; 0.19 Equus ferus caballus,0,individuals,hectare,2,,730,1,2020,cumulative,diversity,birds,birds,air,,higher_level,birds,species richness,species per 50m grid cell,T,mean,SE,,,0.27,0.01,121,0.18,0.01,112,,,JT
dp_281,Lovász et al 2024 PeerJ,Natural grazing by horses and cattle promotes bird diversity in a restored European alluvial grassland,https://doi.org/10.7717/peerj.17777,Semi-Domestic,Horse and cattle introduced in 2018/early 2019 to conuteract succession by willow and poplar- Studies compares this enclosure with control sites just outsiede,,,both control and enclosure have been agricultural fields prior to 2014,,inside vs outside enclosure,with_introduction,32,1,320000,1,700,"3 transects, but repeated survey,  (73 in grazed, 7 in control sites)- unit of analysis was 50x50m grid cells ",,,,Europe,47.62119004,7.539519936,good,Réserve Naturelle Petite Camargue Alsacienne,Bos primigenius taurus; Equus ferus caballus,,"The introduction began with horses in September 2018, followed by cattle in January 2019. The initial number of five Highland cattle and five Konik horses increased to seven cattle (five adults and additionally two calves born on-site) in the summer of 2019, and to seven horses (five adults and additionally two young mares brought from other areas) in the summer of 2020.",,0.19 Bos primigenius taurus; 0.19 Equus ferus caballus,0,individuals,hectare,2,,730,1,2020,cumulative,abundance,birds,birds,air,,higher_level,birds,abundance,individuals per 50m grid cell,T,mean,SE,,,0.93,0.14,121,0.43,0.08,112,,,JT
dp_282,Tanentzap et al 2023 Biological Conservation,Trade-offs between passive and trophic rewilding for biodiversity and ecosystem functioning,https://doi.org/10.1016/j.biocon.2023.110005,Mix,"Knepp wildland, proper trophic rewilding experiment, variety of large herbivores introduced from 2009 onwards, exclosures established before that",,,"former arable farmland, never exposed to heavy grazing","basically nothing, except some removals to keep herd structure ",inside vs outside exclosure,prior_introduction,450,1,52.84,5,52.84,1 per treatment ,,,treatment / exclosure,Europe,50.97574337,-0.3448307099,good,Knepp Estate,"Bos primigenius taurus; Equus ferus caballus; Sus scrofa, Cervus elaphus, Dama dama",,"In 2009, the entire site was stock-fenced and Old English longhorn cattle (Bos primigenius primigenius), Exmoor ponies (E. ferus caballus), and Tamworth pigs (Sus scrofa domesticus) were introduced. These are all older domesticated breeds intended to act as functional analogues for extinct auroch (B. primigenius taurus), tarpan (E. ferus ferus), and wild boar (Sus scrofa scrofa), respectively (Bunzel-Drüke, 2001; Tree, 2018). Non-native fallow deer (Dama dama) and native red deer (Cervus elaphus) were also introduced respectively in 2009 and 2013. The animals roam freely alongside native roe (Capreolus capreolus) deer, as their home ranges in open habitats of southern England are typically smaller than that of our study site",,"0.27 Bos primigenius taurus; 0.03 Equus ferus caballus; 0.04 Sus scrofa, 0.02 Cervus elaphus, 0.26 Dama dama",0,individuals,hectare,9,,3285,1,2018,cumulative,abundance,invertebrates,ground-dwelling invertebrates,aboveground,,higher_level,ground dwelling arthropodes,abundance,biomass,T,mean,SD,,,0.0404,0.0345,20,0.014,0.0116,20,,,JT
dp_283,Tanentzap et al 2023 Biological Conservation,Trade-offs between passive and trophic rewilding for biodiversity and ecosystem functioning,https://doi.org/10.1016/j.biocon.2023.110005,Mix,"Knepp wildland, proper trophic rewilding experiment, variety of large herbivores introduced from 2009 onwards, exclosures established before that",,,"former arable farmland, never exposed to heavy grazing","basically nothing, except some removals to keep herd structure ",inside vs outside exclosure,prior_introduction,450,1,52.84,5,52.84,1 per treatment ,,,treatment / exclosure,Europe,50.97574337,-0.3448307099,good,Knepp Estate,"Bos primigenius taurus; Equus ferus caballus; Sus scrofa, Cervus elaphus, Dama dama",,"In 2009, the entire site was stock-fenced and Old English longhorn cattle (Bos primigenius primigenius), Exmoor ponies (E. ferus caballus), and Tamworth pigs (Sus scrofa domesticus) were introduced. These are all older domesticated breeds intended to act as functional analogues for extinct auroch (B. primigenius taurus), tarpan (E. ferus ferus), and wild boar (Sus scrofa scrofa), respectively (Bunzel-Drüke, 2001; Tree, 2018). Non-native fallow deer (Dama dama) and native red deer (Cervus elaphus) were also introduced respectively in 2009 and 2013. The animals roam freely alongside native roe (Capreolus capreolus) deer, as their home ranges in open habitats of southern England are typically smaller than that of our study site",,"0.27 Bos primigenius taurus; 0.03 Equus ferus caballus; 0.04 Sus scrofa, 0.02 Cervus elaphus, 0.26 Dama dama",0,individuals,hectare,9,,3285,1,2018,cumulative,diversity,invertebrates,ground-dwelling invertebrates,aboveground,,higher_level,ground dwelling arthropodes,taxonomic richness,number of families per trapping day,T,mean,SD,,,11.1,3.82,9,9.22,3.22,9,,,JT
dp_284,Tanentzap et al 2023 Biological Conservation,Trade-offs between passive and trophic rewilding for biodiversity and ecosystem functioning,https://doi.org/10.1016/j.biocon.2023.110005,Mix,"Knepp wildland, proper trophic rewilding experiment, variety of large herbivores introduced from 2009 onwards, exclosures established before that",,,"former arable farmland, never exposed to heavy grazing","basically nothing, except some removals to keep herd structure ",inside vs outside exclosure,prior_introduction,450,1,52.84,10,52.84,1 per treatment ,,,treatment / exclosure,Europe,50.97574337,-0.3448307099,good,Knepp Estate,"Bos primigenius taurus; Equus ferus caballus; Sus scrofa, Cervus elaphus, Dama dama",,"In 2009, the entire site was stock-fenced and Old English longhorn cattle (Bos primigenius primigenius), Exmoor ponies (E. ferus caballus), and Tamworth pigs (Sus scrofa domesticus) were introduced. These are all older domesticated breeds intended to act as functional analogues for extinct auroch (B. primigenius taurus), tarpan (E. ferus ferus), and wild boar (Sus scrofa scrofa), respectively (Bunzel-Drüke, 2001; Tree, 2018). Non-native fallow deer (Dama dama) and native red deer (Cervus elaphus) were also introduced respectively in 2009 and 2013. The animals roam freely alongside native roe (Capreolus capreolus) deer, as their home ranges in open habitats of southern England are typically smaller than that of our study site",,"0.27 Bos primigenius taurus; 0.03 Equus ferus caballus; 0.04 Sus scrofa, 0.02 Cervus elaphus, 0.26 Dama dama",0,individuals,hectare,9,,3285,1,2018,cumulative,vegetation_structure,vegetation,herbs,aboveground,,higher_level,herbaceous plants,cover,percent cover,T,mean,SD,,,92.6,9.96,50,61.2,24,50,,,JT
dp_285,Tanentzap et al 2023 Biological Conservation,Trade-offs between passive and trophic rewilding for biodiversity and ecosystem functioning,https://doi.org/10.1016/j.biocon.2023.110005,Mix,"Knepp wildland, proper trophic rewilding experiment, variety of large herbivores introduced from 2009 onwards, exclosures established before that",,,"former arable farmland, never exposed to heavy grazing","basically nothing, except some removals to keep herd structure ",inside vs outside exclosure,prior_introduction,450,1,52.84,10,52.84,1 per treatment ,,,treatment / exclosure,Europe,50.97574337,-0.3448307099,good,Knepp Estate,"Bos primigenius taurus; Equus ferus caballus; Sus scrofa, Cervus elaphus, Dama dama",,"In 2009, the entire site was stock-fenced and Old English longhorn cattle (Bos primigenius primigenius), Exmoor ponies (E. ferus caballus), and Tamworth pigs (Sus scrofa domesticus) were introduced. These are all older domesticated breeds intended to act as functional analogues for extinct auroch (B. primigenius taurus), tarpan (E. ferus ferus), and wild boar (Sus scrofa scrofa), respectively (Bunzel-Drüke, 2001; Tree, 2018). Non-native fallow deer (Dama dama) and native red deer (Cervus elaphus) were also introduced respectively in 2009 and 2013. The animals roam freely alongside native roe (Capreolus capreolus) deer, as their home ranges in open habitats of southern England are typically smaller than that of our study site",,"0.27 Bos primigenius taurus; 0.03 Equus ferus caballus; 0.04 Sus scrofa, 0.02 Cervus elaphus, 0.26 Dama dama",0,individuals,hectare,9,,3285,1,2018,cumulative,vegetation_structure,vegetation,herbs,aboveground,,higher_level,herbaceous plants,height,cm,T,mean,SD,,,20.5,16.6,50,51.2,34,50,,,JT
dp_286,Tanentzap et al 2023 Biological Conservation,Trade-offs between passive and trophic rewilding for biodiversity and ecosystem functioning,https://doi.org/10.1016/j.biocon.2023.110005,Mix,"Knepp wildland, proper trophic rewilding experiment, variety of large herbivores introduced from 2009 onwards, exclosures established before that",,,"former arable farmland, never exposed to heavy grazing","basically nothing, except some removals to keep herd structure ",inside vs outside exclosure,prior_introduction,450,1,52.84,10,52.84,1 per treatment ,,,treatment / exclosure,Europe,50.97574337,-0.3448307099,good,Knepp Estate,"Bos primigenius taurus; Equus ferus caballus; Sus scrofa, Cervus elaphus, Dama dama",,"In 2009, the entire site was stock-fenced and Old English longhorn cattle (Bos primigenius primigenius), Exmoor ponies (E. ferus caballus), and Tamworth pigs (Sus scrofa domesticus) were introduced. These are all older domesticated breeds intended to act as functional analogues for extinct auroch (B. primigenius taurus), tarpan (E. ferus ferus), and wild boar (Sus scrofa scrofa), respectively (Bunzel-Drüke, 2001; Tree, 2018). Non-native fallow deer (Dama dama) and native red deer (Cervus elaphus) were also introduced respectively in 2009 and 2013. The animals roam freely alongside native roe (Capreolus capreolus) deer, as their home ranges in open habitats of southern England are typically smaller than that of our study site",,"0.27 Bos primigenius taurus; 0.03 Equus ferus caballus; 0.04 Sus scrofa, 0.02 Cervus elaphus, 0.26 Dama dama",0,individuals,hectare,9,,3285,1,2018,cumulative,vegetation_structure,vegetation,trees,aboveground,,higher_level,trees,height,m,T,mean,SD,,,2.83,1.43,12,4.59,2.38,73,,,JT
dp_287,Tanentzap et al 2023 Biological Conservation,Trade-offs between passive and trophic rewilding for biodiversity and ecosystem functioning,https://doi.org/10.1016/j.biocon.2023.110005,Mix,"Knepp wildland, proper trophic rewilding experiment, variety of large herbivores introduced from 2009 onwards, exclosures established before that",,,"former arable farmland, never exposed to heavy grazing","basically nothing, except some removals to keep herd structure ",inside vs outside exclosure,prior_introduction,450,1,52.84,10,52.84,1 per treatment ,,,treatment / exclosure,Europe,50.97574337,-0.3448307099,good,Knepp Estate,"Bos primigenius taurus; Equus ferus caballus; Sus scrofa, Cervus elaphus, Dama dama",,"In 2009, the entire site was stock-fenced and Old English longhorn cattle (Bos primigenius primigenius), Exmoor ponies (E. ferus caballus), and Tamworth pigs (Sus scrofa domesticus) were introduced. These are all older domesticated breeds intended to act as functional analogues for extinct auroch (B. primigenius taurus), tarpan (E. ferus ferus), and wild boar (Sus scrofa scrofa), respectively (Bunzel-Drüke, 2001; Tree, 2018). Non-native fallow deer (Dama dama) and native red deer (Cervus elaphus) were also introduced respectively in 2009 and 2013. The animals roam freely alongside native roe (Capreolus capreolus) deer, as their home ranges in open habitats of southern England are typically smaller than that of our study site",,"0.27 Bos primigenius taurus; 0.03 Equus ferus caballus; 0.04 Sus scrofa, 0.02 Cervus elaphus, 0.26 Dama dama",0,individuals,hectare,9,,3285,1,2018,cumulative,abundance,vegetation,trees,aboveground,,higher_level,trees,abundance,trees per plot,T,mean,SD,,,1.5,2.27,8,9.12,6.71,8,,,JT
dp_288,Tanentzap et al 2023 Biological Conservation,Trade-offs between passive and trophic rewilding for biodiversity and ecosystem functioning,https://doi.org/10.1016/j.biocon.2023.110005,Mix,"Knepp wildland, proper trophic rewilding experiment, variety of large herbivores introduced from 2009 onwards, exclosures established before that",,,"former arable farmland, never exposed to heavy grazing","basically nothing, except some removals to keep herd structure ",inside vs outside exclosure,prior_introduction,450,1,52.84,10,52.84,1 per treatment ,,,treatment / exclosure,Europe,50.97574337,-0.3448307099,good,Knepp Estate,"Bos primigenius taurus; Equus ferus caballus; Sus scrofa, Cervus elaphus, Dama dama",,"In 2009, the entire site was stock-fenced and Old English longhorn cattle (Bos primigenius primigenius), Exmoor ponies (E. ferus caballus), and Tamworth pigs (Sus scrofa domesticus) were introduced. These are all older domesticated breeds intended to act as functional analogues for extinct auroch (B. primigenius taurus), tarpan (E. ferus ferus), and wild boar (Sus scrofa scrofa), respectively (Bunzel-Drüke, 2001; Tree, 2018). Non-native fallow deer (Dama dama) and native red deer (Cervus elaphus) were also introduced respectively in 2009 and 2013. The animals roam freely alongside native roe (Capreolus capreolus) deer, as their home ranges in open habitats of southern England are typically smaller than that of our study site",,"0.27 Bos primigenius taurus; 0.03 Equus ferus caballus; 0.04 Sus scrofa, 0.02 Cervus elaphus, 0.26 Dama dama",0,individuals,hectare,9,,3285,1,2018,cumulative,diversity,vegetation,trees,aboveground,,higher_level,trees,species richness,tree species per plot,T,mean,SD,,,0.625,0.744,8,2.12,1.13,8,,,JT
dp_289,Tanentzap et al 2023 Biological Conservation,Trade-offs between passive and trophic rewilding for biodiversity and ecosystem functioning,https://doi.org/10.1016/j.biocon.2023.110005,Mix,"Knepp wildland, proper trophic rewilding experiment, variety of large herbivores introduced from 2009 onwards, exclosures established before that",,,"former arable farmland, never exposed to heavy grazing","basically nothing, except some removals to keep herd structure ",inside vs outside exclosure,prior_introduction,450,1,52.84,10,52.84,1 per treatment ,,,treatment / exclosure,Europe,50.97574337,-0.3448307099,good,Knepp Estate,"Bos primigenius taurus; Equus ferus caballus; Sus scrofa, Cervus elaphus, Dama dama",,"In 2009, the entire site was stock-fenced and Old English longhorn cattle (Bos primigenius primigenius), Exmoor ponies (E. ferus caballus), and Tamworth pigs (Sus scrofa domesticus) were introduced. These are all older domesticated breeds intended to act as functional analogues for extinct auroch (B. primigenius taurus), tarpan (E. ferus ferus), and wild boar (Sus scrofa scrofa), respectively (Bunzel-Drüke, 2001; Tree, 2018). Non-native fallow deer (Dama dama) and native red deer (Cervus elaphus) were also introduced respectively in 2009 and 2013. The animals roam freely alongside native roe (Capreolus capreolus) deer, as their home ranges in open habitats of southern England are typically smaller than that of our study site",,"0.27 Bos primigenius taurus; 0.03 Equus ferus caballus; 0.04 Sus scrofa, 0.02 Cervus elaphus, 0.26 Dama dama",0,individuals,hectare,9,,3285,1,2018,cumulative,soil_conditions,soil,soil,belowground 0-15cm,,higher_level,soil,bulk density ,soil dry weight g / cm3 ,T,mean,SD,,,0.828,0.136,20,0.809,0.095,20,,,JT
dp_290,Gordon et al 2023 Ecological Applications,Elephant rewilding affects landscape openness and fauna habitat across a 92-year period,https://doi.org/10.1002/eap.2810,Wild Native,Study compares different reserveres with along a gradient of elephant reintroduction time. Here we focus on Balule nature reserve because it's right next to the control,,both control and introduction site are inhabitated by a range of smaller megafauna,BNR established in 2003,,distal comparison with and without,prior_introduction,55900,1,559000000,1,500,10 per treatment,,,plot,Africa,-24.26371489,30.90735195,good,Balule Nature Reserve,Loxodonta africana,,many smaller megafauna present in both control and treatment ,1.24 (0.7–1.62) elephants per km2,0.0124 Loxodonta africana,0,individuals,hectare,16,,5840,1,2019,cumulative,diversity,vegetation,shrubs,aboveground,,higher_level,shrubs,species richness,,T,mean,SD,,,8,20.5,10,10.7,2,10,,,JT
dp_291,Gordon et al 2023 Ecological Applications,Elephant rewilding affects landscape openness and fauna habitat across a 92-year period,https://doi.org/10.1002/eap.2810,Wild Native,Study compares different reserveres with along a gradient of elephant reintroduction time. Here we focus on Balule nature reserve because it's right next to the control,,both control and introduction site are inhabitated by a range of smaller megafauna,BNR established in 2003,,distal comparison with and without,prior_introduction,55900,1,559000000,1,500,10 per treatment,,,plot,Africa,-24.26371489,30.90735195,good,Balule Nature Reserve,Loxodonta africana,,many smaller megafauna present in both control and treatment ,1.24 (0.7–1.62) elephants per km2,0.0124 Loxodonta africana,0,individuals,hectare,16,,5840,1,2019,cumulative,abundance,vegetation,trees,aboveground,,higher_level,trees,density,individuals / 10 ha,T,mean,SD,,,76.1,50.5,10,173,78,10,,,JT
dp_292,Bonavent et al 2023 Applied Vegetation Science,Grazing by semi-feral cattle and horses supports plant species richness and uniqueness in grasslands,https://doi.org/10.1111/avsc.12718,Semi-Domestic,"We investigated grazing exclosures in the rewilding area of the Mols Laboratory, four years after its establishment. We focused on moist to dry grassland vegetation, that is, excluding scrub and woodland. Each experimental block consisted of five 5 × 9 m plots representing four fenced treatments, that is, summer-only grazing, winter-only grazing, full exclosure with annual autumn mowing and full exclosure with passive succession. EXTRACTION ONLY FOR YEAR ROUND AND FULL EXCLOSURE",,,,,inside vs outside exclosure,post_introduction,120,1,1200000,1,45,9 per treatment,,,plot / exclosure,Europe,56.22907713,10.57558786,good,Mols Laboratory,Bos primigenius taurus; Equus ferus caballus ,,,"some fluctuation, stablized at 100 kg / ha",0.19 Bos primigenius taurus; 0.175 Equus ferus caballus ,0,individuals,hectare,4,3,1095,1,2020,cumulative,diversity,vegetation,plants,aboveground,,higher_level,all plants,species richness,,T,mean,SE,,,11.33,0.45,9,7.89,0.47,9,,,JT
dp_293,Ratajczak et al 2022 PNAS,Reintroducing bison results in long-running and resilient increases in grassland diversity,https://doi.org/10.1073/pnas.2210433119,Wild Native,"Bison reintroduced, comparing areas with and without ",Check that not duplicated with Noble et al!,,,,distal comparison with and without,with_introduction,1012,1,10120000,1,10,80 per treatment,,,plot,North America,39.08339354,-96.5832714,reasonable ,Konza Prairie Biological Station,Bison bison,,,,0.26 Bison bison,0,individuals,hectare,28,,10220,1,2020,cumulative,diversity,vegetation,plants,aboveground,,higher_level,all plants,species richness,individuals / 10m2,T,mean,SD,Fig_3b,"ignore cattle, shows mean ±95CI",45.02959,14.17626,80,22.30769,13.36618,80,upland,,JT
dp_294,Dvorský et al 2022 Plant Ecology,Reintroduction of large herbivores restored plant species richness in abandoned dry temperate grassland,https://doi.org/10.1007/s11258-022-01225-w,Semi-Domestic,"Former military training area, large grazers introduced  (horse and cattle) introduced in 2015",,considerably less control that grazing plots,"Former military training area, large grazers introduced  (horse and cattle) introduced in 2015",,distal comparison with and without,with_introduction,100,2,1000000,2,4,15 per site for grazed sites (30 in total),,,plot,Europe,50.27583577,14.89127737,good for the northern site,National Nature Monument Mladá,Bos primigenius taurus; Equus ferus caballus,,basically no management,,0.16 Bos primigenius taurus; 0.26 Equus ferus caballus,0,individuals,hectare,2,,730,1,2017,cumulative,diversity,vegetation,plants,aboveground,,higher_level,all plants,species richness,,T,mean,SD,Fig_4,,19.5723684,4.8765662,30,11.9736842,3.30099458,9,,,JT
dp_295,Dvorský et al 2022 Plant Ecology,Reintroduction of large herbivores restored plant species richness in abandoned dry temperate grassland,https://doi.org/10.1007/s11258-022-01225-w,Semi-Domestic,"Former military training area, large grazers introduced  (horse and cattle) introduced in 2015",,considerably less control that grazing plots,"Former military training area, large grazers introduced  (horse and cattle) introduced in 2015",,distal comparison with and without,with_introduction,100,2,1000000,2,4,15 per site for grazed sites (30 in total),,,plot,Europe,50.27583577,14.89127737,good for the northern site,National Nature Monument Mladá,Bos primigenius taurus; Equus ferus caballus,,basically no management,,0.16 Bos primigenius taurus; 0.26 Equus ferus caballus,0,individuals,hectare,3,,1095,2,2018,cumulative,diversity,vegetation,plants,aboveground,,higher_level,all plants,species richness,,T,mean,SD,Fig_4,,15.8717105,3.74704009,30,12.1217105,5.83119858,7,,,JT
dp_296,Dvorský et al 2022 Plant Ecology,Reintroduction of large herbivores restored plant species richness in abandoned dry temperate grassland,https://doi.org/10.1007/s11258-022-01225-w,Semi-Domestic,"Former military training area, large grazers introduced  (horse and cattle) introduced in 2015",,considerably less control that grazing plots,"Former military training area, large grazers introduced  (horse and cattle) introduced in 2015",,distal comparison with and without,with_introduction,100,2,1000000,2,4,15 per site for grazed sites (30 in total),,,plot,Europe,50.27583577,14.89127737,good for the northern site,National Nature Monument Mladá,Bos primigenius taurus; Equus ferus caballus,,basically no management,,0.16 Bos primigenius taurus; 0.26 Equus ferus caballus,0,individuals,hectare,4,,1460,3,2019,cumulative,diversity,vegetation,plants,aboveground,,higher_level,all plants,species richness,,T,mean,SD,Fig_4,,19.7203947,5.02167009,30,11.3322368,6.1033416,5,,,JT
dp_297,Dvorský et al 2022 Plant Ecology,Reintroduction of large herbivores restored plant species richness in abandoned dry temperate grassland,https://doi.org/10.1007/s11258-022-01225-w,Semi-Domestic,"Former military training area, large grazers introduced  (horse and cattle) introduced in 2015",,considerably less control that grazing plots,"Former military training area, large grazers introduced  (horse and cattle) introduced in 2015",,distal comparison with and without,with_introduction,100,2,1000000,2,4,15 per site for grazed sites (30 in total),,,plot,Europe,50.27583577,14.89127737,good for the northern site,National Nature Monument Mladá,Bos primigenius taurus; Equus ferus caballus,,basically no management,,0.16 Bos primigenius taurus; 0.26 Equus ferus caballus,0,individuals,hectare,6,,2190,4,2021,cumulative,diversity,vegetation,plants,aboveground,,higher_level,all plants,species richness,,T,mean,SD,Fig_4,,29.4901316,4.49815446,30,14.5888158,7.4303305,5,,,JT
dp_298,Dvorský et al 2022 Plant Ecology,Reintroduction of large herbivores restored plant species richness in abandoned dry temperate grassland,https://doi.org/10.1007/s11258-022-01225-w,Semi-Domestic,"Former military training area, large grazers introduced  (horse and cattle) introduced in 2015",,considerably less control that grazing plots,"Former military training area, large grazers introduced  (horse and cattle) introduced in 2015",,distal comparison with and without,with_introduction,100,2,1000000,2,4,15 per site for grazed sites (30 in total),,,plot,Europe,50.27583577,14.89127737,good for the northern site,National Nature Monument Mladá,Bos primigenius taurus; Equus ferus caballus,,basically no management,,0.16 Bos primigenius taurus; 0.26 Equus ferus caballus,0,individuals,hectare,2,,730,1,2017,cumulative,diversity,vegetation,plants,aboveground,,higher_level,all plants,simpson diversity,,T,mean,SD,Fig_4,,0.7113095,0.10751451,30,0.5699405,0.10752136,9,,,JT
dp_299,Dvorský et al 2022 Plant Ecology,Reintroduction of large herbivores restored plant species richness in abandoned dry temperate grassland,https://doi.org/10.1007/s11258-022-01225-w,Semi-Domestic,"Former military training area, large grazers introduced  (horse and cattle) introduced in 2015",,considerably less control that grazing plots,"Former military training area, large grazers introduced  (horse and cattle) introduced in 2015",,distal comparison with and without,with_introduction,100,2,1000000,2,4,15 per site for grazed sites (30 in total),,,plot,Europe,50.27583577,14.89127737,good for the northern site,National Nature Monument Mladá,Bos primigenius taurus; Equus ferus caballus,,basically no management,,0.16 Bos primigenius taurus; 0.26 Equus ferus caballus,0,individuals,hectare,3,,1095,2,2018,cumulative,diversity,vegetation,plants,aboveground,,higher_level,all plants,simpson diversity,,T,mean,SD,Fig_4,,0.7418155,0.11227661,30,0.6532738,0.20695059,7,,,JT
dp_300,Dvorský et al 2022 Plant Ecology,Reintroduction of large herbivores restored plant species richness in abandoned dry temperate grassland,https://doi.org/10.1007/s11258-022-01225-w,Semi-Domestic,"Former military training area, large grazers introduced  (horse and cattle) introduced in 2015",,considerably less control that grazing plots,"Former military training area, large grazers introduced  (horse and cattle) introduced in 2015",,distal comparison with and without,with_introduction,100,2,1000000,2,4,15 per site for grazed sites (30 in total),,,plot,Europe,50.27583577,14.89127737,good for the northern site,National Nature Monument Mladá,Bos primigenius taurus; Equus ferus caballus,,basically no management,,0.16 Bos primigenius taurus; 0.26 Equus ferus caballus,0,individuals,hectare,4,,1460,3,2019,cumulative,diversity,vegetation,plants,aboveground,,higher_level,all plants,simpson diversity,,T,mean,SD,Fig_4,,0.7633929,0.09850491,30,0.5677083,0.50942621,5,,,JT
dp_301,Dvorský et al 2022 Plant Ecology,Reintroduction of large herbivores restored plant species richness in abandoned dry temperate grassland,https://doi.org/10.1007/s11258-022-01225-w,Semi-Domestic,"Former military training area, large grazers introduced  (horse and cattle) introduced in 2015",,considerably less control that grazing plots,"Former military training area, large grazers introduced  (horse and cattle) introduced in 2015",,distal comparison with and without,with_introduction,100,2,1000000,2,4,15 per site for grazed sites (30 in total),,,plot,Europe,50.27583577,14.89127737,good for the northern site,National Nature Monument Mladá,Bos primigenius taurus; Equus ferus caballus,,basically no management,,0.16 Bos primigenius taurus; 0.26 Equus ferus caballus,0,individuals,hectare,6,,2190,4,2021,cumulative,diversity,vegetation,plants,aboveground,,higher_level,all plants,simpson diversity,,T,mean,SD,Fig_4,,0.7931548,0.09181203,30,0.4151786,0.3800656,5,,,JT
dp_302,Dvorský et al 2022 Plant Ecology,Reintroduction of large herbivores restored plant species richness in abandoned dry temperate grassland,https://doi.org/10.1007/s11258-022-01225-w,Semi-Domestic,"Former military training area, large grazers introduced  (horse and cattle) introduced in 2015",,considerably less control that grazing plots,"Former military training area, large grazers introduced  (horse and cattle) introduced in 2015",,distal comparison with and without,with_introduction,100,2,1000000,2,4,15 per site for grazed sites (30 in total),,,plot,Europe,50.27583577,14.89127737,good for the northern site,National Nature Monument Mladá,Bos primigenius taurus; Equus ferus caballus,,basically no management,,0.16 Bos primigenius taurus; 0.26 Equus ferus caballus,0,individuals,hectare,2,,730,1,2017,cumulative,vegetation_structure,vegetation,grass,aboveground,,higher_level,grass,grass cover,%,T,mean,SD,Fig_5,,29.8922414,9.48057674,30,30.9267241,10.9344519,9,,,JT
dp_303,Dvorský et al 2022 Plant Ecology,Reintroduction of large herbivores restored plant species richness in abandoned dry temperate grassland,https://doi.org/10.1007/s11258-022-01225-w,Semi-Domestic,"Former military training area, large grazers introduced  (horse and cattle) introduced in 2015",,considerably less control that grazing plots,"Former military training area, large grazers introduced  (horse and cattle) introduced in 2015",,distal comparison with and without,with_introduction,100,2,1000000,2,4,15 per site for grazed sites (30 in total),,,plot,Europe,50.27583577,14.89127737,good for the northern site,National Nature Monument Mladá,Bos primigenius taurus; Equus ferus caballus,,basically no management,,0.16 Bos primigenius taurus; 0.26 Equus ferus caballus,0,individuals,hectare,3,,1095,2,2018,cumulative,vegetation_structure,vegetation,grass,aboveground,,higher_level,grass,grass cover,%,T,mean,SD,Fig_5,,30.7974138,12.38103405,30,43.9224138,11.34191127,7,,,JT
dp_304,Dvorský et al 2022 Plant Ecology,Reintroduction of large herbivores restored plant species richness in abandoned dry temperate grassland,https://doi.org/10.1007/s11258-022-01225-w,Semi-Domestic,"Former military training area, large grazers introduced  (horse and cattle) introduced in 2015",,considerably less control that grazing plots,"Former military training area, large grazers introduced  (horse and cattle) introduced in 2015",,distal comparison with and without,with_introduction,100,2,1000000,2,4,15 per site for grazed sites (30 in total),,,plot,Europe,50.27583577,14.89127737,good for the northern site,National Nature Monument Mladá,Bos primigenius taurus; Equus ferus caballus,,basically no management,,0.16 Bos primigenius taurus; 0.26 Equus ferus caballus,0,individuals,hectare,4,,1460,3,2019,cumulative,vegetation_structure,vegetation,grass,aboveground,,higher_level,grass,grass cover,%,T,mean,SD,Fig_5,,36.1637931,11.1918012,30,50.9698276,18.86878917,5,,,JT
dp_305,Dvorský et al 2022 Plant Ecology,Reintroduction of large herbivores restored plant species richness in abandoned dry temperate grassland,https://doi.org/10.1007/s11258-022-01225-w,Semi-Domestic,"Former military training area, large grazers introduced  (horse and cattle) introduced in 2015",,considerably less control that grazing plots,"Former military training area, large grazers introduced  (horse and cattle) introduced in 2015",,distal comparison with and without,with_introduction,100,2,1000000,2,4,15 per site for grazed sites (30 in total),,,plot,Europe,50.27583577,14.89127737,good for the northern site,National Nature Monument Mladá,Bos primigenius taurus; Equus ferus caballus,,basically no management,,0.16 Bos primigenius taurus; 0.26 Equus ferus caballus,0,individuals,hectare,6,,2190,4,2021,cumulative,vegetation_structure,vegetation,grass,aboveground,,higher_level,grass,grass cover,%,T,mean,SD,Fig_5,,52.5862069,12.77248567,30,56.012931,28.05704818,5,,,JT
dp_306,Dvorský et al 2022 Plant Ecology,Reintroduction of large herbivores restored plant species richness in abandoned dry temperate grassland,https://doi.org/10.1007/s11258-022-01225-w,Semi-Domestic,"Former military training area, large grazers introduced  (horse and cattle) introduced in 2015",,considerably less control that grazing plots,"Former military training area, large grazers introduced  (horse and cattle) introduced in 2015",,distal comparison with and without,with_introduction,100,2,1000000,2,4,15 per site for grazed sites (30 in total),,,plot,Europe,50.27583577,14.89127737,good for the northern site,National Nature Monument Mladá,Bos primigenius taurus; Equus ferus caballus,,basically no management,,0.16 Bos primigenius taurus; 0.26 Equus ferus caballus,0,individuals,hectare,2,,730,1,2017,cumulative,vegetation_structure,vegetation,forbs,aboveground,,higher_level,forbs,grass cover,%,T,mean,SD,Fig_5,,13.6304348,7.72787511,30,5.4130435,2.90669242,9,,,JT
dp_307,Dvorský et al 2022 Plant Ecology,Reintroduction of large herbivores restored plant species richness in abandoned dry temperate grassland,https://doi.org/10.1007/s11258-022-01225-w,Semi-Domestic,"Former military training area, large grazers introduced  (horse and cattle) introduced in 2015",,considerably less control that grazing plots,"Former military training area, large grazers introduced  (horse and cattle) introduced in 2015",,distal comparison with and without,with_introduction,100,2,1000000,2,4,15 per site for grazed sites (30 in total),,,plot,Europe,50.27583577,14.89127737,good for the northern site,National Nature Monument Mladá,Bos primigenius taurus; Equus ferus caballus,,basically no management,,0.16 Bos primigenius taurus; 0.26 Equus ferus caballus,0,individuals,hectare,3,,1095,2,2018,cumulative,vegetation_structure,vegetation,forbs,aboveground,,higher_level,forbs,grass cover,%,T,mean,SD,Fig_5,,22.5652174,15.28278368,30,8.8695652,5.21808878,7,,,JT
dp_308,Dvorský et al 2022 Plant Ecology,Reintroduction of large herbivores restored plant species richness in abandoned dry temperate grassland,https://doi.org/10.1007/s11258-022-01225-w,Semi-Domestic,"Former military training area, large grazers introduced  (horse and cattle) introduced in 2015",,considerably less control that grazing plots,"Former military training area, large grazers introduced  (horse and cattle) introduced in 2015",,distal comparison with and without,with_introduction,100,2,1000000,2,4,15 per site for grazed sites (30 in total),,,plot,Europe,50.27583577,14.89127737,good for the northern site,National Nature Monument Mladá,Bos primigenius taurus; Equus ferus caballus,,basically no management,,0.16 Bos primigenius taurus; 0.26 Equus ferus caballus,0,individuals,hectare,4,,1460,3,2019,cumulative,vegetation_structure,vegetation,forbs,aboveground,,higher_level,forbs,grass cover,%,T,mean,SD,Fig_5,,25.7608696,18.8213914,30,10.3695652,10.56675597,5,,,JT
dp_309,Dvorský et al 2022 Plant Ecology,Reintroduction of large herbivores restored plant species richness in abandoned dry temperate grassland,https://doi.org/10.1007/s11258-022-01225-w,Semi-Domestic,"Former military training area, large grazers introduced  (horse and cattle) introduced in 2015",,considerably less control that grazing plots,"Former military training area, large grazers introduced  (horse and cattle) introduced in 2015",,distal comparison with and without,with_introduction,100,2,1000000,2,4,15 per site for grazed sites (30 in total),,,plot,Europe,50.27583577,14.89127737,good for the northern site,National Nature Monument Mladá,Bos primigenius taurus; Equus ferus caballus,,basically no management,,0.16 Bos primigenius taurus; 0.26 Equus ferus caballus,0,individuals,hectare,6,,2190,4,2021,cumulative,vegetation_structure,vegetation,forbs,aboveground,,higher_level,forbs,grass cover,%,T,mean,SD,Fig_5,,34.7608696,17.96401988,30,7.6956522,8.34245655,5,,,JT
dp_310,Fischer et al 2022 Biogeosciences,Grazing enhances carbon cycling but reduces methane emission during peak growing season in the Siberian Pleistocene Park tundra site,https://doi.org/10.5194/bg-19-1611-2022,Mix,Pleistocene park compared with adjacent area,all flux values but ER have been flipped so to make sure larger values = larger response  (more fluxes),,,,distal comparison with and without,with_introduction,2000,1,20000000,1,0.36,"3 per treatment/control, but repeated measurements",,,plot,Asia,68.51293291,161.5093975,not sure if it hits the enclosure,Pleistocene Park,Bos primigenius taurus; Equus ferus caballus; Alces alces; Ovibos moschatus; Bison bison; Rangifer tarandus; Bison bonasus; Bos grunniens; Ovis aries,,,,0.008 Bos primigenius taurus; 0.02 Equus ferus caballus; 0.005 Alces alces; 0.004 Ovibos moschatus; 0.0175 Bison bison; 0.0125 Rangifer tarandus; 0.0005 Bison bonasus; 0.004 Bos grunniens; 0.009 Ovis aries,0,individuals,hectare,14,,5110,1,2019,cumulative,ecosystem_process,vegetation,plants,aboveground,,higher_level,herbaceous plants,net ecosystem exchange,µmol/m2/s,T,mean,SD,,,8.12,4.18,215,4.94,5.18,114,,,JT
dp_311,Fischer et al 2022 Biogeosciences,Grazing enhances carbon cycling but reduces methane emission during peak growing season in the Siberian Pleistocene Park tundra site,https://doi.org/10.5194/bg-19-1611-2022,Mix,Pleistocene park compared with adjacent area,all flux values but ER have been flipped so to make sure larger values = larger response  (more fluxes),,,,distal comparison with and without,with_introduction,2000,1,20000000,1,0.36,"3 per treatment/control, but repeated measurements",,,plot,Asia,68.51293291,161.5093975,not sure if it hits the enclosure,Pleistocene Park,Bos primigenius taurus; Equus ferus caballus; Alces alces; Ovibos moschatus; Bison bison; Rangifer tarandus; Bison bonasus; Bos grunniens; Ovis aries,,,,0.008 Bos primigenius taurus; 0.02 Equus ferus caballus; 0.005 Alces alces; 0.004 Ovibos moschatus; 0.0175 Bison bison; 0.0125 Rangifer tarandus; 0.0005 Bison bonasus; 0.004 Bos grunniens; 0.009 Ovis aries,0,individuals,hectare,14,,5110,1,2019,cumulative,ecosystem_process,vegetation,plants,aboveground,,higher_level,herbaceous plants,ecosystem respiration,µmol/m2/s,T,mean,SD,,,7.47,2.13,129,4.75,2.06,68,,,JT
dp_312,Fischer et al 2022 Biogeosciences,Grazing enhances carbon cycling but reduces methane emission during peak growing season in the Siberian Pleistocene Park tundra site,https://doi.org/10.5194/bg-19-1611-2022,Mix,Pleistocene park compared with adjacent area,all flux values but ER have been flipped so to make sure larger values = larger response  (more fluxes),,,,distal comparison with and without,with_introduction,2000,1,20000000,1,0.36,"3 per treatment/control, but repeated measurements",,,plot,Asia,68.51293291,161.5093975,not sure if it hits the enclosure,Pleistocene Park,Bos primigenius taurus; Equus ferus caballus; Alces alces; Ovibos moschatus; Bison bison; Rangifer tarandus; Bison bonasus; Bos grunniens; Ovis aries,,,,0.008 Bos primigenius taurus; 0.02 Equus ferus caballus; 0.005 Alces alces; 0.004 Ovibos moschatus; 0.0175 Bison bison; 0.0125 Rangifer tarandus; 0.0005 Bison bonasus; 0.004 Bos grunniens; 0.009 Ovis aries,0,individuals,hectare,14,,5110,1,2019,cumulative,ecosystem_process,vegetation,plants,aboveground,,higher_level,herbaceous plants,gross primary productivity,µmol/m2/s,T,mean,SD,,,15.7,5.38,198,9.5,5.32,114,,,JT
dp_313,Fischer et al 2022 Biogeosciences,Grazing enhances carbon cycling but reduces methane emission during peak growing season in the Siberian Pleistocene Park tundra site,https://doi.org/10.5194/bg-19-1611-2022,Mix,Pleistocene park compared with adjacent area,all flux values but ER have been flipped so to make sure larger values = larger response  (more fluxes),,,,distal comparison with and without,with_introduction,2000,1,20000000,1,0.36,"3 per treatment/control, but repeated measurements",,,plot,Asia,68.51293291,161.5093975,not sure if it hits the enclosure,Pleistocene Park,Bos primigenius taurus; Equus ferus caballus; Alces alces; Ovibos moschatus; Bison bison; Rangifer tarandus; Bison bonasus; Bos grunniens; Ovis aries,,,,0.008 Bos primigenius taurus; 0.02 Equus ferus caballus; 0.005 Alces alces; 0.004 Ovibos moschatus; 0.0175 Bison bison; 0.0125 Rangifer tarandus; 0.0005 Bison bonasus; 0.004 Bos grunniens; 0.009 Ovis aries,0,individuals,hectare,14,,5110,1,2019,cumulative,ecosystem_process,vegetation,plants,aboveground,,higher_level,herbaceous plants,methane flux,µmol/m2/s,T,mean,SD,,,0.103,0.108,339,0.189,0.049,184,,,JT
dp_314,Moinardeau et al 2021 Global Ecology and Conservation,Grazing in temporary paddocks with hardy breed horses (Konik polski) improved species-rich grasslands restoration in artificial embankments of the Rhône river (Southern France),https://doi.org/10.1016/j.gecco.2021.e01874,Semi-Domestic,"very hectic grazing management, but essentially comparing the reintroduction of different horse densities (i think=",,confusing,"study area is situated on the artificial dykes (elevation 60 m, 200 m from the channel) and embankments of the dam and hydroelectric power station of Donzère-Mondragon, built between 1948 and 1952 in the lower course of the Rhône river",they love moving horses around,distal comparison with and without,with_introduction,7,1,50000,1,4,5 per treatment,,,plot,Europe,44.29753674,4.737120041,good,Donzère-Mondragon,Equus ferus caballus,,,"fluctutated, took the mean density between 2015 and 18",0.28 Equus ferus caballus,0,individuals,hectare,1,,365,1,2016,cumulative,diversity,vegetation,plants,aboveground,,higher_level,all plants,richness,,T,mean,SD,Fig_3,7 ha paddock vs control,27.42616,12.265352,5,16.033755,13.680585,5,tall grassland,same control for all paddocks,JT
dp_315,Moinardeau et al 2021 Global Ecology and Conservation,Grazing in temporary paddocks with hardy breed horses (Konik polski) improved species-rich grasslands restoration in artificial embankments of the Rhône river (Southern France),https://doi.org/10.1016/j.gecco.2021.e01874,Semi-Domestic,"very hectic grazing management, but essentially comparing the reintroduction of different horse densities (i think=",,confusing,"study area is situated on the artificial dykes (elevation 60 m, 200 m from the channel) and embankments of the dam and hydroelectric power station of Donzère-Mondragon, built between 1948 and 1952 in the lower course of the Rhône river",they love moving horses around,distal comparison with and without,with_introduction,7,1,50000,1,4,5 per treatment,,,plot,Europe,44.29753674,4.737120041,good,Donzère-Mondragon,Equus ferus caballus,,,"fluctutated, took the mean density between 2015 and 18",0.28 Equus ferus caballus,0,individuals,hectare,2,,730,2,2017,cumulative,diversity,vegetation,plants,aboveground,,higher_level,all plants,richness,,T,mean,SD,Fig_3,7 ha paddock vs control,21.729958,39.154777,5,15.189873,17.454539,5,tall grassland,same control for all paddocks,JT
dp_316,Moinardeau et al 2021 Global Ecology and Conservation,Grazing in temporary paddocks with hardy breed horses (Konik polski) improved species-rich grasslands restoration in artificial embankments of the Rhône river (Southern France),https://doi.org/10.1016/j.gecco.2021.e01874,Semi-Domestic,"very hectic grazing management, but essentially comparing the reintroduction of different horse densities (i think=",,confusing,"study area is situated on the artificial dykes (elevation 60 m, 200 m from the channel) and embankments of the dam and hydroelectric power station of Donzère-Mondragon, built between 1948 and 1952 in the lower course of the Rhône river",they love moving horses around,distal comparison with and without,with_introduction,7,1,50000,1,4,5 per treatment,,,plot,Europe,44.29753674,4.737120041,good,Donzère-Mondragon,Equus ferus caballus,,,"fluctutated, took the mean density between 2015 and 18",0.28 Equus ferus caballus,0,individuals,hectare,3,,1095,3,2018,cumulative,diversity,vegetation,plants,aboveground,,higher_level,all plants,richness,,T,mean,SD,Fig_3,7 ha paddock vs control,24.683544,25.945936,5,17.299578,7.076164,5,tall grassland,same control for all paddocks,JT
dp_317,Moinardeau et al 2021 Global Ecology and Conservation,Grazing in temporary paddocks with hardy breed horses (Konik polski) improved species-rich grasslands restoration in artificial embankments of the Rhône river (Southern France),https://doi.org/10.1016/j.gecco.2021.e01874,Semi-Domestic,"very hectic grazing management, but essentially comparing the reintroduction of different horse densities (i think=",,confusing,"study area is situated on the artificial dykes (elevation 60 m, 200 m from the channel) and embankments of the dam and hydroelectric power station of Donzère-Mondragon, built between 1948 and 1952 in the lower course of the Rhône river",they love moving horses around,distal comparison with and without,with_introduction,5,1,70000,1,4,5 per treatment,,,plot,Europe,44.29753674,4.737120041,good,Donzère-Mondragon,Equus ferus caballus,,,"fluctutated, took the mean density between 2015 and 18",0.21 Equus ferus caballus,0,individuals,hectare,1,,365,1,2016,cumulative,diversity,vegetation,plants,aboveground,,higher_level,all plants,richness,,T,mean,SD,Fig_3,5 ha paddock vs control,17.721519,25.945936,5,16.033755,13.680585,5,tall grassland,same control for all paddocks,JT
dp_318,Moinardeau et al 2021 Global Ecology and Conservation,Grazing in temporary paddocks with hardy breed horses (Konik polski) improved species-rich grasslands restoration in artificial embankments of the Rhône river (Southern France),https://doi.org/10.1016/j.gecco.2021.e01874,Semi-Domestic,"very hectic grazing management, but essentially comparing the reintroduction of different horse densities (i think=",,confusing,"study area is situated on the artificial dykes (elevation 60 m, 200 m from the channel) and embankments of the dam and hydroelectric power station of Donzère-Mondragon, built between 1948 and 1952 in the lower course of the Rhône river",they love moving horses around,distal comparison with and without,with_introduction,5,1,70000,1,4,5 per treatment,,,plot,Europe,44.29753674,4.737120041,good,Donzère-Mondragon,Equus ferus caballus,,,"fluctutated, took the mean density between 2015 and 18",0.21 Equus ferus caballus,0,individuals,hectare,2,,730,2,2017,cumulative,diversity,vegetation,plants,aboveground,,higher_level,all plants,richness,,T,mean,SD,Fig_3,5 ha paddock vs control,27.42616,17.454539,5,15.189873,17.454539,5,tall grassland,same control for all paddocks,JT
dp_319,Moinardeau et al 2021 Global Ecology and Conservation,Grazing in temporary paddocks with hardy breed horses (Konik polski) improved species-rich grasslands restoration in artificial embankments of the Rhône river (Southern France),https://doi.org/10.1016/j.gecco.2021.e01874,Semi-Domestic,"very hectic grazing management, but essentially comparing the reintroduction of different horse densities (i think=",,confusing,"study area is situated on the artificial dykes (elevation 60 m, 200 m from the channel) and embankments of the dam and hydroelectric power station of Donzère-Mondragon, built between 1948 and 1952 in the lower course of the Rhône river",they love moving horses around,distal comparison with and without,with_introduction,5,1,70000,1,4,5 per treatment,,,plot,Europe,44.29753674,4.737120041,good,Donzère-Mondragon,Equus ferus caballus,,,"fluctutated, took the mean density between 2015 and 18",0.21 Equus ferus caballus,0,individuals,hectare,3,,1095,3,2018,cumulative,diversity,vegetation,plants,aboveground,,higher_level,all plants,richness,,T,mean,SD,Fig_3,5 ha paddock vs control,32.489451,9.90663,5,17.299578,7.076164,5,tall grassland,same control for all paddocks,JT
dp_320,Moinardeau et al 2021 Global Ecology and Conservation,Grazing in temporary paddocks with hardy breed horses (Konik polski) improved species-rich grasslands restoration in artificial embankments of the Rhône river (Southern France),https://doi.org/10.1016/j.gecco.2021.e01874,Semi-Domestic,"very hectic grazing management, but essentially comparing the reintroduction of different horse densities (i think=",,confusing,"study area is situated on the artificial dykes (elevation 60 m, 200 m from the channel) and embankments of the dam and hydroelectric power station of Donzère-Mondragon, built between 1948 and 1952 in the lower course of the Rhône river",they love moving horses around,distal comparison with and without,with_introduction,19,1,190000,1,4,5 per treatment,,,plot,Europe,44.29753674,4.737120041,good,Donzère-Mondragon,Equus ferus caballus,,,"fluctutated, took the mean density between 2015 and 18",0.15 Equus ferus caballus,0,individuals,hectare,1,,365,1,2016,cumulative,diversity,vegetation,plants,aboveground,,higher_level,all plants,richness,,T,mean,SD,Fig_3,19 ha paddock vs control,19.198312,6.60442,5,16.033755,13.680585,5,tall grassland,same control for all paddocks,JT
dp_321,Moinardeau et al 2021 Global Ecology and Conservation,Grazing in temporary paddocks with hardy breed horses (Konik polski) improved species-rich grasslands restoration in artificial embankments of the Rhône river (Southern France),https://doi.org/10.1016/j.gecco.2021.e01874,Semi-Domestic,"very hectic grazing management, but essentially comparing the reintroduction of different horse densities (i think=",,confusing,"study area is situated on the artificial dykes (elevation 60 m, 200 m from the channel) and embankments of the dam and hydroelectric power station of Donzère-Mondragon, built between 1948 and 1952 in the lower course of the Rhône river",they love moving horses around,distal comparison with and without,with_introduction,19,1,190000,1,4,5 per treatment,,,plot,Europe,44.29753674,4.737120041,good,Donzère-Mondragon,Equus ferus caballus,,,"fluctutated, took the mean density between 2015 and 18",0.15 Equus ferus caballus,0,individuals,hectare,2,,730,2,2017,cumulative,diversity,vegetation,plants,aboveground,,higher_level,all plants,richness,,T,mean,SD,Fig_3,19 ha paddock vs control,22.995781,13.680585,5,15.189873,17.454539,5,tall grassland,same control for all paddocks,JT
dp_322,Moinardeau et al 2021 Global Ecology and Conservation,Grazing in temporary paddocks with hardy breed horses (Konik polski) improved species-rich grasslands restoration in artificial embankments of the Rhône river (Southern France),https://doi.org/10.1016/j.gecco.2021.e01874,Semi-Domestic,"very hectic grazing management, but essentially comparing the reintroduction of different horse densities (i think=",,confusing,"study area is situated on the artificial dykes (elevation 60 m, 200 m from the channel) and embankments of the dam and hydroelectric power station of Donzère-Mondragon, built between 1948 and 1952 in the lower course of the Rhône river",they love moving horses around,distal comparison with and without,with_introduction,19,1,190000,1,4,5 per treatment,,,plot,Europe,44.29753674,4.737120041,good,Donzère-Mondragon,Equus ferus caballus,,,"fluctutated, took the mean density between 2015 and 18",0.15 Equus ferus caballus,0,individuals,hectare,3,,1095,3,2018,cumulative,diversity,vegetation,plants,aboveground,,higher_level,all plants,richness,,T,mean,SD,Fig_3,19 ha paddock vs control,31.434599,14.152329,5,17.299578,7.076164,5,tall grassland,same control for all paddocks,JT
dp_323,Moinardeau et al 2021 Global Ecology and Conservation,Grazing in temporary paddocks with hardy breed horses (Konik polski) improved species-rich grasslands restoration in artificial embankments of the Rhône river (Southern France),https://doi.org/10.1016/j.gecco.2021.e01874,Semi-Domestic,"very hectic grazing management, but essentially comparing the reintroduction of different horse densities (i think=",,confusing,"study area is situated on the artificial dykes (elevation 60 m, 200 m from the channel) and embankments of the dam and hydroelectric power station of Donzère-Mondragon, built between 1948 and 1952 in the lower course of the Rhône river",they love moving horses around,distal comparison with and without,with_introduction,7,1,50000,1,4,5 per treatment,,,plot,Europe,44.29753674,4.737120041,good,Donzère-Mondragon,Equus ferus caballus,,,"fluctutated, took the mean density between 2015 and 18",0.28 Equus ferus caballus,0,individuals,hectare,1,,365,1,2016,cumulative,vegetation_structure,vegetation,plants,aboveground,,higher_level,all plants,plant height,cm,T,mean,SD,Fig_3,7 ha paddock vs control,17.969543,17.706934,5,42.335025,25.198329,5,tall grassland,same control for all paddocks,JT
dp_324,Moinardeau et al 2021 Global Ecology and Conservation,Grazing in temporary paddocks with hardy breed horses (Konik polski) improved species-rich grasslands restoration in artificial embankments of the Rhône river (Southern France),https://doi.org/10.1016/j.gecco.2021.e01874,Semi-Domestic,"very hectic grazing management, but essentially comparing the reintroduction of different horse densities (i think=",,confusing,"study area is situated on the artificial dykes (elevation 60 m, 200 m from the channel) and embankments of the dam and hydroelectric power station of Donzère-Mondragon, built between 1948 and 1952 in the lower course of the Rhône river",they love moving horses around,distal comparison with and without,with_introduction,7,1,50000,1,4,5 per treatment,,,plot,Europe,44.29753674,4.737120041,good,Donzère-Mondragon,Equus ferus caballus,,,"fluctutated, took the mean density between 2015 and 18",0.28 Equus ferus caballus,0,individuals,hectare,2,,730,2,2017,cumulative,vegetation_structure,vegetation,plants,aboveground,,higher_level,all plants,plant height,cm,T,mean,SD,Fig_3,7 ha paddock vs control,30.456853,42.905264,5,42.030457,54.482875,5,tall grassland,same control for all paddocks,JT
dp_325,Moinardeau et al 2021 Global Ecology and Conservation,Grazing in temporary paddocks with hardy breed horses (Konik polski) improved species-rich grasslands restoration in artificial embankments of the Rhône river (Southern France),https://doi.org/10.1016/j.gecco.2021.e01874,Semi-Domestic,"very hectic grazing management, but essentially comparing the reintroduction of different horse densities (i think=",,confusing,"study area is situated on the artificial dykes (elevation 60 m, 200 m from the channel) and embankments of the dam and hydroelectric power station of Donzère-Mondragon, built between 1948 and 1952 in the lower course of the Rhône river",they love moving horses around,distal comparison with and without,with_introduction,7,1,50000,1,4,5 per treatment,,,plot,Europe,44.29753674,4.737120041,good,Donzère-Mondragon,Equus ferus caballus,,,"fluctutated, took the mean density between 2015 and 18",0.28 Equus ferus caballus,0,individuals,hectare,3,,1095,3,2018,cumulative,vegetation_structure,vegetation,plants,aboveground,,higher_level,all plants,plant height,cm,T,mean,SD,Fig_3,7 ha paddock vs control,14.010152,18.38797,5,32.284264,14.982791,5,tall grassland,same control for all paddocks,JT
dp_326,Moinardeau et al 2021 Global Ecology and Conservation,Grazing in temporary paddocks with hardy breed horses (Konik polski) improved species-rich grasslands restoration in artificial embankments of the Rhône river (Southern France),https://doi.org/10.1016/j.gecco.2021.e01874,Semi-Domestic,"very hectic grazing management, but essentially comparing the reintroduction of different horse densities (i think=",,confusing,"study area is situated on the artificial dykes (elevation 60 m, 200 m from the channel) and embankments of the dam and hydroelectric power station of Donzère-Mondragon, built between 1948 and 1952 in the lower course of the Rhône river",they love moving horses around,distal comparison with and without,with_introduction,5,1,70000,1,4,5 per treatment,,,plot,Europe,44.29753674,4.737120041,good,Donzère-Mondragon,Equus ferus caballus,,,"fluctutated, took the mean density between 2015 and 18",0.21 Equus ferus caballus,0,individuals,hectare,1,,365,1,2016,cumulative,vegetation_structure,vegetation,plants,aboveground,,higher_level,all plants,plant height,cm,T,mean,SD,Fig_3,5 ha paddock vs control,25.583756,20.431078,5,42.335025,25.198329,5,tall grassland,same control for all paddocks,JT
dp_327,Moinardeau et al 2021 Global Ecology and Conservation,Grazing in temporary paddocks with hardy breed horses (Konik polski) improved species-rich grasslands restoration in artificial embankments of the Rhône river (Southern France),https://doi.org/10.1016/j.gecco.2021.e01874,Semi-Domestic,"very hectic grazing management, but essentially comparing the reintroduction of different horse densities (i think=",,confusing,"study area is situated on the artificial dykes (elevation 60 m, 200 m from the channel) and embankments of the dam and hydroelectric power station of Donzère-Mondragon, built between 1948 and 1952 in the lower course of the Rhône river",they love moving horses around,distal comparison with and without,with_introduction,5,1,70000,1,4,5 per treatment,,,plot,Europe,44.29753674,4.737120041,good,Donzère-Mondragon,Equus ferus caballus,,,"fluctutated, took the mean density between 2015 and 18",0.21 Equus ferus caballus,0,individuals,hectare,2,,730,2,2017,cumulative,vegetation_structure,vegetation,plants,aboveground,,higher_level,all plants,plant height,cm,T,mean,SD,Fig_3,5 ha paddock vs control,8.832487,5.448287,5,42.030457,54.482875,5,tall grassland,same control for all paddocks,JT
dp_328,Moinardeau et al 2021 Global Ecology and Conservation,Grazing in temporary paddocks with hardy breed horses (Konik polski) improved species-rich grasslands restoration in artificial embankments of the Rhône river (Southern France),https://doi.org/10.1016/j.gecco.2021.e01874,Semi-Domestic,"very hectic grazing management, but essentially comparing the reintroduction of different horse densities (i think=",,confusing,"study area is situated on the artificial dykes (elevation 60 m, 200 m from the channel) and embankments of the dam and hydroelectric power station of Donzère-Mondragon, built between 1948 and 1952 in the lower course of the Rhône river",they love moving horses around,distal comparison with and without,with_introduction,5,1,70000,1,4,5 per treatment,,,plot,Europe,44.29753674,4.737120041,good,Donzère-Mondragon,Equus ferus caballus,,,"fluctutated, took the mean density between 2015 and 18",0.21 Equus ferus caballus,0,individuals,hectare,3,,1095,3,2018,cumulative,vegetation_structure,vegetation,plants,aboveground,,higher_level,all plants,plant height,cm,T,mean,SD,Fig_3,5 ha paddock vs control,13.096447,21.79315,5,32.284264,14.982791,5,tall grassland,same control for all paddocks,JT
dp_329,Moinardeau et al 2021 Global Ecology and Conservation,Grazing in temporary paddocks with hardy breed horses (Konik polski) improved species-rich grasslands restoration in artificial embankments of the Rhône river (Southern France),https://doi.org/10.1016/j.gecco.2021.e01874,Semi-Domestic,"very hectic grazing management, but essentially comparing the reintroduction of different horse densities (i think=",,confusing,"study area is situated on the artificial dykes (elevation 60 m, 200 m from the channel) and embankments of the dam and hydroelectric power station of Donzère-Mondragon, built between 1948 and 1952 in the lower course of the Rhône river",they love moving horses around,distal comparison with and without,with_introduction,19,1,190000,1,4,5 per treatment,,,plot,Europe,44.29753674,4.737120041,good,Donzère-Mondragon,Equus ferus caballus,,,"fluctutated, took the mean density between 2015 and 18",0.15 Equus ferus caballus,0,individuals,hectare,1,,365,1,2016,cumulative,vegetation_structure,vegetation,plants,aboveground,,higher_level,all plants,plant height,cm,T,mean,SD,Fig_3,19 ha paddock vs control,30.152284,21.79315,5,42.335025,25.198329,5,tall grassland,same control for all paddocks,JT
dp_330,Moinardeau et al 2021 Global Ecology and Conservation,Grazing in temporary paddocks with hardy breed horses (Konik polski) improved species-rich grasslands restoration in artificial embankments of the Rhône river (Southern France),https://doi.org/10.1016/j.gecco.2021.e01874,Semi-Domestic,"very hectic grazing management, but essentially comparing the reintroduction of different horse densities (i think=",,confusing,"study area is situated on the artificial dykes (elevation 60 m, 200 m from the channel) and embankments of the dam and hydroelectric power station of Donzère-Mondragon, built between 1948 and 1952 in the lower course of the Rhône river",they love moving horses around,distal comparison with and without,with_introduction,19,1,190000,1,4,5 per treatment,,,plot,Europe,44.29753674,4.737120041,good,Donzère-Mondragon,Equus ferus caballus,,,"fluctutated, took the mean density between 2015 and 18",0.15 Equus ferus caballus,0,individuals,hectare,2,,730,2,2017,cumulative,vegetation_structure,vegetation,plants,aboveground,,higher_level,all plants,plant height,cm,T,mean,SD,Fig_3,19 ha paddock vs control,12.791878,19.750042,5,42.030457,54.482875,5,tall grassland,same control for all paddocks,JT
dp_331,Moinardeau et al 2021 Global Ecology and Conservation,Grazing in temporary paddocks with hardy breed horses (Konik polski) improved species-rich grasslands restoration in artificial embankments of the Rhône river (Southern France),https://doi.org/10.1016/j.gecco.2021.e01874,Semi-Domestic,"very hectic grazing management, but essentially comparing the reintroduction of different horse densities (i think=",,confusing,"study area is situated on the artificial dykes (elevation 60 m, 200 m from the channel) and embankments of the dam and hydroelectric power station of Donzère-Mondragon, built between 1948 and 1952 in the lower course of the Rhône river",they love moving horses around,distal comparison with and without,with_introduction,19,1,190000,1,4,5 per treatment,,,plot,Europe,44.29753674,4.737120041,good,Donzère-Mondragon,Equus ferus caballus,,,"fluctutated, took the mean density between 2015 and 18",0.15 Equus ferus caballus,0,individuals,hectare,3,,1095,3,2018,cumulative,vegetation_structure,vegetation,plants,aboveground,,higher_level,all plants,plant height,cm,T,mean,SD,Fig_3,19 ha paddock vs control,15.228426,14.982791,5,32.284264,14.982791,5,tall grassland,same control for all paddocks,JT
dp_332,Thulin et al 2025 Animals ,Semi-Feral Horse Grazing Benefits the Grassland Diversity of Flowering Plants Including a Pollinator-Promoting Indicator Species.,https://doi.org/10.3390/ani15060862,Semi-Domestic,"rewilding swedish national horse breed in abandoned agricultural landscape (between May 2014 and September 2016), ",,no clear information on how large the three experimental areas are ,"abandoned farmland, prior to experiment, the experimental area was mowed occasionally and sometimes grazed with cattle",supplemental feeding and shelters ,inside vs outside exclosure,with_introduction,11.5,3,345000,1,112.5,3 per experimental area,,,plot,Europe,59.7356°,17.6494°,not sure if it hits the enclosure,"Krusenberg estate, property of the Swedish University of Agricultural Sciences (SLU) near Uppsala, Sweden",Equus ferus caballus,,,"fluctuated (some horses were removed temporarily or excluded), took the initial value",0.35 Equus ferus caballus,0,individuals,hectare,1,,730,1,2015,cumulative,diversity,vegetation,plants,aboveground,,higher_level,all plants,evenness,,T,mean,SD,Fig_3,,0.7800613,0.1108218,63,0.7156442,0.1457399,63,,,MR
dp_333,Thulin et al 2025 Animals ,Semi-Feral Horse Grazing Benefits the Grassland Diversity of Flowering Plants Including a Pollinator-Promoting Indicator Species.,https://doi.org/10.3390/ani15060862,Semi-Domestic,"rewilding swedish national horse breed in abandoned agricultural landscape (between May 2014 and September 2016), ",,no clear information on how large the three experimental areas are ,"abandoned farmland, prior to experiment, the experimental area was mowed occasionally and sometimes grazed with cattle",supplemental feeding and shelters ,inside vs outside exclosure,with_introduction,11.5,3,345000,1,112.5,3 per experimental area,,,plot,Europe,59.7356°,17.6494°,not sure if it hits the enclosure,"Krusenberg estate, property of the Swedish University of Agricultural Sciences (SLU) near Uppsala, Sweden",Equus ferus caballus,,,"fluctuated (some horses were removed temporarily or excluded), took the initial value",0.35 Equus ferus caballus,0,individuals,hectare,2,,1095,2,2016,cumulative,diversity,vegetation,plants,aboveground,,higher_level,all plants,evenness,,T,mean,SD,Fig_3,,0.7326687,0.1352627,63,0.7404908,0.1334134,63,,,MR
dp_334,Thulin et al 2025 Animals ,Semi-Feral Horse Grazing Benefits the Grassland Diversity of Flowering Plants Including a Pollinator-Promoting Indicator Species.,https://doi.org/10.3390/ani15060862,Semi-Domestic,"rewilding swedish national horse breed in abandoned agricultural landscape (between May 2014 and September 2016), ",,no clear information on how large the three experimental areas are ,"abandoned farmland, prior to experiment, the experimental area was mowed occasionally and sometimes grazed with cattle",supplemental feeding and shelters ,inside vs outside exclosure,with_introduction,11.5,3,345000,1,112.5,3 per experimental area,,,plot,Europe,59.7356°,17.6494°,not sure if it hits the enclosure,"Krusenberg estate, property of the Swedish University of Agricultural Sciences (SLU) near Uppsala, Sweden",Equus ferus caballus,,,"fluctuated (some horses were removed temporarily or excluded), took the initial value",0.35 Equus ferus caballus,0,individuals,hectare,1,,730,1,2015,cumulative,diversity,vegetation,plants,aboveground,,higher_level,all plants,simpson diversity ,,T,mean,SD,Fig_3,,0.6864669,0.1440067,63,0.607438,0.1736925,63,,,MR
dp_335,Thulin et al 2025 Animals ,Semi-Feral Horse Grazing Benefits the Grassland Diversity of Flowering Plants Including a Pollinator-Promoting Indicator Species.,https://doi.org/10.3390/ani15060862,Semi-Domestic,"rewilding swedish national horse breed in abandoned agricultural landscape (between May 2014 and September 2016), ",,no clear information on how large the three experimental areas are ,"abandoned farmland, prior to experiment, the experimental area was mowed occasionally and sometimes grazed with cattle",supplemental feeding and shelters ,inside vs outside exclosure,with_introduction,11.5,3,345000,1,112.5,3 per experimental area,,,plot,Europe,59.7356°,17.6494°,not sure if it hits the enclosure,"Krusenberg estate, property of the Swedish University of Agricultural Sciences (SLU) near Uppsala, Sweden",Equus ferus caballus,,,"fluctuated (some horses were removed temporarily or excluded), took the initial value",0.35 Equus ferus caballus,0,individuals,hectare,2,,1095,2,2016,cumulative,diversity,vegetation,plants,aboveground,,higher_level,all plants,simpson diversity ,,T,mean,SD,Fig_3,,0.6472107,0.1540932,63,0.5743802,0.1839191,63,,,MR
dp_336,Thulin et al 2025 Animals ,Semi-Feral Horse Grazing Benefits the Grassland Diversity of Flowering Plants Including a Pollinator-Promoting Indicator Species.,https://doi.org/10.3390/ani15060862,Semi-Domestic,"rewilding swedish national horse breed in abandoned agricultural landscape (between May 2014 and September 2016), ",,no clear information on how large the three experimental areas are ,"abandoned farmland, prior to experiment, the experimental area was mowed occasionally and sometimes grazed with cattle",supplemental feeding and shelters ,inside vs outside exclosure,with_introduction,11.5,3,345000,1,112.5,3 per experimental area,,,plot,Europe,59.7356°,17.6494°,not sure if it hits the enclosure,"Krusenberg estate, property of the Swedish University of Agricultural Sciences (SLU) near Uppsala, Sweden",Equus ferus caballus,,,"fluctuated (some horses were removed temporarily or excluded), took the initial value",0.35 Equus ferus caballus,0,individuals,hectare,1,,730,1,2015,cumulative,diversity,vegetation,plants,aboveground,,higher_level,all plants,shannon diversity,,T,mean,SD,Fig_3,,1.5316092,0.4636274,63,1.2974138,0.4407742,63,,,MR
dp_337,Thulin et al 2025 Animals ,Semi-Feral Horse Grazing Benefits the Grassland Diversity of Flowering Plants Including a Pollinator-Promoting Indicator Species.,https://doi.org/10.3390/ani15060862,Semi-Domestic,"rewilding swedish national horse breed in abandoned agricultural landscape (between May 2014 and September 2016), ",,no clear information on how large the three experimental areas are ,"abandoned farmland, prior to experiment, the experimental area was mowed occasionally and sometimes grazed with cattle",supplemental feeding and shelters ,inside vs outside exclosure,with_introduction,11.5,3,345000,1,112.5,3 per experimental area,,,plot,Europe,59.7356°,17.6494°,not sure if it hits the enclosure,"Krusenberg estate, property of the Swedish University of Agricultural Sciences (SLU) near Uppsala, Sweden",Equus ferus caballus,,,"fluctuated (some horses were removed temporarily or excluded), took the initial value",0.35 Equus ferus caballus,0,individuals,hectare,2,,1095,2,2016,cumulative,diversity,vegetation,plants,aboveground,,higher_level,all plants,shannon diversity,,T,mean,SD,Fig_3,,1.4094828,0.4252275,63,1.1882184,0.450066,63,,,MR
dp_338,Chollet et al 2020 Ecology,Deer slow down litter decomposition by reducing litter quality in a temperate forest,https://doi.org/10.1002/ecy.3235,Wild Non-Native,"Haida Gwaii system - a long time since reintroduction and a wide window, but still a relatively ""clear"" case of reintroduction because of the islands",using only data from island with high vs no deer presence,,,,distal comparison with and without,with_introduction,"25,000",1,25000000,1,100,45 per island,0.0018857,1,,North America,52.96153323,-131.7866094,good for Luise Island,Haida Gwaii,Odocoileus hemionus,,,"has had deer for over 70 yr, current densities estimates to be at 30 deer / km2",0.03 Odocoileus hemionus,0,individuals,hectare,70,,25550,1,2018,cumulative,soil_conditions,soil,soil,belowground 0-5 cm,,higher_level,soil,bulk density ,g dry soil / cm3,T,mean,SD,Fig_1c,ignore intermediate,0.1408,0.368504,45,0.0896,0.1466861,45,,,JA
dp_339,Chollet et al 2020 Ecology,Deer slow down litter decomposition by reducing litter quality in a temperate forest,https://doi.org/10.1002/ecy.3235,Wild Non-Native,"Haida Gwaii system - a long time since reintroduction and a wide window, but still a relatively ""clear"" case of reintroduction because of the islands",using only data from island with high vs no deer presence,,,,distal comparison with and without,with_introduction,"25,000",1,25000000,1,100,45 per island,0.0018857,5,,North America,52.96153323,-131.7866094,good for Luise Island,Haida Gwaii,Odocoileus hemionus,,,"has had deer for over 70 yr, current densities estimates to be at 30 deer / km2",0.03 Odocoileus hemionus,0,individuals,hectare,70,,25550,1,2018,cumulative,soil_nutrients,soil,soil,belowground 0-30 cm,,higher_level,soil,soil C:N,,T,mean,SD,Fig_1e,ignore intermediate,40.41958,44.095886,45,38.741259,69.4275652,45,,,JA
dp_340,Chollet et al 2020 Ecology,Deer slow down litter decomposition by reducing litter quality in a temperate forest,https://doi.org/10.1002/ecy.3235,Wild Non-Native,"Haida Gwaii system - a long time since reintroduction and a wide window, but still a relatively ""clear"" case of reintroduction because of the islands",using only data from island with high vs no deer presence,,,,distal comparison with and without,with_introduction,"25,000",1,25000000,1,100,45 per island,0.0018857,5,,North America,52.96153323,-131.7866094,good for Luise Island,Haida Gwaii,Odocoileus hemionus,,,"has had deer for over 70 yr, current densities estimates to be at 30 deer / km2",0.03 Odocoileus hemionus,0,individuals,hectare,70,,25550,1,2018,cumulative,soil_conditions,soil,soil,belowground 0-30 cm,,higher_level,soil,soil pH,,T,mean,SD,Fig_1d,ignore intermediate,3.659091,1.0672143,45,4,1.3721326,45,,,JA
dp_341,Garrido et al 2020 Ambio,Experimental rewilding may restore abandoned wood-pastures if policy allows,https://doi.org/10.1007/s13280-020-01320-0,Semi-Domestic,Experimetal rewilding at Krusenberg in sweden. They kept a few horses in three enclosures for 2-3 years and monitored what happend,,,,,inside vs outside exclosure,with_introduction,11.5,3,345000,1,112.5,3 per experimental area,,,plot,Europe,59.73331705,17.66667743,roughly ok,Krusenberg,Equus ferus caballus,,,"fluctuated (some horses were removed temporarily or excluded), took the initial value",0.35 Equus ferus caballus,0,individuals,hectare,2,,730,1,2016,cumulative,abundance,vegetation,trees,aboveground,,higher_level,trees,tree abundance,individuals per plot,T,mean,SD,Fig_S1,,17.8,7.9,72,23.3,8.4,72,,,JT
dp_342,Barber et al 2019 Natural Areas Journal,Initial Responses of Dung Beetle Communities to Bison Reintroduction in Restored and Remnant Tallgrass Prairie,https://doi.org/10.3375/043.039.0405,Wild Native,compared dung beetles in areas with and without bison ,,,"various, including restoration efforts and remant prairie",,distal comparison with and without,with_introduction,600,1,6000000,1,0.006,16,,,site/plot,North America,41.88436596,-89.3431613,visitor center of site,Nachusa Grasslands,Bison bison,,Introduced 2014,,0.16 Bison bison,0,individuals,hectare,2,,730,1,2016,cumulative,abundance,arthropods,arthropods,aboveground,,higher_level,dung beetles,abundance,,T,mean,SD,Fig_2a,,52.3,15.4,8,27.1,16.7,7,,,JT
dp_343,Garrido et al 2019 Journal of Applied Ecology,Experimental rewilding enhances grassland functional composition and pollinator habitat use,https://doi.org/10.1111/1365-2664.13338,Semi-Domestic,Experimetal rewilding at Krusenberg in sweden. They kept a few horses in three enclosures for 2-3 years and monitored what happend,,,,,inside vs outside exclosure,with_introduction,11.5,3,345000,1,25,3 per experimental area,,,plot,Europe,59.73331705,17.66667743,roughly ok,Krusenberg,Equus ferus caballus,,Introduced 2014,"fluctuated (some horses were removed temporarily or excluded), took the initial value",0.35 Equus ferus caballus,0,individuals,hectare,2,,730,1,2016,cumulative,diversity,arthropods,arthropods,aboveground,,higher_level,butterflies,species richness,,T,mean,SD,,,0.722,1.19,54,0.2,0.491,54,,,JT
dp_344,Garrido et al 2019 Journal of Applied Ecology,Experimental rewilding enhances grassland functional composition and pollinator habitat use,https://doi.org/10.1111/1365-2664.13338,Semi-Domestic,Experimetal rewilding at Krusenberg in sweden. They kept a few horses in three enclosures for 2-3 years and monitored what happend,,,,,inside vs outside exclosure,with_introduction,11.5,3,345000,1,25,3 per experimental area,,,plot,Europe,59.73331705,17.66667743,roughly ok,Krusenberg,Equus ferus caballus,,Introduced 2014,"fluctuated (some horses were removed temporarily or excluded), took the initial value",0.35 Equus ferus caballus,0,individuals,hectare,2,,730,1,2016,cumulative,diversity,arthropods,arthropods,aboveground,,higher_level,bumblebees,species richness,,T,mean,SD,,,1.61,1.5,54,0.426,0.633,54,,,JT
dp_345,Garrido et al 2019 Journal of Applied Ecology,Experimental rewilding enhances grassland functional composition and pollinator habitat use,https://doi.org/10.1111/1365-2664.13338,Semi-Domestic,Experimetal rewilding at Krusenberg in sweden. They kept a few horses in three enclosures for 2-3 years and monitored what happend,,,,,inside vs outside exclosure,with_introduction,11.5,3,345000,1,25,3 per experimental area,,,plot,Europe,59.73331705,17.66667743,roughly ok,Krusenberg,Equus ferus caballus,,Introduced 2014,"fluctuated (some horses were removed temporarily or excluded), took the initial value",0.35 Equus ferus caballus,0,individuals,hectare,2,,730,1,2016,cumulative,abundance,arthropods,arthropods,aboveground,,higher_level,butterflies,eating individuals per plot,eating individuals per plot,T,mean,SD,,,1,2.46,54,0.204,1.12,54,,,JT
dp_346,Garrido et al 2019 Journal of Applied Ecology,Experimental rewilding enhances grassland functional composition and pollinator habitat use,https://doi.org/10.1111/1365-2664.13338,Semi-Domestic,Experimetal rewilding at Krusenberg in sweden. They kept a few horses in three enclosures for 2-3 years and monitored what happend,,,,,inside vs outside exclosure,with_introduction,11.5,3,345000,1,25,3 per experimental area,,,plot,Europe,59.73331705,17.66667743,roughly ok,Krusenberg,Equus ferus caballus,,Introduced 2014,"fluctuated (some horses were removed temporarily or excluded), took the initial value",0.35 Equus ferus caballus,0,individuals,hectare,2,,730,1,2016,cumulative,abundance,arthropods,arthropods,aboveground,,higher_level,bumblebees,eating individuals per plot,eating individuals per plot,T,mean,SD,,,42.9,62.2,54,2.93,5.89,54,,,JT
dp_347,Garrido et al 2019 Journal of Applied Ecology,Experimental rewilding enhances grassland functional composition and pollinator habitat use,https://doi.org/10.1111/1365-2664.13338,Semi-Domestic,Experimetal rewilding at Krusenberg in sweden. They kept a few horses in three enclosures for 2-3 years and monitored what happend,,,,,inside vs outside exclosure,with_introduction,11.5,3,345000,1,25,3 per experimental area,,,plot,Europe,59.73331705,17.66667743,roughly ok,Krusenberg,Equus ferus caballus,,Introduced 2014,"fluctuated (some horses were removed temporarily or excluded), took the initial value",0.35 Equus ferus caballus,0,individuals,hectare,1,,265,1,2015,cumulative,diversity,vegetation,plants,aboveground,,higher_level,all plants,species richness,,T,mean,SD,,,7.71,2.49,62,6.19,2.25,62,spring,,JT
dp_348,Garrido et al 2019 Journal of Applied Ecology,Experimental rewilding enhances grassland functional composition and pollinator habitat use,https://doi.org/10.1111/1365-2664.13338,Semi-Domestic,Experimetal rewilding at Krusenberg in sweden. They kept a few horses in three enclosures for 2-3 years and monitored what happend,,,,,inside vs outside exclosure,with_introduction,11.5,3,345000,1,25,3 per experimental area,,,plot,Europe,59.73331705,17.66667743,roughly ok,Krusenberg,Equus ferus caballus,,Introduced 2014,"fluctuated (some horses were removed temporarily or excluded), took the initial value",0.35 Equus ferus caballus,0,individuals,hectare,1,,365,2,2015,cumulative,diversity,vegetation,plants,aboveground,,higher_level,all plants,species richness,,T,mean,SD,,,8.86,3.04,63,7.56,2.43,63,summer,,JT
dp_349,Garrido et al 2019 Journal of Applied Ecology,Experimental rewilding enhances grassland functional composition and pollinator habitat use,https://doi.org/10.1111/1365-2664.13338,Semi-Domestic,Experimetal rewilding at Krusenberg in sweden. They kept a few horses in three enclosures for 2-3 years and monitored what happend,,,,,inside vs outside exclosure,with_introduction,11.5,3,345000,1,25,3 per experimental area,,,plot,Europe,59.73331705,17.66667743,roughly ok,Krusenberg,Equus ferus caballus,,Introduced 2014,"fluctuated (some horses were removed temporarily or excluded), took the initial value",0.35 Equus ferus caballus,0,individuals,hectare,1,,465,3,2015,cumulative,diversity,vegetation,plants,aboveground,,higher_level,all plants,species richness,,T,mean,SD,,,7.63,2.6,63,6.02,1.88,63,autumn,,JT
dp_350,Garrido et al 2019 Journal of Applied Ecology,Experimental rewilding enhances grassland functional composition and pollinator habitat use,https://doi.org/10.1111/1365-2664.13338,Semi-Domestic,Experimetal rewilding at Krusenberg in sweden. They kept a few horses in three enclosures for 2-3 years and monitored what happend,,,,,inside vs outside exclosure,with_introduction,11.5,3,345000,1,25,3 per experimental area,,,plot,Europe,59.73331705,17.66667743,roughly ok,Krusenberg,Equus ferus caballus,,Introduced 2014,"fluctuated (some horses were removed temporarily or excluded), took the initial value",0.35 Equus ferus caballus,0,individuals,hectare,2,,630,4,2016,cumulative,diversity,vegetation,plants,aboveground,,higher_level,all plants,species richness,,T,mean,SD,,,8.71,2.62,63,6.62,2.01,63,spring,,JT
dp_351,Garrido et al 2019 Journal of Applied Ecology,Experimental rewilding enhances grassland functional composition and pollinator habitat use,https://doi.org/10.1111/1365-2664.13338,Semi-Domestic,Experimetal rewilding at Krusenberg in sweden. They kept a few horses in three enclosures for 2-3 years and monitored what happend,,,,,inside vs outside exclosure,with_introduction,11.5,3,345000,1,25,3 per experimental area,,,plot,Europe,59.73331705,17.66667743,roughly ok,Krusenberg,Equus ferus caballus,,Introduced 2014,"fluctuated (some horses were removed temporarily or excluded), took the initial value",0.35 Equus ferus caballus,0,individuals,hectare,2,,730,5,2016,cumulative,diversity,vegetation,plants,aboveground,,higher_level,all plants,species richness,,T,mean,SD,,,8.33,2.43,63,6.24,1.85,63,summer,,JT
dp_352,Garrido et al 2019 Journal of Applied Ecology,Experimental rewilding enhances grassland functional composition and pollinator habitat use,https://doi.org/10.1111/1365-2664.13338,Semi-Domestic,Experimetal rewilding at Krusenberg in sweden. They kept a few horses in three enclosures for 2-3 years and monitored what happend,,,,,inside vs outside exclosure,with_introduction,11.5,3,345000,1,25,3 per experimental area,,,plot,Europe,59.73331705,17.66667743,roughly ok,Krusenberg,Equus ferus caballus,,Introduced 2014,"fluctuated (some horses were removed temporarily or excluded), took the initial value",0.35 Equus ferus caballus,0,individuals,hectare,2,,830,6,2016,cumulative,diversity,vegetation,plants,aboveground,,higher_level,all plants,species richness,,T,mean,SD,,,6.81,2.21,63,5.59,1.58,63,autumn,,JT
dp_353,McMillan et al 2028 Restoration Ecology,"Plant community responses to bison reintroduction on the Northern Great Plains, United States: a test of the keystone species concept",https://doi.org/10.1111/rec.12856,Wild Native,"American Prarie - livestock grazing stopped in 2004, bison introduced in parts of the study area in 2005",,,exposed to decades of rather heavy cattle grazing prior experiment,population size is managed,distal comparison with and without,with_introduction,12545,1,"70,920,000",1,10000,10 per treatment,100,10 per plot,plot,Europe,47.74508152,-107.7764966,"captures APR, but not necessarily study site","Box elder creek, American Prairie Reserve",Bison bison,,Introduced 2005,"In October 2005, the APR reintroduced 16 bison to Box Elder, and the area has experienced year-round bison grazing with the bison population growing to roughly 600 animals (including juveniles and subadults) by 2015",0.05 Bison bison,0,individuals,hectare,11,,4015,1,2015,cumulative,diversity,vegetation,plants,aboveground,,higher_level,all plants,Inverse Simpson Diversity Index,,T,mean,SD,Fig_3a,"bison = high megafauna, removal = low megafauna, ignore ""cattle""",7.4892241,2.2497056,10,7.9956897,3.81242048,10,,,JT
dp_354,McMillan et al 2028 Restoration Ecology,"Plant community responses to bison reintroduction on the Northern Great Plains, United States: a test of the keystone species concept",https://doi.org/10.1111/rec.12856,Wild Native,"American Prarie - livestock grazing stopped in 2004, bison introduced in parts of the study area in 2005",,,exposed to decades of rather heavy cattle grazing prior experiment,population size is managed,distal comparison with and without,with_introduction,12545,1,"70,920,000",1,10000,10 per treatment,100,10 per plot,plot,Europe,47.74508152,-107.7764966,"captures APR, but not necessarily study site","Box elder creek, American Prairie Reserve",Bison bison,,Introduced 2005,"In October 2005, the APR reintroduced 16 bison to Box Elder, and the area has experienced year-round bison grazing with the bison population growing to roughly 600 animals (including juveniles and subadults) by 2015",0.05 Bison bison,0,individuals,hectare,11,,4015,1,2015,cumulative,diversity,vegetation,plants,aboveground,,higher_level,all plants,Exponential Shannon Diversity ,,T,mean,SD,Fig_3b,"bison = high megafauna, removal = low megafauna, ignore ""cattle""",17.022306,5.12121588,10,15.7693966,6.41536883,10,,,JT
dp_355,McMillan et al 2028 Restoration Ecology,"Plant community responses to bison reintroduction on the Northern Great Plains, United States: a test of the keystone species concept",https://doi.org/10.1111/rec.12856,Wild Native,"American Prarie - livestock grazing stopped in 2004, bison introduced in parts of the study area in 2005",,,exposed to decades of rather heavy cattle grazing prior experiment,population size is managed,distal comparison with and without,with_introduction,12545,1,"70,920,000",1,10000,10 per treatment,100,10 per plot,plot,Europe,47.74508152,-107.7764966,"captures APR, but not necessarily study site","Box elder creek, American Prairie Reserve",Bison bison,,Introduced 2005,"In October 2005, the APR reintroduced 16 bison to Box Elder, and the area has experienced year-round bison grazing with the bison population growing to roughly 600 animals (including juveniles and subadults) by 2015",0.05 Bison bison,0,individuals,hectare,11,,4015,1,2015,cumulative,diversity,vegetation,plants,aboveground,,higher_level,all plants,species richness,rarified species richness,T,mean,SD,Fig_3c,"bison = high megafauna, removal = low megafauna, ignore ""cattle""",30.6648936,6.53814004,10,23.9095745,4.08796441,10,,,JT
dp_356,McMillan et al 2028 Restoration Ecology,"Plant community responses to bison reintroduction on the Northern Great Plains, United States: a test of the keystone species concept",https://doi.org/10.1111/rec.12856,Wild Native,"American Prarie - livestock grazing stopped in 2004, bison introduced in parts of the study area in 2005",,,exposed to decades of rather heavy cattle grazing prior experiment,population size is managed,distal comparison with and without,with_introduction,12545,1,"70,920,000",1,10000,10 per treatment,100,10 per plot,plot,Europe,47.74508152,-107.7764966,"captures APR, but not necessarily study site","Box elder creek, American Prairie Reserve",Bison bison,,Introduced 2005,"In October 2005, the APR reintroduced 16 bison to Box Elder, and the area has experienced year-round bison grazing with the bison population growing to roughly 600 animals (including juveniles and subadults) by 2015",0.05 Bison bison,0,individuals,hectare,11,,4015,1,2015,cumulative,diversity,vegetation,plants,aboveground,,higher_level,all plants,ß diversity,species turnover,T,mean,SD,Fig_3d,"bison = high megafauna, removal = low megafauna, ignore ""cattle""",0.2999081,0.05543352,10,0.2105699,0.05304496,10,,,JT
dp_357,Gizicki et al 2018 Biological Invasions,Long-term effects of feral goats (Capra hircus) on Mediterranean island communities: results from whole island manipulations,https://doi.org/10.1007/s10530-017-1645-4,Wild Non-Native,"Islands in greece, some with, somewithout goats",they don't report densities and it generally seems a bit of an outlier study compared to the others...,,,,distal comparison with and without,with_introduction,13.7,4,"219,730",4,,,,,,Europe,36.9921456,25.24023303,"rather poor, captures one island",Cycladic islands,Capra hircus,,"unkown when introduced, more than one year though",,NA Capra hircus,0,individuals,hectare,NA,NA,NA,1,2015,cumulative,diversity,vegetation,plants,aboveground,,higher_level,all plants,species richness,,T,mean,SD,,,33.5,2.38,4,23.7,6.65,7,,,JT
dp_358,Gizicki et al 2018 Biological Invasions,Long-term effects of feral goats (Capra hircus) on Mediterranean island communities: results from whole island manipulations,https://doi.org/10.1007/s10530-017-1645-4,Wild Non-Native,"Islands in greece, some with, somewithout goats",they don't report densities and it generally seems a bit of an outlier study compared to the others...,,,,distal comparison with and without,with_introduction,13.7,4,"219,730",4,,,,,,Europe,36.9921456,25.24023303,"rather poor, captures one island",Cycladic islands,Capra hircus,,"unkown when introduced, more than one year though",,NA Capra hircus,0,individuals,hectare,NA,NA,NA,1,2015,cumulative,diversity,vegetation,plants,aboveground,,higher_level,all plants,estimated species richness,,T,mean,SD,,,42.1,4.06,4,26.9,8.01,7,,,JT
dp_359,Gizicki et al 2018 Biological Invasions,Long-term effects of feral goats (Capra hircus) on Mediterranean island communities: results from whole island manipulations,https://doi.org/10.1007/s10530-017-1645-4,Wild Non-Native,"Islands in greece, some with, somewithout goats",they don't report densities and it generally seems a bit of an outlier study compared to the others...,,,,distal comparison with and without,with_introduction,13.7,4,"219,730",4,,,,,,Europe,36.9921456,25.24023303,"rather poor, captures one island",Cycladic islands,Capra hircus,,"unkown when introduced, more than one year though",,NA Capra hircus,0,individuals,hectare,NA,NA,NA,1,2015,cumulative,diversity,vegetation,plants,aboveground,,higher_level,all plants,species density (species / area),,T,mean,SD,,,20.3,4.41,4,15.6,5.9,7,,,JT
dp_360,Gizicki et al 2018 Biological Invasions,Long-term effects of feral goats (Capra hircus) on Mediterranean island communities: results from whole island manipulations,https://doi.org/10.1007/s10530-017-1645-4,Wild Non-Native,"Islands in greece, some with, somewithout goats",they don't report densities and it generally seems a bit of an outlier study compared to the others...,,,,distal comparison with and without,with_introduction,13.7,4,"219,730",4,,,,,,Europe,36.9921456,25.24023303,"rather poor, captures one island",Cycladic islands,Capra hircus,,"unkown when introduced, more than one year though",,NA Capra hircus,0,individuals,hectare,NA,NA,NA,1,2015,cumulative,diversity,vegetation,plants,aboveground,,higher_level,all plants,shannon diversity,,T,mean,SD,,,3.04,0.132,4,2.7,0.277,7,,,JT
dp_361,Gizicki et al 2018 Biological Invasions,Long-term effects of feral goats (Capra hircus) on Mediterranean island communities: results from whole island manipulations,https://doi.org/10.1007/s10530-017-1645-4,Wild Non-Native,"Islands in greece, some with, somewithout goats",they don't report densities and it generally seems a bit of an outlier study compared to the others...,,,,distal comparison with and without,with_introduction,13.7,4,"219,730",4,,,,,,Europe,36.9921456,25.24023303,"rather poor, captures one island",Cycladic islands,Capra hircus,,"unkown when introduced, more than one year though",,NA Capra hircus,0,individuals,hectare,NA,NA,NA,1,2015,cumulative,vegetation_structure,vegetation,plants,aboveground,,higher_level,all plants,vegetation cover,% ,T,mean,SD,,,54.9,8.62,4,74.2,14.1,7,,,JT
dp_362,Gizicki et al 2018 Biological Invasions,Long-term effects of feral goats (Capra hircus) on Mediterranean island communities: results from whole island manipulations,https://doi.org/10.1007/s10530-017-1645-4,Wild Non-Native,"Islands in greece, some with, somewithout goats",they don't report densities and it generally seems a bit of an outlier study compared to the others...,,,,distal comparison with and without,with_introduction,13.7,4,"219,730",4,,,,,,Europe,36.9921456,25.24023303,"rather poor, captures one island",Cycladic islands,Capra hircus,,"unkown when introduced, more than one year though",,NA Capra hircus,0,individuals,hectare,NA,NA,NA,1,2015,cumulative,biomass,vegetation,plants,aboveground,,higher_level,all plants,biomass,g/m2,T,mean,SD,,,708,515,4,2105,598,7,,,JT
dp_363,Gizicki et al 2018 Biological Invasions,Long-term effects of feral goats (Capra hircus) on Mediterranean island communities: results from whole island manipulations,https://doi.org/10.1007/s10530-017-1645-4,Wild Non-Native,"Islands in greece, some with, somewithout goats",they don't report densities and it generally seems a bit of an outlier study compared to the others...,,,,distal comparison with and without,with_introduction,13.7,4,"219,730",4,,,,,,Europe,36.9921456,25.24023303,"rather poor, captures one island",Cycladic islands,Capra hircus,,"unkown when introduced, more than one year though",,NA Capra hircus,0,individuals,hectare,NA,NA,NA,1,2015,cumulative,vegetation_structure,vegetation,plants,aboveground,,higher_level,all plants,plant height,cm,T,mean,SD,,,10.6,5.25,4,29.2,12.5,7,,,JT
dp_364,Gizicki et al 2018 Biological Invasions,Long-term effects of feral goats (Capra hircus) on Mediterranean island communities: results from whole island manipulations,https://doi.org/10.1007/s10530-017-1645-4,Wild Non-Native,"Islands in greece, some with, somewithout goats",they don't report densities and it generally seems a bit of an outlier study compared to the others...,,,,distal comparison with and without,with_introduction,13.7,4,"219,730",4,,,,,,Europe,36.9921456,25.24023303,"rather poor, captures one island",Cycladic islands,Capra hircus,,"unkown when introduced, more than one year though",,NA Capra hircus,0,individuals,hectare,NA,NA,NA,1,2015,cumulative,abundance,birds,birds,aboveground,,higher_level,seabirds,seabird density,birds/km2,T,mean,SD,,,732,1053,4,3399,2836,7,,,JT
dp_365,Gizicki et al 2018 Biological Invasions,Long-term effects of feral goats (Capra hircus) on Mediterranean island communities: results from whole island manipulations,https://doi.org/10.1007/s10530-017-1645-4,Wild Non-Native,"Islands in greece, some with, somewithout goats",they don't report densities and it generally seems a bit of an outlier study compared to the others...,,,,distal comparison with and without,with_introduction,13.7,4,"219,730",4,,,,,,Europe,36.9921456,25.24023303,"rather poor, captures one island",Cycladic islands,Capra hircus,,"unkown when introduced, more than one year though",,NA Capra hircus,0,individuals,hectare,NA,NA,NA,1,2015,cumulative,diversity,arthropods,arthropods,aboveground,,higher_level,arthropods,species richness,species per island,T,mean,SD,,,25.2,3.3,4,23.3,4.82,7,,,JT
dp_366,Gizicki et al 2018 Biological Invasions,Long-term effects of feral goats (Capra hircus) on Mediterranean island communities: results from whole island manipulations,https://doi.org/10.1007/s10530-017-1645-4,Wild Non-Native,"Islands in greece, some with, somewithout goats",they don't report densities and it generally seems a bit of an outlier study compared to the others...,,,,distal comparison with and without,with_introduction,13.7,4,"219,730",4,,,,,,Europe,36.9921456,25.24023303,"rather poor, captures one island",Cycladic islands,Capra hircus,,"unkown when introduced, more than one year though",,NA Capra hircus,0,individuals,hectare,NA,NA,NA,1,2015,cumulative,diversity,arthropods,arthropods,aboveground,,higher_level,arthropods,estimated species richness,,T,mean,SD,,,30.9,3.96,4,13.7,11.9,7,,,JT
dp_367,Gizicki et al 2018 Biological Invasions,Long-term effects of feral goats (Capra hircus) on Mediterranean island communities: results from whole island manipulations,https://doi.org/10.1007/s10530-017-1645-4,Wild Non-Native,"Islands in greece, some with, somewithout goats",they don't report densities and it generally seems a bit of an outlier study compared to the others...,,,,distal comparison with and without,with_introduction,13.7,4,"219,730",4,,,,,,Europe,36.9921456,25.24023303,"rather poor, captures one island",Cycladic islands,Capra hircus,,"unkown when introduced, more than one year though",,NA Capra hircus,0,individuals,hectare,NA,NA,NA,1,2015,cumulative,diversity,arthropods,arthropods,aboveground,,higher_level,arthropods,species density (species / area),,T,mean,SD,,,26.2,3.73,4,28.1,10.7,7,,,JT
dp_368,Gizicki et al 2018 Biological Invasions,Long-term effects of feral goats (Capra hircus) on Mediterranean island communities: results from whole island manipulations,https://doi.org/10.1007/s10530-017-1645-4,Wild Non-Native,"Islands in greece, some with, somewithout goats",they don't report densities and it generally seems a bit of an outlier study compared to the others...,,,,distal comparison with and without,with_introduction,13.7,4,"219,730",4,,,,,,Europe,36.9921456,25.24023303,"rather poor, captures one island",Cycladic islands,Capra hircus,,"unkown when introduced, more than one year though",,NA Capra hircus,0,individuals,hectare,NA,NA,NA,1,2015,cumulative,diversity,arthropods,arthropods,aboveground,,higher_level,arthropods,shannon diversity,,T,mean,SD,,,2.14,0.454,4,1.71,0.291,7,,,JT
dp_369,Gizicki et al 2018 Biological Invasions,Long-term effects of feral goats (Capra hircus) on Mediterranean island communities: results from whole island manipulations,https://doi.org/10.1007/s10530-017-1645-4,Wild Non-Native,"Islands in greece, some with, somewithout goats",they don't report densities and it generally seems a bit of an outlier study compared to the others...,,,,distal comparison with and without,with_introduction,13.7,4,"219,730",4,,,,,,Europe,36.9921456,25.24023303,"rather poor, captures one island",Cycladic islands,Capra hircus,,"unkown when introduced, more than one year though",,NA Capra hircus,0,individuals,hectare,NA,NA,NA,1,2015,cumulative,abundance,arthropods,arthropods,aboveground,,higher_level,arthropods,biomass,(g/trap/day),T,mean,SD,,,0.116,0.09,4,0.283,0.573,7,,,JT
dp_370,Gizicki et al 2018 Biological Invasions,Long-term effects of feral goats (Capra hircus) on Mediterranean island communities: results from whole island manipulations,https://doi.org/10.1007/s10530-017-1645-4,Wild Non-Native,"Islands in greece, some with, somewithout goats",they don't report densities and it generally seems a bit of an outlier study compared to the others...,,,,distal comparison with and without,with_introduction,13.7,4,"219,730",4,,,,,,Europe,36.9921456,25.24023303,"rather poor, captures one island",Cycladic islands,Capra hircus,,"unkown when introduced, more than one year though",,NA Capra hircus,0,individuals,hectare,NA,NA,NA,1,2015,cumulative,abundance,arthropods,arthropods,aboveground,,higher_level,arthropods,n individuals,individuals / trap / day,T,mean,SD,,,4.36,1.29,4,8.47,8.12,7,,,JT
dp_371,Gizicki et al 2018 Biological Invasions,Long-term effects of feral goats (Capra hircus) on Mediterranean island communities: results from whole island manipulations,https://doi.org/10.1007/s10530-017-1645-4,Wild Non-Native,"Islands in greece, some with, somewithout goats",they don't report densities and it generally seems a bit of an outlier study compared to the others...,,,,distal comparison with and without,with_introduction,13.7,4,"219,730",4,,,,,,Europe,36.9921456,25.24023303,"rather poor, captures one island",Cycladic islands,Capra hircus,,"unkown when introduced, more than one year though",,NA Capra hircus,0,individuals,hectare,NA,NA,NA,1,2015,cumulative,soil_cover,soil,soil,belowground,,higher_level,soil,bare ground,% ,T,mean,SD,,,13.7,6.54,4,8.58,6.63,7,,,JT
dp_372,Gizicki et al 2018 Biological Invasions,Long-term effects of feral goats (Capra hircus) on Mediterranean island communities: results from whole island manipulations,https://doi.org/10.1007/s10530-017-1645-4,Wild Non-Native,"Islands in greece, some with, somewithout goats",they don't report densities and it generally seems a bit of an outlier study compared to the others...,,,,distal comparison with and without,with_introduction,13.7,4,"219,730",4,,,,,,Europe,36.9921456,25.24023303,"rather poor, captures one island",Cycladic islands,Capra hircus,,"unkown when introduced, more than one year though",,NA Capra hircus,0,individuals,hectare,NA,NA,NA,1,2015,cumulative,soil_conditions,soil,soil,belowground,,higher_level,soil ,soil depth ,cm,T,mean,SD,,,8.84,2.46,4,15.9,3.68,7,,,JT
dp_373,Gizicki et al 2018 Biological Invasions,Long-term effects of feral goats (Capra hircus) on Mediterranean island communities: results from whole island manipulations,https://doi.org/10.1007/s10530-017-1645-4,Wild Non-Native,"Islands in greece, some with, somewithout goats",they don't report densities and it generally seems a bit of an outlier study compared to the others...,,,,distal comparison with and without,with_introduction,13.7,4,"219,730",4,,,,,,Europe,36.9921456,25.24023303,"rather poor, captures one island",Cycladic islands,Capra hircus,,"unkown when introduced, more than one year though",,NA Capra hircus,0,individuals,hectare,NA,NA,NA,1,2015,cumulative,soil_conditions,soil,soil,belowground,,higher_level,soil ,organic matter content,% ,T,mean,SD,,,7.18,2.57,4,6.56,2.25,7,,,JT
dp_374,Gizicki et al 2018 Biological Invasions,Long-term effects of feral goats (Capra hircus) on Mediterranean island communities: results from whole island manipulations,https://doi.org/10.1007/s10530-017-1645-4,Wild Non-Native,"Islands in greece, some with, somewithout goats",they don't report densities and it generally seems a bit of an outlier study compared to the others...,,,,distal comparison with and without,with_introduction,13.7,4,"219,730",4,,,,,,Europe,36.9921456,25.24023303,"rather poor, captures one island",Cycladic islands,Capra hircus,,"unkown when introduced, more than one year though",,NA Capra hircus,0,individuals,hectare,NA,NA,NA,1,2015,cumulative,soil_nutrients,soil,soil,belowground,,higher_level,soil,N,% ,T,mean,SD,,,0.722,0.251,4,0.852,0.412,7,,,JT
dp_375,Gizicki et al 2018 Biological Invasions,Long-term effects of feral goats (Capra hircus) on Mediterranean island communities: results from whole island manipulations,https://doi.org/10.1007/s10530-017-1645-4,Wild Non-Native,"Islands in greece, some with, somewithout goats",they don't report densities and it generally seems a bit of an outlier study compared to the others...,,,,distal comparison with and without,with_introduction,13.7,4,"219,730",4,,,,,,Europe,36.9921456,25.24023303,"rather poor, captures one island",Cycladic islands,Capra hircus,,"unkown when introduced, more than one year though",,NA Capra hircus,0,individuals,hectare,NA,NA,NA,1,2015,cumulative,soil_nutrients,soil,soil,belowground,,higher_level,soil ,P,% ,T,mean,SD,,,0.047,0.0168,4,0.162,0.171,7,,,JT
dp_376,Gizicki et al 2018 Biological Invasions,Long-term effects of feral goats (Capra hircus) on Mediterranean island communities: results from whole island manipulations,https://doi.org/10.1007/s10530-017-1645-4,Wild Non-Native,"Islands in greece, some with, somewithout goats",they don't report densities and it generally seems a bit of an outlier study compared to the others...,,,,distal comparison with and without,with_introduction,13.7,4,"219,730",4,,,,,,Europe,36.9921456,25.24023303,"rather poor, captures one island",Cycladic islands,Capra hircus,,"unkown when introduced, more than one year though",,NA Capra hircus,0,individuals,hectare,NA,NA,NA,1,2015,cumulative,soil_nutrients,soil,soil,belowground,,higher_level,soil,Calcium carbonate,% ,T,mean,SD,,,5,3.15,4,10,10.1,7,,,JT
dp_377,Gizicki et al 2018 Biological Invasions,Long-term effects of feral goats (Capra hircus) on Mediterranean island communities: results from whole island manipulations,https://doi.org/10.1007/s10530-017-1645-4,Wild Non-Native,"Islands in greece, some with, somewithout goats",they don't report densities and it generally seems a bit of an outlier study compared to the others...,,,,distal comparison with and without,with_introduction,13.7,4,"219,730",4,,,,,,Europe,36.9921456,25.24023303,"rather poor, captures one island",Cycladic islands,Capra hircus,,"unkown when introduced, more than one year though",,NA Capra hircus,0,individuals,hectare,NA,NA,NA,1,2015,cumulative,soil_nutrients,soil,soil,belowground,,higher_level,soil ,C:N,,T,mean,SD,,,12.5,4.23,4,11.3,3.75,7,,,JT
dp_378,Chollet et al. 2013 Écoscience,A better world for bryophytes? A rare and overlooked case of positive community-wide effects of browsing by overabundant deer,https://doi.org/10.2980/20-4-3627,Wild Non-Native,"A long time since reintroduction and a wide window, but still a relatively ""clear"" case of reintroduction because of the islands",assumed to be standard error from very small bars - but figure does not actually say what the error is,,A relatively long period of reintroduciton (~40 years) so used the oldest date here,,islands with and without herbivore,post_introduction,11.65,4,87000,2,10,11 per site (island) 44 total,,,plot,North America,52.906507,-131.611369,poor (one island of the experiment which is across 80 km archipelago),West Limestone,Odocoileus hemionus,,,"the two introduced islands have two different densities, 21 and 37 deer-km2 ",0.29 Odocoileus hemionus,0,individuals,hectare,61,,22265,1,2011,cumulative,diversity,vegetation,bryophytes,aboveground,,higher_level,bryophytes,species density,# species per 1-m2 plot,T,mean,SE,Fig_2,left,6.52264808,0.29268293,22,2.38327526,0.22299652,22,,caldat file and extraction code sent to JT,JA
dp_379,Chollet et al. 2013 Écoscience,A better world for bryophytes? A rare and overlooked case of positive community-wide effects of browsing by overabundant deer,https://doi.org/10.2980/20-4-3627,Wild Non-Native,"A long time since reintroduction and a wide window, but still a relatively ""clear"" case of reintroduction because of the islands",assumed to be standard error from very small bars - but figure does not actually say what the error is,,A relatively long period of reintroduciton (~40 years) so used the oldest date here,,islands with and without herbivore,post_introduction,11.65,4,87000,2,10,11 per site (island) 44 total,,,plot,North America,52.906507,-131.611369,poor (one island of the experiment which is across 80 km archipelago),West Limestone,Odocoileus hemionus,,,"the two introduced islands have two different densities, 21 and 37 deer-km2 ",0.29 Odocoileus hemionus,0,individuals,hectare,61,,22265,1,2011,cumulative,vegetation_structure,vegetation,bryophytes,aboveground,,higher_level,bryophytes,cover,%,T,mean,SE,Fig_2,middle,87.8472222,1.38888889,22,7.98611111,1.73611111,22,,caldat file and extraction code sent to JT,JA
dp_380,Chollet et al. 2013 Écoscience,A better world for bryophytes? A rare and overlooked case of positive community-wide effects of browsing by overabundant deer,https://doi.org/10.2980/20-4-3627,Wild Non-Native,"A long time since reintroduction and a wide window, but still a relatively ""clear"" case of reintroduction because of the islands",assumed to be standard error from very small bars - but figure does not actually say what the error is,,A relatively long period of reintroduciton (~40 years) so used the oldest date here,,islands with and without herbivore,post_introduction,11.65,4,87000,2,10,11 per site (island) 44 total,,,plot,North America,52.906507,-131.611369,poor (one island of the experiment which is across 80 km archipelago),West Limestone,Odocoileus hemionus,,,"the two introduced islands have two different densities, 21 and 37 deer-km2 ",0.29 Odocoileus hemionus,0,individuals,hectare,61,,22265,1,2011,cumulative,diversity,vegetation,bryophytes,aboveground,,higher_level,bryophytes,shannon diversity ,Shannon's index,T,mean,SE,Fig_2,right,1.41913043,0.06956522,22,0.64,0.06121739,22,,caldat file and extraction code sent to JT,JA
dp_381,Cardinal et al 2012 Écoscience,Large herbivore effects on songbirds in boreal forests: lessons from deer introduction on Anticosti Island,https://doi.org/10.2980/19-1-3441,Wild Non-Native,"Deer introduced some time late 1800 on one island, compared to island w/o deer ",,,,,islands with and without herbivore,with_introduction,79430000,1,794300000000,1,78,varies ,,,,North America,49.48278275,-63.04353865,good,Gulf of St. Lawrence,Odocoileus virginianus,,,"200 introduced in 1896, population stabilized at 20 deer per km2",0.2 Odocoileus virginianus,0,individuals,hectare,110,,40150,1,2005,cumulative,vegetation_structure,vegetation,plants,aboveground,,higher_level,herbaceous plants,cover,%,T,mean,SE,,,17.2,1.8,24,24.3,3.2,58,,,JT
dp_382,Martin et al 2009 Biological Invasions ,Top-down and bottom-up consequences of unchecked ungulate browsing on plant and animal diversity in temperate forests: lessons from a deer introduction,https://doi.org/10.1007/s10530-009-9628-8,Wild Non-Native,"Haida Gwaii, comparing different duration of deer exposure to controls. ",long and short deer presence share the same control ,long and short deer presence share the same control ,,,inside vs outside exclosure,with_introduction,8,2,80000,2,78.5,"5 in interior, 10 at shoreline",,,,North America,52.906507,-131.611369,poor (one island of the experiment which is across 80 km archipelago),Haida Gwaii,Odocoileus hemionus,,,,0.29 Odocoileus hemionus,0,individuals,hectare,20,,7300,1,2000,cumulative,diversity,vegetation,plants,aboveground,,higher_level,all plants,species richness,species density per plot,T,mean,SD,Fig_4a_l,20 yr vs control,0.4976303,3.6766762,20,21.0189573,4.9743267,20,shoreline,,JT
dp_383,Martin et al 2009 Biological Invasions ,Top-down and bottom-up consequences of unchecked ungulate browsing on plant and animal diversity in temperate forests: lessons from a deer introduction,https://doi.org/10.1007/s10530-009-9628-8,Wild Non-Native,"Haida Gwaii, comparing different duration of deer exposure to controls. ",long and short deer presence share the same control ,long and short deer presence share the same control ,,,inside vs outside exclosure,with_introduction,8,2,80000,2,78.5,"5 in interior, 10 at shoreline",,,,North America,52.906507,-131.611369,poor (one island of the experiment which is across 80 km archipelago),Haida Gwaii,Odocoileus hemionus,,,,0.29 Odocoileus hemionus,0,individuals,hectare,20,,7300,1,2000,cumulative,diversity,vegetation,plants,aboveground,,higher_level,all plants,species richness,species density per plot,T,mean,SD,Fig_4a_l,20 yr vs control,7.8436019,2.7527323,10,10.1184834,2.141014,10,interior ,,JT
dp_384,Martin et al 2009 Biological Invasions ,Top-down and bottom-up consequences of unchecked ungulate browsing on plant and animal diversity in temperate forests: lessons from a deer introduction,https://doi.org/10.1007/s10530-009-9628-8,Wild Non-Native,"Haida Gwaii, comparing different duration of deer exposure to controls. ",long and short deer presence share the same control ,long and short deer presence share the same control ,,,inside vs outside exclosure,with_introduction,8,2,80000,2,78.5,"5 in interior, 10 at shoreline",,,,North America,52.906507,-131.611369,poor (one island of the experiment which is across 80 km archipelago),Haida Gwaii,Odocoileus hemionus,,,,0.29 Odocoileus hemionus,0,individuals,hectare,50,,18250,1,2000,cumulative,diversity,vegetation,plants,aboveground,,higher_level,all plants,species richness,species density per plot,T,mean,SD,Fig_4a_l,50 yr vs control,8.2227488,2.5953009,20,21.0189573,4.9743267,20,shoreline,,JT
dp_385,Martin et al 2009 Biological Invasions ,Top-down and bottom-up consequences of unchecked ungulate browsing on plant and animal diversity in temperate forests: lessons from a deer introduction,https://doi.org/10.1007/s10530-009-9628-8,Wild Non-Native,"Haida Gwaii, comparing different duration of deer exposure to controls. ",long and short deer presence share the same control ,long and short deer presence share the same control ,,,inside vs outside exclosure,with_introduction,8,2,80000,2,78.5,"5 in interior, 10 at shoreline",,,,North America,52.906507,-131.611369,poor (one island of the experiment which is across 80 km archipelago),Haida Gwaii,Odocoileus hemionus,,,,0.29 Odocoileus hemionus,0,individuals,hectare,50,,18250,1,2000,cumulative,diversity,vegetation,plants,aboveground,,higher_level,all plants,species richness,species density per plot,T,mean,SD,Fig_4a_l,50 yr vs control,8.6018957,4.1290984,10,10.1184834,2.141014,10,interior ,,JT
dp_386,Martin et al 2009 Biological Invasions ,Top-down and bottom-up consequences of unchecked ungulate browsing on plant and animal diversity in temperate forests: lessons from a deer introduction,https://doi.org/10.1007/s10530-009-9628-8,Wild Non-Native,"Haida Gwaii, comparing different duration of deer exposure to controls. ",long and short deer presence share the same control ,long and short deer presence share the same control ,,,inside vs outside exclosure,with_introduction,8,2,80000,2,78.5,"5 in interior, 10 at shoreline",,,,North America,52.906507,-131.611369,poor (one island of the experiment which is across 80 km archipelago),Haida Gwaii,Odocoileus hemionus,,,,0.29 Odocoileus hemionus,0,individuals,hectare,20,,7300,1,2000,cumulative,vegetation_structure,vegetation,plants,aboveground,,higher_level,all plants,plant cover,%,T,mean,SD,Fig_4a_m,20 yr vs control,36.2008734,15.1449217,20,86.5065502,11.9565171,20,shoreline,,JT
dp_387,Martin et al 2009 Biological Invasions ,Top-down and bottom-up consequences of unchecked ungulate browsing on plant and animal diversity in temperate forests: lessons from a deer introduction,https://doi.org/10.1007/s10530-009-9628-8,Wild Non-Native,"Haida Gwaii, comparing different duration of deer exposure to controls. ",long and short deer presence share the same control ,long and short deer presence share the same control ,,,inside vs outside exclosure,with_introduction,8,2,80000,2,78.5,"5 in interior, 10 at shoreline",,,,North America,52.906507,-131.611369,poor (one island of the experiment which is across 80 km archipelago),Haida Gwaii,Odocoileus hemionus,,,,0.29 Odocoileus hemionus,0,individuals,hectare,20,,7300,1,2000,cumulative,vegetation_structure,vegetation,plants,aboveground,,higher_level,all plants,plant cover,%,T,mean,SD,Fig_4a_m,20 yr vs control,51.2227074,26.4908743,10,83.7117904,16.3454331,10,interior ,,JT
dp_388,Martin et al 2009 Biological Invasions ,Top-down and bottom-up consequences of unchecked ungulate browsing on plant and animal diversity in temperate forests: lessons from a deer introduction,https://doi.org/10.1007/s10530-009-9628-8,Wild Non-Native,"Haida Gwaii, comparing different duration of deer exposure to controls. ",long and short deer presence share the same control ,long and short deer presence share the same control ,,,inside vs outside exclosure,with_introduction,8,2,80000,2,78.5,"5 in interior, 10 at shoreline",,,,North America,52.906507,-131.611369,poor (one island of the experiment which is across 80 km archipelago),Haida Gwaii,Odocoileus hemionus,,,,0.29 Odocoileus hemionus,0,individuals,hectare,50,,18250,1,2000,cumulative,vegetation_structure,vegetation,plants,aboveground,,higher_level,all plants,plant cover,%,T,mean,SD,Fig_4a_m,50 yr vs control,15.5895197,16.739124,20,86.5065502,11.9565171,20,shoreline,,JT
dp_389,Martin et al 2009 Biological Invasions ,Top-down and bottom-up consequences of unchecked ungulate browsing on plant and animal diversity in temperate forests: lessons from a deer introduction,https://doi.org/10.1007/s10530-009-9628-8,Wild Non-Native,"Haida Gwaii, comparing different duration of deer exposure to controls. ",long and short deer presence share the same control ,long and short deer presence share the same control ,,,inside vs outside exclosure,with_introduction,8,2,80000,2,78.5,"5 in interior, 10 at shoreline",,,,North America,52.906507,-131.611369,poor (one island of the experiment which is across 80 km archipelago),Haida Gwaii,Odocoileus hemionus,,,,0.29 Odocoileus hemionus,0,individuals,hectare,50,,18250,1,2000,cumulative,vegetation_structure,vegetation,plants,aboveground,,higher_level,all plants,plant cover,%,T,mean,SD,Fig_4a_m,50 yr vs control,2.6637555,3.9454494,10,83.7117904,16.3454331,10,interior ,,JT
dp_390,Martin et al 2009 Biological Invasions ,Top-down and bottom-up consequences of unchecked ungulate browsing on plant and animal diversity in temperate forests: lessons from a deer introduction,https://doi.org/10.1007/s10530-009-9628-8,Wild Non-Native,"Haida Gwaii, comparing different duration of deer exposure to controls. ",long and short deer presence share the same control ,long and short deer presence share the same control ,,,inside vs outside exclosure,with_introduction,8,2,80000,2,78.5,"5 in interior, 10 at shoreline",,,,North America,52.906507,-131.611369,poor (one island of the experiment which is across 80 km archipelago),Haida Gwaii,Odocoileus hemionus,,,,0.29 Odocoileus hemionus,0,individuals,hectare,20,,7300,1,2000,cumulative,diversity,vegetation,plants,aboveground,,higher_level,all plants,shannon diversity,,T,mean,SD,Fig_4a_r,20 yr vs control,0.4342723,0.1713955,20,0.8061033,0.1456861,20,shoreline,,JT
dp_391,Martin et al 2009 Biological Invasions ,Top-down and bottom-up consequences of unchecked ungulate browsing on plant and animal diversity in temperate forests: lessons from a deer introduction,https://doi.org/10.1007/s10530-009-9628-8,Wild Non-Native,"Haida Gwaii, comparing different duration of deer exposure to controls. ",long and short deer presence share the same control ,long and short deer presence share the same control ,,,inside vs outside exclosure,with_introduction,8,2,80000,2,78.5,"5 in interior, 10 at shoreline",,,,North America,52.906507,-131.611369,poor (one island of the experiment which is across 80 km archipelago),Haida Gwaii,Odocoileus hemionus,,,,0.29 Odocoileus hemionus,0,individuals,hectare,20,,7300,1,2000,cumulative,diversity,vegetation,plants,aboveground,,higher_level,all plants,shannon diversity,,T,mean,SD,Fig_4a_r,20 yr vs control,0.27277,0.2423898,10,0.6032864,0.199971,10,interior ,,JT
dp_392,Martin et al 2009 Biological Invasions ,Top-down and bottom-up consequences of unchecked ungulate browsing on plant and animal diversity in temperate forests: lessons from a deer introduction,https://doi.org/10.1007/s10530-009-9628-8,Wild Non-Native,"Haida Gwaii, comparing different duration of deer exposure to controls. ",long and short deer presence share the same control ,long and short deer presence share the same control ,,,inside vs outside exclosure,with_introduction,8,2,80000,2,78.5,"5 in interior, 10 at shoreline",,,,North America,52.906507,-131.611369,poor (one island of the experiment which is across 80 km archipelago),Haida Gwaii,Odocoileus hemionus,,,,0.29 Odocoileus hemionus,0,individuals,hectare,50,,18250,1,2000,cumulative,diversity,vegetation,plants,aboveground,,higher_level,all plants,shannon diversity,,T,mean,SD,Fig_4a_r,50 yr vs control,0.2877934,0.2056745,20,0.8061033,0.1456861,20,shoreline,,JT
dp_393,Martin et al 2009 Biological Invasions ,Top-down and bottom-up consequences of unchecked ungulate browsing on plant and animal diversity in temperate forests: lessons from a deer introduction,https://doi.org/10.1007/s10530-009-9628-8,Wild Non-Native,"Haida Gwaii, comparing different duration of deer exposure to controls. ",long and short deer presence share the same control ,long and short deer presence share the same control ,,,inside vs outside exclosure,with_introduction,8,2,80000,2,78.5,"5 in interior, 10 at shoreline",,,,North America,52.906507,-131.611369,poor (one island of the experiment which is across 80 km archipelago),Haida Gwaii,Odocoileus hemionus,,,,0.29 Odocoileus hemionus,0,individuals,hectare,50,,18250,1,2000,cumulative,diversity,vegetation,plants,aboveground,,higher_level,all plants,shannon diversity,,T,mean,SD,Fig_4a_r,50 yr vs control,0.3366197,0.3332859,10,0.6032864,0.199971,10,interior ,,JT
dp_394,Martin et al 2009 Biological Invasions ,Top-down and bottom-up consequences of unchecked ungulate browsing on plant and animal diversity in temperate forests: lessons from a deer introduction,https://doi.org/10.1007/s10530-009-9628-8,Wild Non-Native,"Haida Gwaii, comparing different duration of deer exposure to controls. ",long and short deer presence share the same control ,long and short deer presence share the same control ,,,inside vs outside exclosure,with_introduction,8,2,80000,2,78.5,"5 in interior, 10 at shoreline",,,,North America,52.906507,-131.611369,poor (one island of the experiment which is across 80 km archipelago),Haida Gwaii,Odocoileus hemionus,,,,0.29 Odocoileus hemionus,0,individuals,hectare,20,,7300,1,2000,cumulative,diversity,arthropods,arthropods,aboveground,,higher_level,understory invertebrates,species richness,species density per plot,T,mean,SD,Fig_4b_l,20 yr vs control,10.6108597,7.4335993,20,34.5022624,21.8878203,20,shoreline,,JT
dp_395,Martin et al 2009 Biological Invasions ,Top-down and bottom-up consequences of unchecked ungulate browsing on plant and animal diversity in temperate forests: lessons from a deer introduction,https://doi.org/10.1007/s10530-009-9628-8,Wild Non-Native,"Haida Gwaii, comparing different duration of deer exposure to controls. ",long and short deer presence share the same control ,long and short deer presence share the same control ,,,inside vs outside exclosure,with_introduction,8,2,80000,2,78.5,"5 in interior, 10 at shoreline",,,,North America,52.906507,-131.611369,poor (one island of the experiment which is across 80 km archipelago),Haida Gwaii,Odocoileus hemionus,,,,0.29 Odocoileus hemionus,0,individuals,hectare,20,,7300,1,2000,cumulative,diversity,arthropods,arthropods,aboveground,,higher_level,understory invertebrates,species richness,species density per plot,T,mean,SD,Fig_4b_l,20 yr vs control,15.3167421,4.9643291,10,22.1945701,9.3446196,10,interior ,,JT
dp_396,Martin et al 2009 Biological Invasions ,Top-down and bottom-up consequences of unchecked ungulate browsing on plant and animal diversity in temperate forests: lessons from a deer introduction,https://doi.org/10.1007/s10530-009-9628-8,Wild Non-Native,"Haida Gwaii, comparing different duration of deer exposure to controls. ",long and short deer presence share the same control ,long and short deer presence share the same control ,,,inside vs outside exclosure,with_introduction,8,2,80000,2,78.5,"5 in interior, 10 at shoreline",,,,North America,52.906507,-131.611369,poor (one island of the experiment which is across 80 km archipelago),Haida Gwaii,Odocoileus hemionus,,,,0.29 Odocoileus hemionus,0,individuals,hectare,50,,18250,1,2000,cumulative,diversity,arthropods,arthropods,aboveground,,higher_level,understory invertebrates,species richness,species density per plot,T,mean,SD,Fig_4b_l,50 yr vs control,5.9049774,6.1946661,20,34.5022624,21.8878203,20,shoreline,,JT
dp_397,Martin et al 2009 Biological Invasions ,Top-down and bottom-up consequences of unchecked ungulate browsing on plant and animal diversity in temperate forests: lessons from a deer introduction,https://doi.org/10.1007/s10530-009-9628-8,Wild Non-Native,"Haida Gwaii, comparing different duration of deer exposure to controls. ",long and short deer presence share the same control ,long and short deer presence share the same control ,,,inside vs outside exclosure,with_introduction,8,2,80000,2,78.5,"5 in interior, 10 at shoreline",,,,North America,52.906507,-131.611369,poor (one island of the experiment which is across 80 km archipelago),Haida Gwaii,Odocoileus hemionus,,,,0.29 Odocoileus hemionus,0,individuals,hectare,50,,18250,1,2000,cumulative,diversity,arthropods,arthropods,aboveground,,higher_level,understory invertebrates,species richness,species density per plot,T,mean,SD,Fig_4b_l,50 yr vs control,3.5520362,3.212213,10,22.1945701,9.3446196,10,interior ,,JT
dp_398,Martin et al 2009 Biological Invasions ,Top-down and bottom-up consequences of unchecked ungulate browsing on plant and animal diversity in temperate forests: lessons from a deer introduction,https://doi.org/10.1007/s10530-009-9628-8,Wild Non-Native,"Haida Gwaii, comparing different duration of deer exposure to controls. ",long and short deer presence share the same control ,long and short deer presence share the same control ,,,inside vs outside exclosure,with_introduction,8,2,80000,2,78.5,"5 in interior, 10 at shoreline",,,,North America,52.906507,-131.611369,poor (one island of the experiment which is across 80 km archipelago),Haida Gwaii,Odocoileus hemionus,,,,0.29 Odocoileus hemionus,0,individuals,hectare,20,,7300,1,2000,cumulative,vegetation_structure,arthropods,arthropods,aboveground,,higher_level,understory invertebrates,abundance,number of specimens / plot,T,mean,SD,Fig_4b_m,20 yr vs control,16.1643836,20.0039629,20,92.3287671,116.2730343,20,shoreline,,JT
dp_399,Martin et al 2009 Biological Invasions ,Top-down and bottom-up consequences of unchecked ungulate browsing on plant and animal diversity in temperate forests: lessons from a deer introduction,https://doi.org/10.1007/s10530-009-9628-8,Wild Non-Native,"Haida Gwaii, comparing different duration of deer exposure to controls. ",long and short deer presence share the same control ,long and short deer presence share the same control ,,,inside vs outside exclosure,with_introduction,8,2,80000,2,78.5,"5 in interior, 10 at shoreline",,,,North America,52.906507,-131.611369,poor (one island of the experiment which is across 80 km archipelago),Haida Gwaii,Odocoileus hemionus,,,,0.29 Odocoileus hemionus,0,individuals,hectare,20,,7300,1,2000,cumulative,vegetation_structure,arthropods,arthropods,aboveground,,higher_level,understory invertebrates,abundance,number of specimens / plot,T,mean,SD,Fig_4b_m,20 yr vs control,28.2191781,14.1449378,10,40.8219178,22.9855239,10,interior ,,JT
dp_400,Martin et al 2009 Biological Invasions ,Top-down and bottom-up consequences of unchecked ungulate browsing on plant and animal diversity in temperate forests: lessons from a deer introduction,https://doi.org/10.1007/s10530-009-9628-8,Wild Non-Native,"Haida Gwaii, comparing different duration of deer exposure to controls. ",long and short deer presence share the same control ,long and short deer presence share the same control ,,,inside vs outside exclosure,with_introduction,8,2,80000,2,78.5,"5 in interior, 10 at shoreline",,,,North America,52.906507,-131.611369,poor (one island of the experiment which is across 80 km archipelago),Haida Gwaii,Odocoileus hemionus,,,,0.29 Odocoileus hemionus,0,individuals,hectare,50,,18250,1,2000,cumulative,vegetation_structure,arthropods,arthropods,aboveground,,higher_level,understory invertebrates,abundance,number of specimens / plot,T,mean,SD,Fig_4b_m,50 yr vs control,7.3972603,10.0019814,20,92.3287671,116.2730343,20,shoreline,,JT
dp_401,Martin et al 2009 Biological Invasions ,Top-down and bottom-up consequences of unchecked ungulate browsing on plant and animal diversity in temperate forests: lessons from a deer introduction,https://doi.org/10.1007/s10530-009-9628-8,Wild Non-Native,"Haida Gwaii, comparing different duration of deer exposure to controls. ",long and short deer presence share the same control ,long and short deer presence share the same control ,,,inside vs outside exclosure,with_introduction,8,2,80000,2,78.5,"5 in interior, 10 at shoreline",,,,North America,52.906507,-131.611369,poor (one island of the experiment which is across 80 km archipelago),Haida Gwaii,Odocoileus hemionus,,,,0.29 Odocoileus hemionus,0,individuals,hectare,50,,18250,1,2000,cumulative,vegetation_structure,arthropods,arthropods,aboveground,,higher_level,understory invertebrates,abundance,number of specimens / plot,T,mean,SD,Fig_4b_m,50 yr vs control,7.9452055,6.1884103,10,40.8219178,22.9855239,10,interior ,,JT
dp_402,Martin et al 2009 Biological Invasions ,Top-down and bottom-up consequences of unchecked ungulate browsing on plant and animal diversity in temperate forests: lessons from a deer introduction,https://doi.org/10.1007/s10530-009-9628-8,Wild Non-Native,"Haida Gwaii, comparing different duration of deer exposure to controls. ",long and short deer presence share the same control ,long and short deer presence share the same control ,,,inside vs outside exclosure,with_introduction,8,2,80000,2,78.5,"5 in interior, 10 at shoreline",,,,North America,52.906507,-131.611369,poor (one island of the experiment which is across 80 km archipelago),Haida Gwaii,Odocoileus hemionus,,,,0.29 Odocoileus hemionus,0,individuals,hectare,20,,7300,1,2000,cumulative,diversity,arthropods,arthropods,aboveground,,higher_level,understory invertebrates,shannon diversity,,T,mean,SD,Fig_4c_r,20 yr vs control,1.979638,1.1460132,20,3.0656109,0.55752,20,shoreline,,JT
dp_403,Martin et al 2009 Biological Invasions ,Top-down and bottom-up consequences of unchecked ungulate browsing on plant and animal diversity in temperate forests: lessons from a deer introduction,https://doi.org/10.1007/s10530-009-9628-8,Wild Non-Native,"Haida Gwaii, comparing different duration of deer exposure to controls. ",long and short deer presence share the same control ,long and short deer presence share the same control ,,,inside vs outside exclosure,with_introduction,8,2,80000,2,78.5,"5 in interior, 10 at shoreline",,,,North America,52.906507,-131.611369,poor (one island of the experiment which is across 80 km archipelago),Haida Gwaii,Odocoileus hemionus,,,,0.29 Odocoileus hemionus,0,individuals,hectare,20,,7300,1,2000,cumulative,diversity,arthropods,arthropods,aboveground,,higher_level,understory invertebrates,shannon diversity,,T,mean,SD,Fig_4c_r,20 yr vs control,2.3597285,0.3504232,10,2.7941176,0.3504232,10,interior ,,JT
dp_404,Martin et al 2009 Biological Invasions ,Top-down and bottom-up consequences of unchecked ungulate browsing on plant and animal diversity in temperate forests: lessons from a deer introduction,https://doi.org/10.1007/s10530-009-9628-8,Wild Non-Native,"Haida Gwaii, comparing different duration of deer exposure to controls. ",long and short deer presence share the same control ,long and short deer presence share the same control ,,,inside vs outside exclosure,with_introduction,8,2,80000,2,78.5,"5 in interior, 10 at shoreline",,,,North America,52.906507,-131.611369,poor (one island of the experiment which is across 80 km archipelago),Haida Gwaii,Odocoileus hemionus,,,,0.29 Odocoileus hemionus,0,individuals,hectare,50,,18250,1,2000,cumulative,diversity,arthropods,arthropods,aboveground,,higher_level,understory invertebrates,shannon diversity,,T,mean,SD,Fig_4c_r,50 yr vs control,1.5452489,1.1150399,20,3.0656109,0.55752,20,shoreline,,JT
dp_405,Martin et al 2009 Biological Invasions ,Top-down and bottom-up consequences of unchecked ungulate browsing on plant and animal diversity in temperate forests: lessons from a deer introduction,https://doi.org/10.1007/s10530-009-9628-8,Wild Non-Native,"Haida Gwaii, comparing different duration of deer exposure to controls. ",long and short deer presence share the same control ,long and short deer presence share the same control ,,,inside vs outside exclosure,with_introduction,8,2,80000,2,78.5,"5 in interior, 10 at shoreline",,,,North America,52.906507,-131.611369,poor (one island of the experiment which is across 80 km archipelago),Haida Gwaii,Odocoileus hemionus,,,,0.29 Odocoileus hemionus,0,individuals,hectare,50,,18250,1,2000,cumulative,diversity,arthropods,arthropods,aboveground,,higher_level,understory invertebrates,shannon diversity,,T,mean,SD,Fig_4c_r,50 yr vs control,0.8936652,0.6570436,10,2.7941176,0.3504232,10,interior ,,JT
dp_406,Martin et al 2009 Biological Invasions ,Top-down and bottom-up consequences of unchecked ungulate browsing on plant and animal diversity in temperate forests: lessons from a deer introduction,https://doi.org/10.1007/s10530-009-9628-8,Wild Non-Native,"Haida Gwaii, comparing different duration of deer exposure to controls. ",long and short deer presence share the same control ,long and short deer presence share the same control ,,,inside vs outside exclosure,with_introduction,8,2,80000,2,78.5,"5 in interior, 10 at shoreline",,,,North America,52.906507,-131.611369,poor (one island of the experiment which is across 80 km archipelago),Haida Gwaii,Odocoileus hemionus,,,,0.29 Odocoileus hemionus,0,individuals,hectare,20,,7300,1,2000,cumulative,diversity,arthropods,arthropods,aboveground,,higher_level,litter invertebrates,species richness,species density per plot,T,mean,SD,Fig_4c_l,20 yr vs control,18.6111111,3.4359593,10,18.8888889,2.9877907,10,interior ,,JT
dp_407,Martin et al 2009 Biological Invasions ,Top-down and bottom-up consequences of unchecked ungulate browsing on plant and animal diversity in temperate forests: lessons from a deer introduction,https://doi.org/10.1007/s10530-009-9628-8,Wild Non-Native,"Haida Gwaii, comparing different duration of deer exposure to controls. ",long and short deer presence share the same control ,long and short deer presence share the same control ,,,inside vs outside exclosure,with_introduction,8,2,80000,2,78.5,"5 in interior, 10 at shoreline",,,,North America,52.906507,-131.611369,poor (one island of the experiment which is across 80 km archipelago),Haida Gwaii,Odocoileus hemionus,,,,0.29 Odocoileus hemionus,0,individuals,hectare,50,,18250,1,2000,cumulative,diversity,arthropods,arthropods,aboveground,,higher_level,litter invertebrates,species richness,species density per plot,T,mean,SD,Fig_4c_l,50 yr vs control,23.6111111,3.1371802,10,18.8888889,2.9877907,10,interior ,,JT
dp_408,Martin et al 2009 Biological Invasions ,Top-down and bottom-up consequences of unchecked ungulate browsing on plant and animal diversity in temperate forests: lessons from a deer introduction,https://doi.org/10.1007/s10530-009-9628-8,Wild Non-Native,"Haida Gwaii, comparing different duration of deer exposure to controls. ",long and short deer presence share the same control ,long and short deer presence share the same control ,,,inside vs outside exclosure,with_introduction,8,2,80000,2,78.5,"5 in interior, 10 at shoreline",,,,North America,52.906507,-131.611369,poor (one island of the experiment which is across 80 km archipelago),Haida Gwaii,Odocoileus hemionus,,,,0.29 Odocoileus hemionus,0,individuals,hectare,20,,7300,1,2000,cumulative,vegetation_structure,arthropods,arthropods,aboveground,,higher_level,litter invertebrates,abundance,number of specimens / plot,T,mean,SD,Fig_4c_m,20 yr vs control,600,459.5765307,10,836.3636364,440.0200826,10,interior ,,JT
dp_409,Martin et al 2009 Biological Invasions ,Top-down and bottom-up consequences of unchecked ungulate browsing on plant and animal diversity in temperate forests: lessons from a deer introduction,https://doi.org/10.1007/s10530-009-9628-8,Wild Non-Native,"Haida Gwaii, comparing different duration of deer exposure to controls. ",long and short deer presence share the same control ,long and short deer presence share the same control ,,,inside vs outside exclosure,with_introduction,8,2,80000,2,78.5,"5 in interior, 10 at shoreline",,,,North America,52.906507,-131.611369,poor (one island of the experiment which is across 80 km archipelago),Haida Gwaii,Odocoileus hemionus,,,,0.29 Odocoileus hemionus,0,individuals,hectare,50,,18250,1,2000,cumulative,vegetation_structure,arthropods,arthropods,aboveground,,higher_level,litter invertebrates,abundance,number of specimens / plot,T,mean,SD,Fig_4c_m,50 yr vs control,1212.121212,449.7983066,10,836.3636364,440.0200826,10,interior ,,JT
dp_410,Martin et al 2009 Biological Invasions ,Top-down and bottom-up consequences of unchecked ungulate browsing on plant and animal diversity in temperate forests: lessons from a deer introduction,https://doi.org/10.1007/s10530-009-9628-8,Wild Non-Native,"Haida Gwaii, comparing different duration of deer exposure to controls. ",long and short deer presence share the same control ,long and short deer presence share the same control ,,,inside vs outside exclosure,with_introduction,8,2,80000,2,78.5,"5 in interior, 10 at shoreline",,,,North America,52.906507,-131.611369,poor (one island of the experiment which is across 80 km archipelago),Haida Gwaii,Odocoileus hemionus,,,,0.29 Odocoileus hemionus,0,individuals,hectare,20,,7300,1,2000,cumulative,diversity,arthropods,arthropods,aboveground,,higher_level,litter invertebrates,shannon diversity,,T,mean,SD,Fig_4c_r,20 yr vs control,1.8248731,0.3316903,10,1.5888325,0.3316903,10,interior ,,JT
dp_411,Martin et al 2009 Biological Invasions ,Top-down and bottom-up consequences of unchecked ungulate browsing on plant and animal diversity in temperate forests: lessons from a deer introduction,https://doi.org/10.1007/s10530-009-9628-8,Wild Non-Native,"Haida Gwaii, comparing different duration of deer exposure to controls. ",long and short deer presence share the same control ,long and short deer presence share the same control ,,,inside vs outside exclosure,with_introduction,8,2,80000,2,78.5,"5 in interior, 10 at shoreline",,,,North America,52.906507,-131.611369,poor (one island of the experiment which is across 80 km archipelago),Haida Gwaii,Odocoileus hemionus,,,,0.29 Odocoileus hemionus,0,individuals,hectare,50,,18250,1,2000,cumulative,diversity,arthropods,arthropods,aboveground,,higher_level,litter invertebrates,shannon diversity,,T,mean,SD,Fig_4c_r,50 yr vs control,1.7791878,0.3316903,10,1.5888325,0.3316903,10,interior ,,JT
dp_412,Plassmann et al 2010 Applied Vegetation Science ,Effects of long-term grazing management on sand dune vegetation of high conservation interest,https://doi.org/10.1111/j.1654-109X.2009.01052.x,Semi-Domestic,Dunes in which they introduced grazing in the 80s and then slowly expanded. Some former control plots were suddenly grazed and then replaced by new control plots... But in principle they compare grazed vs ungrazed... ,,"a bit chaotic, had to take some decisions re sample size. Looks like overall 85 grazed surveys, 94 ungrazed surveys across years. 39 locations in total, 21 in dune slacks (54%), 18 in dry dune. Splitted the number of surveys accordingly, but not sure if thats true? Overall, interesting paper, not very meta-analysis friendly.","In the past few centuries, activities such as marram grass cutting, low-intensity grazing with domestic livestock and the usage of the site as an extensive rabbit warren helped maintain the system in a physically mobile state, with landward movement of dunes and the creation of new dune slacks and blow-outs occurring (Rhind et al. 2001). Up until the 1940s much of the system remained highly mobile (Rhind et al. 2001). However, after the Second World War, the dunes were left rather unmanaged with little or no stocking (Hurford & Perry 2001). The afforestation of approximately half of the site with conifers between the 1940s and 1960s, the cessation of stock grazing, an increased deposition of atmospheric N, the decline of the marram weaving industry and decline of rabbit populations because of an outbreak of myxomatosis, which first reached Newborough Warren in 1954 (Rhind et al. 2001; Jones et al. 2008) may all have contributed to the increased stabilization of the dunes and succession towards more mature vegetation. As a consequence, the previously short swards changed to tall grass and tall herb communities, low-growing species and areas of bare sand were lost, and shrubs invaded the grasslands (Ranwell 1960; Hope-Jones 1964; Hodgkin 1984). Today, the dominant vegetation types are semi-fixed and fixed dune grasslands and mature slacks (Rhind et al. 2001). ",,inside vs outside enclosure,with_introduction,1300,1,12000000,1,4,"very confusing, 18 in dune habitats and 21 in dune slacks ",,,plot,Europe,53.14493902,-4.389682844,okish,Newborough Warren,Bos primigenius taurus; Equus ferus caballus,,"all over the place. Some in some enclosures, then new ones added etc ",,NA Bos primigenius taurus; 0.28 Equus ferus caballus,0,individuals,hectare,3,,1095,1,1993,cumulative,diversity,vegetation,plants,aboveground,,higher_level,all plants,species richness,,T,mean,SE,Fig_1a,total,28.4884,9.1499,43,17.5581,7.9878,39,dry dunes,,JT
dp_413,Plassmann et al 2010 Applied Vegetation Science ,Effects of long-term grazing management on sand dune vegetation of high conservation interest,https://doi.org/10.1111/j.1654-109X.2009.01052.x,Semi-Domestic,Dunes in which they introduced grazing in the 80s and then slowly expanded. Some former control plots were suddenly grazed and then replaced by new control plots... But in principle they compare grazed vs ungrazed... ,,"a bit chaotic, had to take some decisions re sample size. Looks like overall 85 grazed surveys, 94 ungrazed surveys across years. 39 locations in total, 21 in dune slacks (54%), 18 in dry dune. Splitted the number of surveys accordingly, but not sure if thats true? Overall, interesting paper, not very meta-analysis friendly.","In the past few centuries, activities such as marram grass cutting, low-intensity grazing with domestic livestock and the usage of the site as an extensive rabbit warren helped maintain the system in a physically mobile state, with landward movement of dunes and the creation of new dune slacks and blow-outs occurring (Rhind et al. 2001). Up until the 1940s much of the system remained highly mobile (Rhind et al. 2001). However, after the Second World War, the dunes were left rather unmanaged with little or no stocking (Hurford & Perry 2001). The afforestation of approximately half of the site with conifers between the 1940s and 1960s, the cessation of stock grazing, an increased deposition of atmospheric N, the decline of the marram weaving industry and decline of rabbit populations because of an outbreak of myxomatosis, which first reached Newborough Warren in 1954 (Rhind et al. 2001; Jones et al. 2008) may all have contributed to the increased stabilization of the dunes and succession towards more mature vegetation. As a consequence, the previously short swards changed to tall grass and tall herb communities, low-growing species and areas of bare sand were lost, and shrubs invaded the grasslands (Ranwell 1960; Hope-Jones 1964; Hodgkin 1984). Today, the dominant vegetation types are semi-fixed and fixed dune grasslands and mature slacks (Rhind et al. 2001). ",,inside vs outside enclosure,with_introduction,1300,1,12000000,1,4,"very confusing, 18 in dune habitats and 21 in dune slacks ",,,plot,Europe,53.14493902,-4.389682844,okish,Newborough Warren,Bos primigenius taurus; Equus ferus caballus,,"all over the place. Some in some enclosures, then new ones added etc ",,NA Bos primigenius taurus; 0.28 Equus ferus caballus,0,individuals,hectare,3,,1095,1,1993,cumulative,diversity,vegetation,plants,aboveground,,higher_level,perennials,species richness,,T,mean,SE,Fig_1a,perennials,20.6977,7.6249,43,12.2093,7.2616,39,dry dunes,,JT
dp_414,Plassmann et al 2010 Applied Vegetation Science ,Effects of long-term grazing management on sand dune vegetation of high conservation interest,https://doi.org/10.1111/j.1654-109X.2009.01052.x,Semi-Domestic,Dunes in which they introduced grazing in the 80s and then slowly expanded. Some former control plots were suddenly grazed and then replaced by new control plots... But in principle they compare grazed vs ungrazed... ,,"a bit chaotic, had to take some decisions re sample size. Looks like overall 85 grazed surveys, 94 ungrazed surveys across years. 39 locations in total, 21 in dune slacks (54%), 18 in dry dune. Splitted the number of surveys accordingly, but not sure if thats true? Overall, interesting paper, not very meta-analysis friendly.","In the past few centuries, activities such as marram grass cutting, low-intensity grazing with domestic livestock and the usage of the site as an extensive rabbit warren helped maintain the system in a physically mobile state, with landward movement of dunes and the creation of new dune slacks and blow-outs occurring (Rhind et al. 2001). Up until the 1940s much of the system remained highly mobile (Rhind et al. 2001). However, after the Second World War, the dunes were left rather unmanaged with little or no stocking (Hurford & Perry 2001). The afforestation of approximately half of the site with conifers between the 1940s and 1960s, the cessation of stock grazing, an increased deposition of atmospheric N, the decline of the marram weaving industry and decline of rabbit populations because of an outbreak of myxomatosis, which first reached Newborough Warren in 1954 (Rhind et al. 2001; Jones et al. 2008) may all have contributed to the increased stabilization of the dunes and succession towards more mature vegetation. As a consequence, the previously short swards changed to tall grass and tall herb communities, low-growing species and areas of bare sand were lost, and shrubs invaded the grasslands (Ranwell 1960; Hope-Jones 1964; Hodgkin 1984). Today, the dominant vegetation types are semi-fixed and fixed dune grasslands and mature slacks (Rhind et al. 2001). ",,inside vs outside enclosure,with_introduction,1300,1,12000000,1,4,"very confusing, 18 in dune habitats and 21 in dune slacks ",,,plot,Europe,53.14493902,-4.389682844,okish,Newborough Warren,Bos primigenius taurus; Equus ferus caballus,,"all over the place. Some in some enclosures, then new ones added etc ",,NA Bos primigenius taurus; 0.28 Equus ferus caballus,0,individuals,hectare,3,,1095,1,1993,cumulative,diversity,vegetation,plants,aboveground,,higher_level,graminoids,species richness,,T,mean,SE,Fig_1a,graminoids,6.3953,3.8125,43,4.4186,3.6308,39,dry dunes,,JT
dp_415,Plassmann et al 2010 Applied Vegetation Science ,Effects of long-term grazing management on sand dune vegetation of high conservation interest,https://doi.org/10.1111/j.1654-109X.2009.01052.x,Semi-Domestic,Dunes in which they introduced grazing in the 80s and then slowly expanded. Some former control plots were suddenly grazed and then replaced by new control plots... But in principle they compare grazed vs ungrazed... ,,"a bit chaotic, had to take some decisions re sample size. Looks like overall 85 grazed surveys, 94 ungrazed surveys across years. 39 locations in total, 21 in dune slacks (54%), 18 in dry dune. Splitted the number of surveys accordingly, but not sure if thats true? Overall, interesting paper, not very meta-analysis friendly.","In the past few centuries, activities such as marram grass cutting, low-intensity grazing with domestic livestock and the usage of the site as an extensive rabbit warren helped maintain the system in a physically mobile state, with landward movement of dunes and the creation of new dune slacks and blow-outs occurring (Rhind et al. 2001). Up until the 1940s much of the system remained highly mobile (Rhind et al. 2001). However, after the Second World War, the dunes were left rather unmanaged with little or no stocking (Hurford & Perry 2001). The afforestation of approximately half of the site with conifers between the 1940s and 1960s, the cessation of stock grazing, an increased deposition of atmospheric N, the decline of the marram weaving industry and decline of rabbit populations because of an outbreak of myxomatosis, which first reached Newborough Warren in 1954 (Rhind et al. 2001; Jones et al. 2008) may all have contributed to the increased stabilization of the dunes and succession towards more mature vegetation. As a consequence, the previously short swards changed to tall grass and tall herb communities, low-growing species and areas of bare sand were lost, and shrubs invaded the grasslands (Ranwell 1960; Hope-Jones 1964; Hodgkin 1984). Today, the dominant vegetation types are semi-fixed and fixed dune grasslands and mature slacks (Rhind et al. 2001). ",,inside vs outside enclosure,with_introduction,1300,1,12000000,1,4,"very confusing, 18 in dune habitats and 21 in dune slacks ",,,plot,Europe,53.14493902,-4.389682844,okish,Newborough Warren,Bos primigenius taurus; Equus ferus caballus,,"all over the place. Some in some enclosures, then new ones added etc ",,NA Bos primigenius taurus; 0.28 Equus ferus caballus,0,individuals,hectare,3,,1095,1,1993,cumulative,diversity,vegetation,plants,aboveground,,higher_level,annuals and biennials,species richness,,T,mean,SE,Fig_1a,annuals and biennials,3.7209,6.8624,43,2.2093,5.8093,39,dry dunes,,JT
dp_416,Plassmann et al 2010 Applied Vegetation Science ,Effects of long-term grazing management on sand dune vegetation of high conservation interest,https://doi.org/10.1111/j.1654-109X.2009.01052.x,Semi-Domestic,Dunes in which they introduced grazing in the 80s and then slowly expanded. Some former control plots were suddenly grazed and then replaced by new control plots... But in principle they compare grazed vs ungrazed... ,,"a bit chaotic, had to take some decisions re sample size. Looks like overall 85 grazed surveys, 94 ungrazed surveys across years. 39 locations in total, 21 in dune slacks (54%), 18 in dry dune. Splitted the number of surveys accordingly, but not sure if thats true? Overall, interesting paper, not very meta-analysis friendly.","In the past few centuries, activities such as marram grass cutting, low-intensity grazing with domestic livestock and the usage of the site as an extensive rabbit warren helped maintain the system in a physically mobile state, with landward movement of dunes and the creation of new dune slacks and blow-outs occurring (Rhind et al. 2001). Up until the 1940s much of the system remained highly mobile (Rhind et al. 2001). However, after the Second World War, the dunes were left rather unmanaged with little or no stocking (Hurford & Perry 2001). The afforestation of approximately half of the site with conifers between the 1940s and 1960s, the cessation of stock grazing, an increased deposition of atmospheric N, the decline of the marram weaving industry and decline of rabbit populations because of an outbreak of myxomatosis, which first reached Newborough Warren in 1954 (Rhind et al. 2001; Jones et al. 2008) may all have contributed to the increased stabilization of the dunes and succession towards more mature vegetation. As a consequence, the previously short swards changed to tall grass and tall herb communities, low-growing species and areas of bare sand were lost, and shrubs invaded the grasslands (Ranwell 1960; Hope-Jones 1964; Hodgkin 1984). Today, the dominant vegetation types are semi-fixed and fixed dune grasslands and mature slacks (Rhind et al. 2001). ",,inside vs outside enclosure,with_introduction,1300,1,12000000,1,4,"very confusing, 18 in dune habitats and 21 in dune slacks ",,,plot,Europe,53.14493902,-4.389682844,okish,Newborough Warren,Bos primigenius taurus; Equus ferus caballus,,"all over the place. Some in some enclosures, then new ones added etc ",,NA Bos primigenius taurus; 0.28 Equus ferus caballus,0,individuals,hectare,3,,1095,1,1993,cumulative,diversity,vegetation,plants,aboveground,,higher_level,bryophytes,species richness,,T,mean,SE,Fig_1a,bryophytes,2.4419,2.2875,43,1.9767,2.1785,39,dry dunes,,JT
dp_417,Plassmann et al 2010 Applied Vegetation Science ,Effects of long-term grazing management on sand dune vegetation of high conservation interest,https://doi.org/10.1111/j.1654-109X.2009.01052.x,Semi-Domestic,Dunes in which they introduced grazing in the 80s and then slowly expanded. Some former control plots were suddenly grazed and then replaced by new control plots... But in principle they compare grazed vs ungrazed... ,,"a bit chaotic, had to take some decisions re sample size. Looks like overall 85 grazed surveys, 94 ungrazed surveys across years. 39 locations in total, 21 in dune slacks (54%), 18 in dry dune. Splitted the number of surveys accordingly, but not sure if thats true? Overall, interesting paper, not very meta-analysis friendly.","In the past few centuries, activities such as marram grass cutting, low-intensity grazing with domestic livestock and the usage of the site as an extensive rabbit warren helped maintain the system in a physically mobile state, with landward movement of dunes and the creation of new dune slacks and blow-outs occurring (Rhind et al. 2001). Up until the 1940s much of the system remained highly mobile (Rhind et al. 2001). However, after the Second World War, the dunes were left rather unmanaged with little or no stocking (Hurford & Perry 2001). The afforestation of approximately half of the site with conifers between the 1940s and 1960s, the cessation of stock grazing, an increased deposition of atmospheric N, the decline of the marram weaving industry and decline of rabbit populations because of an outbreak of myxomatosis, which first reached Newborough Warren in 1954 (Rhind et al. 2001; Jones et al. 2008) may all have contributed to the increased stabilization of the dunes and succession towards more mature vegetation. As a consequence, the previously short swards changed to tall grass and tall herb communities, low-growing species and areas of bare sand were lost, and shrubs invaded the grasslands (Ranwell 1960; Hope-Jones 1964; Hodgkin 1984). Today, the dominant vegetation types are semi-fixed and fixed dune grasslands and mature slacks (Rhind et al. 2001). ",,inside vs outside enclosure,with_introduction,1300,1,12000000,1,4,"very confusing, 18 in dune habitats and 21 in dune slacks ",,,plot,Europe,53.14493902,-4.389682844,okish,Newborough Warren,Bos primigenius taurus; Equus ferus caballus,,"all over the place. Some in some enclosures, then new ones added etc ",,NA Bos primigenius taurus; 0.28 Equus ferus caballus,0,individuals,hectare,3,,1095,1,1993,cumulative,diversity,vegetation,plants,aboveground,,higher_level,all plants,species richness,,T,mean,SE,Fig_1b,total,26.6602,8.2719,51,19.9421,7.856,46,dune slacks,,JT
dp_418,Plassmann et al 2010 Applied Vegetation Science ,Effects of long-term grazing management on sand dune vegetation of high conservation interest,https://doi.org/10.1111/j.1654-109X.2009.01052.x,Semi-Domestic,Dunes in which they introduced grazing in the 80s and then slowly expanded. Some former control plots were suddenly grazed and then replaced by new control plots... But in principle they compare grazed vs ungrazed... ,,"a bit chaotic, had to take some decisions re sample size. Looks like overall 85 grazed surveys, 94 ungrazed surveys across years. 39 locations in total, 21 in dune slacks (54%), 18 in dry dune. Splitted the number of surveys accordingly, but not sure if thats true? Overall, interesting paper, not very meta-analysis friendly.","In the past few centuries, activities such as marram grass cutting, low-intensity grazing with domestic livestock and the usage of the site as an extensive rabbit warren helped maintain the system in a physically mobile state, with landward movement of dunes and the creation of new dune slacks and blow-outs occurring (Rhind et al. 2001). Up until the 1940s much of the system remained highly mobile (Rhind et al. 2001). However, after the Second World War, the dunes were left rather unmanaged with little or no stocking (Hurford & Perry 2001). The afforestation of approximately half of the site with conifers between the 1940s and 1960s, the cessation of stock grazing, an increased deposition of atmospheric N, the decline of the marram weaving industry and decline of rabbit populations because of an outbreak of myxomatosis, which first reached Newborough Warren in 1954 (Rhind et al. 2001; Jones et al. 2008) may all have contributed to the increased stabilization of the dunes and succession towards more mature vegetation. As a consequence, the previously short swards changed to tall grass and tall herb communities, low-growing species and areas of bare sand were lost, and shrubs invaded the grasslands (Ranwell 1960; Hope-Jones 1964; Hodgkin 1984). Today, the dominant vegetation types are semi-fixed and fixed dune grasslands and mature slacks (Rhind et al. 2001). ",,inside vs outside enclosure,with_introduction,1300,1,12000000,1,4,"very confusing, 18 in dune habitats and 21 in dune slacks ",,,plot,Europe,53.14493902,-4.389682844,okish,Newborough Warren,Bos primigenius taurus; Equus ferus caballus,,"all over the place. Some in some enclosures, then new ones added etc ",,NA Bos primigenius taurus; 0.28 Equus ferus caballus,0,individuals,hectare,3,,1095,1,1993,cumulative,diversity,vegetation,plants,aboveground,,higher_level,perennials,species richness,,T,mean,SE,Fig_1b,perennials,22.722,7.4447,51,16.5036,7.856,46,dune slacks,,JT
dp_419,Plassmann et al 2010 Applied Vegetation Science ,Effects of long-term grazing management on sand dune vegetation of high conservation interest,https://doi.org/10.1111/j.1654-109X.2009.01052.x,Semi-Domestic,Dunes in which they introduced grazing in the 80s and then slowly expanded. Some former control plots were suddenly grazed and then replaced by new control plots... But in principle they compare grazed vs ungrazed... ,,"a bit chaotic, had to take some decisions re sample size. Looks like overall 85 grazed surveys, 94 ungrazed surveys across years. 39 locations in total, 21 in dune slacks (54%), 18 in dry dune. Splitted the number of surveys accordingly, but not sure if thats true? Overall, interesting paper, not very meta-analysis friendly.","In the past few centuries, activities such as marram grass cutting, low-intensity grazing with domestic livestock and the usage of the site as an extensive rabbit warren helped maintain the system in a physically mobile state, with landward movement of dunes and the creation of new dune slacks and blow-outs occurring (Rhind et al. 2001). Up until the 1940s much of the system remained highly mobile (Rhind et al. 2001). However, after the Second World War, the dunes were left rather unmanaged with little or no stocking (Hurford & Perry 2001). The afforestation of approximately half of the site with conifers between the 1940s and 1960s, the cessation of stock grazing, an increased deposition of atmospheric N, the decline of the marram weaving industry and decline of rabbit populations because of an outbreak of myxomatosis, which first reached Newborough Warren in 1954 (Rhind et al. 2001; Jones et al. 2008) may all have contributed to the increased stabilization of the dunes and succession towards more mature vegetation. As a consequence, the previously short swards changed to tall grass and tall herb communities, low-growing species and areas of bare sand were lost, and shrubs invaded the grasslands (Ranwell 1960; Hope-Jones 1964; Hodgkin 1984). Today, the dominant vegetation types are semi-fixed and fixed dune grasslands and mature slacks (Rhind et al. 2001). ",,inside vs outside enclosure,with_introduction,1300,1,12000000,1,4,"very confusing, 18 in dune habitats and 21 in dune slacks ",,,plot,Europe,53.14493902,-4.389682844,okish,Newborough Warren,Bos primigenius taurus; Equus ferus caballus,,"all over the place. Some in some enclosures, then new ones added etc ",,NA Bos primigenius taurus; 0.28 Equus ferus caballus,0,individuals,hectare,3,,1095,1,1993,cumulative,diversity,vegetation,plants,aboveground,,higher_level,graminoids,species richness,,T,mean,SE,Fig_1b,graminoids,7.6641,4.136,51,5.3475,4.7136,46,dune slacks,,JT
dp_420,Plassmann et al 2010 Applied Vegetation Science ,Effects of long-term grazing management on sand dune vegetation of high conservation interest,https://doi.org/10.1111/j.1654-109X.2009.01052.x,Semi-Domestic,Dunes in which they introduced grazing in the 80s and then slowly expanded. Some former control plots were suddenly grazed and then replaced by new control plots... But in principle they compare grazed vs ungrazed... ,,"a bit chaotic, had to take some decisions re sample size. Looks like overall 85 grazed surveys, 94 ungrazed surveys across years. 39 locations in total, 21 in dune slacks (54%), 18 in dry dune. Splitted the number of surveys accordingly, but not sure if thats true? Overall, interesting paper, not very meta-analysis friendly.","In the past few centuries, activities such as marram grass cutting, low-intensity grazing with domestic livestock and the usage of the site as an extensive rabbit warren helped maintain the system in a physically mobile state, with landward movement of dunes and the creation of new dune slacks and blow-outs occurring (Rhind et al. 2001). Up until the 1940s much of the system remained highly mobile (Rhind et al. 2001). However, after the Second World War, the dunes were left rather unmanaged with little or no stocking (Hurford & Perry 2001). The afforestation of approximately half of the site with conifers between the 1940s and 1960s, the cessation of stock grazing, an increased deposition of atmospheric N, the decline of the marram weaving industry and decline of rabbit populations because of an outbreak of myxomatosis, which first reached Newborough Warren in 1954 (Rhind et al. 2001; Jones et al. 2008) may all have contributed to the increased stabilization of the dunes and succession towards more mature vegetation. As a consequence, the previously short swards changed to tall grass and tall herb communities, low-growing species and areas of bare sand were lost, and shrubs invaded the grasslands (Ranwell 1960; Hope-Jones 1964; Hodgkin 1984). Today, the dominant vegetation types are semi-fixed and fixed dune grasslands and mature slacks (Rhind et al. 2001). ",,inside vs outside enclosure,with_introduction,1300,1,12000000,1,4,"very confusing, 18 in dune habitats and 21 in dune slacks ",,,plot,Europe,53.14493902,-4.389682844,okish,Newborough Warren,Bos primigenius taurus; Equus ferus caballus,,"all over the place. Some in some enclosures, then new ones added etc ",,NA Bos primigenius taurus; 0.28 Equus ferus caballus,0,individuals,hectare,3,,1095,1,1993,cumulative,diversity,vegetation,plants,aboveground,,higher_level,annuals and biennials,species richness,,T,mean,SE,Fig_1b,annuals and biennials,1.6409,2.4816,51,0.8301,1.5712,46,dune slacks,,JT
dp_421,Plassmann et al 2010 Applied Vegetation Science ,Effects of long-term grazing management on sand dune vegetation of high conservation interest,https://doi.org/10.1111/j.1654-109X.2009.01052.x,Semi-Domestic,Dunes in which they introduced grazing in the 80s and then slowly expanded. Some former control plots were suddenly grazed and then replaced by new control plots... But in principle they compare grazed vs ungrazed... ,,"a bit chaotic, had to take some decisions re sample size. Looks like overall 85 grazed surveys, 94 ungrazed surveys across years. 39 locations in total, 21 in dune slacks (54%), 18 in dry dune. Splitted the number of surveys accordingly, but not sure if thats true? Overall, interesting paper, not very meta-analysis friendly.","In the past few centuries, activities such as marram grass cutting, low-intensity grazing with domestic livestock and the usage of the site as an extensive rabbit warren helped maintain the system in a physically mobile state, with landward movement of dunes and the creation of new dune slacks and blow-outs occurring (Rhind et al. 2001). Up until the 1940s much of the system remained highly mobile (Rhind et al. 2001). However, after the Second World War, the dunes were left rather unmanaged with little or no stocking (Hurford & Perry 2001). The afforestation of approximately half of the site with conifers between the 1940s and 1960s, the cessation of stock grazing, an increased deposition of atmospheric N, the decline of the marram weaving industry and decline of rabbit populations because of an outbreak of myxomatosis, which first reached Newborough Warren in 1954 (Rhind et al. 2001; Jones et al. 2008) may all have contributed to the increased stabilization of the dunes and succession towards more mature vegetation. As a consequence, the previously short swards changed to tall grass and tall herb communities, low-growing species and areas of bare sand were lost, and shrubs invaded the grasslands (Ranwell 1960; Hope-Jones 1964; Hodgkin 1984). Today, the dominant vegetation types are semi-fixed and fixed dune grasslands and mature slacks (Rhind et al. 2001). ",,inside vs outside enclosure,with_introduction,1300,1,12000000,1,4,"very confusing, 18 in dune habitats and 21 in dune slacks ",,,plot,Europe,53.14493902,-4.389682844,okish,Newborough Warren,Bos primigenius taurus; Equus ferus caballus,,"all over the place. Some in some enclosures, then new ones added etc ",,NA Bos primigenius taurus; 0.28 Equus ferus caballus,0,individuals,hectare,3,,1095,1,1993,cumulative,diversity,vegetation,plants,aboveground,,higher_level,bryophytes,species richness,,T,mean,SE,Fig_1b,bryophytes,2.4517,2.4816,51,1.9884,2.3568,46,dune slacks,,JT
dp_422,Plassmann et al 2010 Applied Vegetation Science ,Effects of long-term grazing management on sand dune vegetation of high conservation interest,https://doi.org/10.1111/j.1654-109X.2009.01052.x,Semi-Domestic,Dunes in which they introduced grazing in the 80s and then slowly expanded. Some former control plots were suddenly grazed and then replaced by new control plots... But in principle they compare grazed vs ungrazed... ,,"a bit chaotic, had to take some decisions re sample size. Looks like overall 85 grazed surveys, 94 ungrazed surveys across years. 39 locations in total, 21 in dune slacks (54%), 18 in dry dune. Splitted the number of surveys accordingly, but not sure if thats true? Overall, interesting paper, not very meta-analysis friendly.","In the past few centuries, activities such as marram grass cutting, low-intensity grazing with domestic livestock and the usage of the site as an extensive rabbit warren helped maintain the system in a physically mobile state, with landward movement of dunes and the creation of new dune slacks and blow-outs occurring (Rhind et al. 2001). Up until the 1940s much of the system remained highly mobile (Rhind et al. 2001). However, after the Second World War, the dunes were left rather unmanaged with little or no stocking (Hurford & Perry 2001). The afforestation of approximately half of the site with conifers between the 1940s and 1960s, the cessation of stock grazing, an increased deposition of atmospheric N, the decline of the marram weaving industry and decline of rabbit populations because of an outbreak of myxomatosis, which first reached Newborough Warren in 1954 (Rhind et al. 2001; Jones et al. 2008) may all have contributed to the increased stabilization of the dunes and succession towards more mature vegetation. As a consequence, the previously short swards changed to tall grass and tall herb communities, low-growing species and areas of bare sand were lost, and shrubs invaded the grasslands (Ranwell 1960; Hope-Jones 1964; Hodgkin 1984). Today, the dominant vegetation types are semi-fixed and fixed dune grasslands and mature slacks (Rhind et al. 2001). ",,inside vs outside enclosure,with_introduction,1300,1,12000000,1,4,"very confusing, 18 in dune habitats and 21 in dune slacks ",,,plot,Europe,53.14493902,-4.389682844,okish,Newborough Warren,Bos primigenius taurus; Equus ferus caballus,,"all over the place. Some in some enclosures, then new ones added etc ",,NA Bos primigenius taurus; 0.28 Equus ferus caballus,0,individuals,hectare,3,,1095,1,1993,cumulative,diversity,vegetation,plants,aboveground,,higher_level,all plants,shannon diversity,,T,mean,SE,Fig_3a,dry,2.4793,0.4975,43,1.9828,0.4738,39,dry dunes,,JT
dp_423,Plassmann et al 2010 Applied Vegetation Science ,Effects of long-term grazing management on sand dune vegetation of high conservation interest,https://doi.org/10.1111/j.1654-109X.2009.01052.x,Semi-Domestic,Dunes in which they introduced grazing in the 80s and then slowly expanded. Some former control plots were suddenly grazed and then replaced by new control plots... But in principle they compare grazed vs ungrazed... ,,"a bit chaotic, had to take some decisions re sample size. Looks like overall 85 grazed surveys, 94 ungrazed surveys across years. 39 locations in total, 21 in dune slacks (54%), 18 in dry dune. Splitted the number of surveys accordingly, but not sure if thats true? Overall, interesting paper, not very meta-analysis friendly.","In the past few centuries, activities such as marram grass cutting, low-intensity grazing with domestic livestock and the usage of the site as an extensive rabbit warren helped maintain the system in a physically mobile state, with landward movement of dunes and the creation of new dune slacks and blow-outs occurring (Rhind et al. 2001). Up until the 1940s much of the system remained highly mobile (Rhind et al. 2001). However, after the Second World War, the dunes were left rather unmanaged with little or no stocking (Hurford & Perry 2001). The afforestation of approximately half of the site with conifers between the 1940s and 1960s, the cessation of stock grazing, an increased deposition of atmospheric N, the decline of the marram weaving industry and decline of rabbit populations because of an outbreak of myxomatosis, which first reached Newborough Warren in 1954 (Rhind et al. 2001; Jones et al. 2008) may all have contributed to the increased stabilization of the dunes and succession towards more mature vegetation. As a consequence, the previously short swards changed to tall grass and tall herb communities, low-growing species and areas of bare sand were lost, and shrubs invaded the grasslands (Ranwell 1960; Hope-Jones 1964; Hodgkin 1984). Today, the dominant vegetation types are semi-fixed and fixed dune grasslands and mature slacks (Rhind et al. 2001). ",,inside vs outside enclosure,with_introduction,1300,1,12000000,1,4,"very confusing, 18 in dune habitats and 21 in dune slacks ",,,plot,Europe,53.14493902,-4.389682844,okish,Newborough Warren,Bos primigenius taurus; Equus ferus caballus,,"all over the place. Some in some enclosures, then new ones added etc ",,NA Bos primigenius taurus; 0.28 Equus ferus caballus,0,individuals,hectare,3,,1095,1,1993,cumulative,diversity,vegetation,plants,aboveground,,higher_level,all plants,shannon diversity ,,T,mean,SE,Fig_3a,wet,2.4103,0.4925,51,2.0517,0.421,46,dune slacks,,JT
dp_424,Plassmann et al 2010 Applied Vegetation Science ,Effects of long-term grazing management on sand dune vegetation of high conservation interest,https://doi.org/10.1111/j.1654-109X.2009.01052.x,Semi-Domestic,Dunes in which they introduced grazing in the 80s and then slowly expanded. Some former control plots were suddenly grazed and then replaced by new control plots... But in principle they compare grazed vs ungrazed... ,,"a bit chaotic, had to take some decisions re sample size. Looks like overall 85 grazed surveys, 94 ungrazed surveys across years. 39 locations in total, 21 in dune slacks (54%), 18 in dry dune. Splitted the number of surveys accordingly, but not sure if thats true? Overall, interesting paper, not very meta-analysis friendly.","In the past few centuries, activities such as marram grass cutting, low-intensity grazing with domestic livestock and the usage of the site as an extensive rabbit warren helped maintain the system in a physically mobile state, with landward movement of dunes and the creation of new dune slacks and blow-outs occurring (Rhind et al. 2001). Up until the 1940s much of the system remained highly mobile (Rhind et al. 2001). However, after the Second World War, the dunes were left rather unmanaged with little or no stocking (Hurford & Perry 2001). The afforestation of approximately half of the site with conifers between the 1940s and 1960s, the cessation of stock grazing, an increased deposition of atmospheric N, the decline of the marram weaving industry and decline of rabbit populations because of an outbreak of myxomatosis, which first reached Newborough Warren in 1954 (Rhind et al. 2001; Jones et al. 2008) may all have contributed to the increased stabilization of the dunes and succession towards more mature vegetation. As a consequence, the previously short swards changed to tall grass and tall herb communities, low-growing species and areas of bare sand were lost, and shrubs invaded the grasslands (Ranwell 1960; Hope-Jones 1964; Hodgkin 1984). Today, the dominant vegetation types are semi-fixed and fixed dune grasslands and mature slacks (Rhind et al. 2001). ",,inside vs outside enclosure,with_introduction,1300,1,12000000,1,4,"very confusing, 18 in dune habitats and 21 in dune slacks ",,,plot,Europe,53.14493902,-4.389682844,okish,Newborough Warren,Bos primigenius taurus; Equus ferus caballus,,"all over the place. Some in some enclosures, then new ones added etc ",,NA Bos primigenius taurus; 0.28 Equus ferus caballus,0,individuals,hectare,3,,1095,1,1993,cumulative,diversity,vegetation,plants,aboveground,,higher_level,all plants,evenness,,T,mean,SE,Fig_3b,dry,0.7625,0.0799,43,0.702,0.1015,39,dry dunes,,JT
dp_425,Plassmann et al 2010 Applied Vegetation Science ,Effects of long-term grazing management on sand dune vegetation of high conservation interest,https://doi.org/10.1111/j.1654-109X.2009.01052.x,Semi-Domestic,Dunes in which they introduced grazing in the 80s and then slowly expanded. Some former control plots were suddenly grazed and then replaced by new control plots... But in principle they compare grazed vs ungrazed... ,,"a bit chaotic, had to take some decisions re sample size. Looks like overall 85 grazed surveys, 94 ungrazed surveys across years. 39 locations in total, 21 in dune slacks (54%), 18 in dry dune. Splitted the number of surveys accordingly, but not sure if thats true? Overall, interesting paper, not very meta-analysis friendly.","In the past few centuries, activities such as marram grass cutting, low-intensity grazing with domestic livestock and the usage of the site as an extensive rabbit warren helped maintain the system in a physically mobile state, with landward movement of dunes and the creation of new dune slacks and blow-outs occurring (Rhind et al. 2001). Up until the 1940s much of the system remained highly mobile (Rhind et al. 2001). However, after the Second World War, the dunes were left rather unmanaged with little or no stocking (Hurford & Perry 2001). The afforestation of approximately half of the site with conifers between the 1940s and 1960s, the cessation of stock grazing, an increased deposition of atmospheric N, the decline of the marram weaving industry and decline of rabbit populations because of an outbreak of myxomatosis, which first reached Newborough Warren in 1954 (Rhind et al. 2001; Jones et al. 2008) may all have contributed to the increased stabilization of the dunes and succession towards more mature vegetation. As a consequence, the previously short swards changed to tall grass and tall herb communities, low-growing species and areas of bare sand were lost, and shrubs invaded the grasslands (Ranwell 1960; Hope-Jones 1964; Hodgkin 1984). Today, the dominant vegetation types are semi-fixed and fixed dune grasslands and mature slacks (Rhind et al. 2001). ",,inside vs outside enclosure,with_introduction,1300,1,12000000,1,4,"very confusing, 18 in dune habitats and 21 in dune slacks ",,,plot,Europe,53.14493902,-4.389682844,okish,Newborough Warren,Bos primigenius taurus; Equus ferus caballus,,"all over the place. Some in some enclosures, then new ones added etc ",,NA Bos primigenius taurus; 0.28 Equus ferus caballus,0,individuals,hectare,3,,1095,1,1993,cumulative,diversity,vegetation,plants,aboveground,,higher_level,all plants,evenness,,T,mean,SE,Fig_3b,wet,0.7621,0.058,51,0.7138,0.074,46,dune slacks,,JT
dp_426,Kohyani et al 2008 Biological Conservation,Grazing as a management tool in dune grasslands: Evidence of soil and scale dependence of the effect of large herbivores on plant diversity,Grazing as a management tool in dune grasslands: Evidence of soil and scale dependence of the effect of large herbivores on plant diversity,Semi-Domestic,"In the late 1990s, different large herbivore species were introduced in several dune reserves along the Belgian and north-western French coast as a nature conservation tool. Study compares a lot of reserves inside vs outside",,essentially only compared 64m2 inside and outside,,,inside vs outside exclosure,with_introduction,75,1,64,1,0.0625,10,,,,Europe ,51.05908861,2.545388604,,Ghyvelde1,Equus ferus caballus,,,,0.173 Equus ferus caballus,0,individuals,hectare,11,,4015,1,2006,cumulative,diversity,vegetation,plants,aboveground,,higher_level,all plants,species richness,,T,mean,SD,,,4.8,0.99,10,3.2,0.46,10,,,JT
dp_427,Kohyani et al 2008 Biological Conservation,Grazing as a management tool in dune grasslands: Evidence of soil and scale dependence of the effect of large herbivores on plant diversity,Grazing as a management tool in dune grasslands: Evidence of soil and scale dependence of the effect of large herbivores on plant diversity,Semi-Domestic,"In the late 1990s, different large herbivore species were introduced in several dune reserves along the Belgian and north-western French coast as a nature conservation tool. Study compares a lot of reserves inside vs outside",,essentially only compared 64m2 inside and outside,,,inside vs outside exclosure,with_introduction,75,1,64,1,0.0625,10,,,,Europe ,51.06437695,2.553386942,,Ghyvelde2,Equus ferus caballus,,,,0.173 Equus ferus caballus,0,individuals,hectare,11,,4015,1,2006,cumulative,diversity,vegetation,plants,aboveground,,higher_level,all plants,species richness,,T,mean,SD,,,9.8,1.9,10,3.2,1.1,10,,,JT
dp_428,Kohyani et al 2008 Biological Conservation,Grazing as a management tool in dune grasslands: Evidence of soil and scale dependence of the effect of large herbivores on plant diversity,Grazing as a management tool in dune grasslands: Evidence of soil and scale dependence of the effect of large herbivores on plant diversity,Semi-Domestic,"In the late 1990s, different large herbivore species were introduced in several dune reserves along the Belgian and north-western French coast as a nature conservation tool. Study compares a lot of reserves inside vs outside",,essentially only compared 64m2 inside and outside,,,inside vs outside exclosure,with_introduction,29.8,1,64,1,0.0625,10,,,,Europe ,51.06523732,2.57608964,,Cabour1,Equus ferus caballus,,,,0.433 Equus ferus caballus,0,individuals,hectare,10,,3650,1,2006,cumulative,diversity,vegetation,plants,aboveground,,higher_level,all plants,species richness,,T,mean,SD,,,12,2.2,10,3.5,1.17,10,,,JT
dp_429,Kohyani et al 2008 Biological Conservation,Grazing as a management tool in dune grasslands: Evidence of soil and scale dependence of the effect of large herbivores on plant diversity,Grazing as a management tool in dune grasslands: Evidence of soil and scale dependence of the effect of large herbivores on plant diversity,Semi-Domestic,"In the late 1990s, different large herbivore species were introduced in several dune reserves along the Belgian and north-western French coast as a nature conservation tool. Study compares a lot of reserves inside vs outside",,essentially only compared 64m2 inside and outside,,,inside vs outside exclosure,with_introduction,29.8,1,64,1,0.0625,10,,,,Europe ,51.06383493,2.579476584,,Cabour2,Equus ferus caballus,,,,0.433 Equus ferus caballus,0,individuals,hectare,10,,3650,1,2006,cumulative,diversity,vegetation,plants,aboveground,,higher_level,all plants,species richness,,T,mean,SD,,,5.3,0.94,10,3.5,0.7,10,,,JT
dp_430,Kohyani et al 2008 Biological Conservation,Grazing as a management tool in dune grasslands: Evidence of soil and scale dependence of the effect of large herbivores on plant diversity,Grazing as a management tool in dune grasslands: Evidence of soil and scale dependence of the effect of large herbivores on plant diversity,Semi-Domestic,"In the late 1990s, different large herbivore species were introduced in several dune reserves along the Belgian and north-western French coast as a nature conservation tool. Study compares a lot of reserves inside vs outside",,essentially only compared 64m2 inside and outside,,,inside vs outside exclosure,with_introduction,16,1,64,1,0.0625,10,,,,Europe ,51.13581458,2.692505635,,Ter Yde1,Equus ferus caballus; Ovis aries,,,,0.3 Equus ferus caballus; 1.56 Ovis aries,0,individuals,hectare,8,,2920,1,2006,cumulative,diversity,vegetation,plants,aboveground,,higher_level,all plants,species richness,,T,mean,SD,,,9.5,0.93,10,4,1,10,,,JT
dp_431,Kohyani et al 2008 Biological Conservation,Grazing as a management tool in dune grasslands: Evidence of soil and scale dependence of the effect of large herbivores on plant diversity,Grazing as a management tool in dune grasslands: Evidence of soil and scale dependence of the effect of large herbivores on plant diversity,Semi-Domestic,"In the late 1990s, different large herbivore species were introduced in several dune reserves along the Belgian and north-western French coast as a nature conservation tool. Study compares a lot of reserves inside vs outside",,essentially only compared 64m2 inside and outside,,,inside vs outside exclosure,with_introduction,16,1,64,1,0.0625,10,,,,Europe ,51.13467505,2.693152157,,Ter Yde2,Equus ferus caballus; Ovis aries,,,,0.3 Equus ferus caballus; 1.56 Ovis aries,0,individuals,hectare,8,,2920,1,2006,cumulative,diversity,vegetation,plants,aboveground,,higher_level,all plants,species richness,,T,mean,SD,,,6.5,1.5,10,4.3,1.5,10,,,JT
dp_432,Kohyani et al 2008 Biological Conservation,Grazing as a management tool in dune grasslands: Evidence of soil and scale dependence of the effect of large herbivores on plant diversity,Grazing as a management tool in dune grasslands: Evidence of soil and scale dependence of the effect of large herbivores on plant diversity,Semi-Domestic,"In the late 1990s, different large herbivore species were introduced in several dune reserves along the Belgian and north-western French coast as a nature conservation tool. Study compares a lot of reserves inside vs outside",,essentially only compared 64m2 inside and outside,,,inside vs outside exclosure,with_introduction,16,1,64,1,0.0625,10,,,,Europe ,51.13185011,2.694455127,,Ter Yde3,Equus ferus caballus; Ovis aries,,,,0.3 Equus ferus caballus; 1.56 Ovis aries,0,individuals,hectare,8,,2920,1,2006,cumulative,diversity,vegetation,plants,aboveground,,higher_level,all plants,species richness,,T,mean,SD,,,8.3,1.56,10,4.6,1.5,10,,,JT
dp_433,Kohyani et al 2008 Biological Conservation,Grazing as a management tool in dune grasslands: Evidence of soil and scale dependence of the effect of large herbivores on plant diversity,Grazing as a management tool in dune grasslands: Evidence of soil and scale dependence of the effect of large herbivores on plant diversity,Semi-Domestic,"In the late 1990s, different large herbivore species were introduced in several dune reserves along the Belgian and north-western French coast as a nature conservation tool. Study compares a lot of reserves inside vs outside",,essentially only compared 64m2 inside and outside,,,inside vs outside exclosure,with_introduction,46.6,1,64,1,0.0625,10,,,,Europe ,51.07943536,2.552838951,,Westhoek-south1,Bos primigenius taurus; Equus ferus caballus,,,,0.09 Bos primigenius taurus; 0.34 Equus ferus caballus,0,individuals,hectare,11,,4015,1,2006,cumulative,diversity,vegetation,plants,aboveground,,higher_level,all plants,species richness,,T,mean,SD,,,14.3,1.63,10,5.9,0.99,10,,,JT
dp_434,Kohyani et al 2008 Biological Conservation,Grazing as a management tool in dune grasslands: Evidence of soil and scale dependence of the effect of large herbivores on plant diversity,Grazing as a management tool in dune grasslands: Evidence of soil and scale dependence of the effect of large herbivores on plant diversity,Semi-Domestic,"In the late 1990s, different large herbivore species were introduced in several dune reserves along the Belgian and north-western French coast as a nature conservation tool. Study compares a lot of reserves inside vs outside",,essentially only compared 64m2 inside and outside,,,inside vs outside exclosure,with_introduction,46.6,1,64,1,0.0625,10,,,,Europe ,51.08084001,2.564904588,,Westhoek-south2,Bos primigenius taurus; Equus ferus caballus,,,,0.09 Bos primigenius taurus; 0.34 Equus ferus caballus,0,individuals,hectare,11,,4015,1,2006,cumulative,diversity,vegetation,plants,aboveground,,higher_level,all plants,species richness,,T,mean,SD,,,10,1.69,10,2.6,0.8,10,,,JT
dp_435,Kohyani et al 2008 Biological Conservation,Grazing as a management tool in dune grasslands: Evidence of soil and scale dependence of the effect of large herbivores on plant diversity,Grazing as a management tool in dune grasslands: Evidence of soil and scale dependence of the effect of large herbivores on plant diversity,Semi-Domestic,"In the late 1990s, different large herbivore species were introduced in several dune reserves along the Belgian and north-western French coast as a nature conservation tool. Study compares a lot of reserves inside vs outside",,essentially only compared 64m2 inside and outside,,,inside vs outside exclosure,with_introduction,46.6,1,64,1,0.0625,10,,,,Europe ,51.08520364,2.551422234,,Westhoek-south-north,Bos primigenius taurus; Equus ferus caballus,,,,0.08 Bos primigenius taurus; 0.16 Equus ferus caballus,0,individuals,hectare,10,,3650,1,2006,cumulative,diversity,vegetation,plants,aboveground,,higher_level,all plants,species richness,,T,mean,SD,,,14.6,3.14,10,7.4,2.07,10,,,JT
dp_436,Kohyani et al 2008 Biological Conservation,Grazing as a management tool in dune grasslands: Evidence of soil and scale dependence of the effect of large herbivores on plant diversity,Grazing as a management tool in dune grasslands: Evidence of soil and scale dependence of the effect of large herbivores on plant diversity,Semi-Domestic,"In the late 1990s, different large herbivore species were introduced in several dune reserves along the Belgian and north-western French coast as a nature conservation tool. Study compares a lot of reserves inside vs outside",,essentially only compared 64m2 inside and outside,,,inside vs outside exclosure,with_introduction,75,1,64,1,0.0625,10,,,,Europe ,51.05908861,2.545388604,,Ghyvelde1,Equus ferus caballus,,,,0.173 Equus ferus caballus,0,individuals,hectare,11,,4015,1,2006,cumulative,diversity,vegetation,plants,aboveground,,higher_level,all plants,community dissimilarity,,T,mean,SD,,,0.09,0.07,10,0.31,0.11,10,,,JT
dp_437,Kohyani et al 2008 Biological Conservation,Grazing as a management tool in dune grasslands: Evidence of soil and scale dependence of the effect of large herbivores on plant diversity,Grazing as a management tool in dune grasslands: Evidence of soil and scale dependence of the effect of large herbivores on plant diversity,Semi-Domestic,"In the late 1990s, different large herbivore species were introduced in several dune reserves along the Belgian and north-western French coast as a nature conservation tool. Study compares a lot of reserves inside vs outside",,essentially only compared 64m2 inside and outside,,,inside vs outside exclosure,with_introduction,75,1,64,1,0.0625,10,,,,Europe ,51.06437695,2.553386942,,Ghyvelde2,Equus ferus caballus,,,,0.173 Equus ferus caballus,0,individuals,hectare,11,,4015,1,2006,cumulative,diversity,vegetation,plants,aboveground,,higher_level,all plants,community dissimilarity,,T,mean,SD,,,0.15,0.08,10,0.29,0.08,10,,,JT
dp_438,Kohyani et al 2008 Biological Conservation,Grazing as a management tool in dune grasslands: Evidence of soil and scale dependence of the effect of large herbivores on plant diversity,Grazing as a management tool in dune grasslands: Evidence of soil and scale dependence of the effect of large herbivores on plant diversity,Semi-Domestic,"In the late 1990s, different large herbivore species were introduced in several dune reserves along the Belgian and north-western French coast as a nature conservation tool. Study compares a lot of reserves inside vs outside",,essentially only compared 64m2 inside and outside,,,inside vs outside exclosure,with_introduction,29.8,1,64,1,0.0625,10,,,,Europe ,51.06523732,2.57608964,,Cabour1,Equus ferus caballus,,,,0.433 Equus ferus caballus,0,individuals,hectare,10,,3650,1,2006,cumulative,diversity,vegetation,plants,aboveground,,higher_level,all plants,community dissimilarity,,T,mean,SD,,,0.2,0.04,10,0.26,0.17,10,,,JT
dp_439,Kohyani et al 2008 Biological Conservation,Grazing as a management tool in dune grasslands: Evidence of soil and scale dependence of the effect of large herbivores on plant diversity,Grazing as a management tool in dune grasslands: Evidence of soil and scale dependence of the effect of large herbivores on plant diversity,Semi-Domestic,"In the late 1990s, different large herbivore species were introduced in several dune reserves along the Belgian and north-western French coast as a nature conservation tool. Study compares a lot of reserves inside vs outside",,essentially only compared 64m2 inside and outside,,,inside vs outside exclosure,with_introduction,29.8,1,64,1,0.0625,10,,,,Europe ,51.06383493,2.579476584,,Cabour2,Equus ferus caballus,,,,0.433 Equus ferus caballus,0,individuals,hectare,10,,3650,1,2006,cumulative,diversity,vegetation,plants,aboveground,,higher_level,all plants,community dissimilarity,,T,mean,SD,,,0.17,0.05,10,0.13,0.19,10,,,JT
dp_440,Kohyani et al 2008 Biological Conservation,Grazing as a management tool in dune grasslands: Evidence of soil and scale dependence of the effect of large herbivores on plant diversity,Grazing as a management tool in dune grasslands: Evidence of soil and scale dependence of the effect of large herbivores on plant diversity,Semi-Domestic,"In the late 1990s, different large herbivore species were introduced in several dune reserves along the Belgian and north-western French coast as a nature conservation tool. Study compares a lot of reserves inside vs outside",,essentially only compared 64m2 inside and outside,,,inside vs outside exclosure,with_introduction,16,1,64,1,0.0625,10,,,,Europe ,51.13581458,2.692505635,,Ter Yde1,Equus ferus caballus; Ovis aries,,,,0.3 Equus ferus caballus; 1.56 Ovis aries,0,individuals,hectare,8,,2920,1,2006,cumulative,diversity,vegetation,plants,aboveground,,higher_level,all plants,community dissimilarity,,T,mean,SD,,,0.18,0.06,10,0.28,0.1,10,,,JT
dp_441,Kohyani et al 2008 Biological Conservation,Grazing as a management tool in dune grasslands: Evidence of soil and scale dependence of the effect of large herbivores on plant diversity,Grazing as a management tool in dune grasslands: Evidence of soil and scale dependence of the effect of large herbivores on plant diversity,Semi-Domestic,"In the late 1990s, different large herbivore species were introduced in several dune reserves along the Belgian and north-western French coast as a nature conservation tool. Study compares a lot of reserves inside vs outside",,essentially only compared 64m2 inside and outside,,,inside vs outside exclosure,with_introduction,16,1,64,1,0.0625,10,,,,Europe ,51.13467505,2.693152157,,Ter Yde2,Equus ferus caballus; Ovis aries,,,,0.3 Equus ferus caballus; 1.56 Ovis aries,0,individuals,hectare,8,,2920,1,2006,cumulative,diversity,vegetation,plants,aboveground,,higher_level,all plants,community dissimilarity,,T,mean,SD,,,0.11,0.05,10,0.11,0.07,10,,,JT
dp_442,Kohyani et al 2008 Biological Conservation,Grazing as a management tool in dune grasslands: Evidence of soil and scale dependence of the effect of large herbivores on plant diversity,Grazing as a management tool in dune grasslands: Evidence of soil and scale dependence of the effect of large herbivores on plant diversity,Semi-Domestic,"In the late 1990s, different large herbivore species were introduced in several dune reserves along the Belgian and north-western French coast as a nature conservation tool. Study compares a lot of reserves inside vs outside",,essentially only compared 64m2 inside and outside,,,inside vs outside exclosure,with_introduction,16,1,64,1,0.0625,10,,,,Europe ,51.13185011,2.694455127,,Ter Yde3,Equus ferus caballus; Ovis aries,,,,0.3 Equus ferus caballus; 1.56 Ovis aries,0,individuals,hectare,8,,2920,1,2006,cumulative,diversity,vegetation,plants,aboveground,,higher_level,all plants,community dissimilarity,,T,mean,SD,,,0.11,0.03,10,0.11,0.07,10,,,JT
dp_443,Kohyani et al 2008 Biological Conservation,Grazing as a management tool in dune grasslands: Evidence of soil and scale dependence of the effect of large herbivores on plant diversity,Grazing as a management tool in dune grasslands: Evidence of soil and scale dependence of the effect of large herbivores on plant diversity,Semi-Domestic,"In the late 1990s, different large herbivore species were introduced in several dune reserves along the Belgian and north-western French coast as a nature conservation tool. Study compares a lot of reserves inside vs outside",,essentially only compared 64m2 inside and outside,,,inside vs outside exclosure,with_introduction,46.6,1,64,1,0.0625,10,,,,Europe ,51.07943536,2.552838951,,Westhoek-south1,Bos primigenius taurus; Equus ferus caballus,,,,0.09 Bos primigenius taurus; 0.34 Equus ferus caballus,0,individuals,hectare,11,,4015,1,2006,cumulative,diversity,vegetation,plants,aboveground,,higher_level,all plants,community dissimilarity,,T,mean,SD,,,0.44,0.22,10,0.19,0.11,10,,,JT
dp_444,Kohyani et al 2008 Biological Conservation,Grazing as a management tool in dune grasslands: Evidence of soil and scale dependence of the effect of large herbivores on plant diversity,Grazing as a management tool in dune grasslands: Evidence of soil and scale dependence of the effect of large herbivores on plant diversity,Semi-Domestic,"In the late 1990s, different large herbivore species were introduced in several dune reserves along the Belgian and north-western French coast as a nature conservation tool. Study compares a lot of reserves inside vs outside",,essentially only compared 64m2 inside and outside,,,inside vs outside exclosure,with_introduction,46.6,1,64,1,0.0625,10,,,,Europe ,51.08084001,2.564904588,,Westhoek-south2,Bos primigenius taurus; Equus ferus caballus,,,,0.09 Bos primigenius taurus; 0.34 Equus ferus caballus,0,individuals,hectare,11,,4015,1,2006,cumulative,diversity,vegetation,plants,aboveground,,higher_level,all plants,community dissimilarity,,T,mean,SD,,,0.22,0.09,10,0.16,0.11,10,,,JT
dp_445,Kohyani et al 2008 Biological Conservation,Grazing as a management tool in dune grasslands: Evidence of soil and scale dependence of the effect of large herbivores on plant diversity,Grazing as a management tool in dune grasslands: Evidence of soil and scale dependence of the effect of large herbivores on plant diversity,Semi-Domestic,"In the late 1990s, different large herbivore species were introduced in several dune reserves along the Belgian and north-western French coast as a nature conservation tool. Study compares a lot of reserves inside vs outside",,essentially only compared 64m2 inside and outside,,,inside vs outside exclosure,with_introduction,46.6,1,64,1,0.0625,10,,,,Europe ,51.08520364,2.551422234,,Westhoek-south-north,Bos primigenius taurus; Equus ferus caballus,,,,0.08 Bos primigenius taurus; 0.16 Equus ferus caballus,0,individuals,hectare,10,,3650,1,2006,cumulative,diversity,vegetation,plants,aboveground,,higher_level,all plants,community dissimilarity,,T,mean,SD,,,0.31,0.08,10,0.16,0.03,10,,,JT
dp_446,Smit et al 2001 Plant Ecology,Effects of introduction and exclusion of large herbivores on small rodent communities,https://doi.org/10.1023/A:1013239805915,Wild Native,They opened parts of a nationalpark to large herbivores after establishing exclosures in the previously ungrased areas,,,,,inside vs outside exclosure,with_introduction,450,2,4500000,2,375,16,,,,Europe,52.07451069,5.847622972,,National Park De Hoge Veluwe,Cervus elaphus; Ovis ammon musimon,,,,0.046 Cervus elaphus; 0.046 Ovis ammon musimon,0,individuals,hectare,3,,1095,1,1997,cumulative,abundance,small mammals,small mammal,aboveground,,higher_level,rodents,total individuals,,T,mean,SE,,,7.06,1,16,6.63,0.92,16,,,JT
dp_447,Ward et al 1999 Journal of Vegetation Science ,Effects of grazing by re-introduced Equus hemionus on the vegetation in a Negev desert erosion cirque,https://doi.org/10.2307%2F3237192,Wild Native,"Wild ass reintroduced in 1983, exclosure experiment established 1992 to monitor plant ocmmunity response to donkeys",,,,,inside vs outside exclosure,post_introduction,20000,1,2000000000,1,439,11,,,,Asia,30.58317348,34.75031541,,Makhtesh Ramon,Equus hemionus,,,,0.005 Equus hemionus,0,individuals,hectare,12.5,5,1825,1,1997,cumulative,vegetation_structure,vegetation,plants,aboveground,,higher_level,all plants,cover,%,T,mean,SE,,,32.9,1.5,11,38.56,1.5,11,,,JT
dp_448,Ward et al 1999 Journal of Vegetation Science ,Effects of grazing by re-introduced Equus hemionus on the vegetation in a Negev desert erosion cirque,https://doi.org/10.2307%2F3237192,Wild Native,"Wild ass reintroduced in 1983, exclosure experiment established 1992 to monitor plant ocmmunity response to donkeys",,,,,inside vs outside exclosure,post_introduction,20000,1,2000000000,1,439,11,,,,Asia,30.58317348,34.75031541,,Makhtesh Ramon,Equus hemionus,,,,0.005 Equus hemionus,0,individuals,hectare,12.5,5,1825,1,1997,cumulative,diversity,vegetation,plants,aboveground,,higher_level,all plants,species richness,,T,mean,SE,,,41.36,2.16,11,39.73,2.3,11,,,JT
dp_449,Ward et al 1999 Journal of Vegetation Science ,Effects of grazing by re-introduced Equus hemionus on the vegetation in a Negev desert erosion cirque,https://doi.org/10.2307%2F3237192,Wild Native,"Wild ass reintroduced in 1983, exclosure experiment established 1992 to monitor plant ocmmunity response to donkeys",,,,,inside vs outside exclosure,post_introduction,20000,1,2000000000,1,439,11,,,,Asia,30.58317348,34.75031541,,Makhtesh Ramon,Equus hemionus,,,,0.005 Equus hemionus,0,individuals,hectare,12.5,5,1825,1,1997,cumulative,diversity,vegetation,plants,aboveground,,higher_level,all plants,shannon diversity,,T,mean,SE,,,2.8,0.07,11,2.79,0.09,11,,,JT
dp_450,Ward et al 1999 Journal of Vegetation Science ,Effects of grazing by re-introduced Equus hemionus on the vegetation in a Negev desert erosion cirque,https://doi.org/10.2307%2F3237192,Wild Native,"Wild ass reintroduced in 1983, exclosure experiment established 1992 to monitor plant ocmmunity response to donkeys",,,,,inside vs outside exclosure,post_introduction,20000,1,2000000000,1,439,11,,,,Asia,30.58317348,34.75031541,,Makhtesh Ramon,Equus hemionus,,,,0.005 Equus hemionus,0,individuals,hectare,12.5,5,1825,1,1997,cumulative,diversity,vegetation,plants,aboveground,,higher_level,all plants,simpson dominance,,T,mean,SE,,,8.66,0.62,11,9.06,0.68,11,,,JT
dp_451,Collins et al 1998 Science,Modulation of Diversity by Grazing and Mowing in Native Tallgrass Prairie,10.1126/science.280.5364.74,Wild Native,Konza prairie,"assume error is SE, but they don't report",,,,distal comparison with and without,with_introduction,1012,1,10120000,1,50,8 per treatment,,,plot,North America,39.08339354,-96.5832714,reasonable ,Konza Prairie Biological Station,Bison bison,,"In 1987, 30 bison were introduced and restricted to under half of their current spatial extent, including catchment N20A. In 1992, the bison herd was given access to its current 1012 ha area, including catchment N20B. The herd increased to an average of 270 adults with the goal of a grazing rate of ~25% removal of aboveground production each year",likely kept artifically constant,0.26 Bison bison,0,individuals,hectare,3,3,1095,1,1995,cumulative,diversity,vegetation,plants,aboveground,,higher_level,C4 grasses,species richness,,T,mean,SE,,,9.4,3.2,8,6.6,1.2,8,,,JT
dp_452,Collins et al 1998 Science,Modulation of Diversity by Grazing and Mowing in Native Tallgrass Prairie,10.1126/science.280.5364.74,Wild Native,Konza prairie,"assume error is SE, but they don't report",,,,distal comparison with and without,with_introduction,1012,1,10120000,1,50,8 per treatment,,,plot,North America,39.08339354,-96.5832714,reasonable ,Konza Prairie Biological Station,Bison bison,,"In 1987, 30 bison were introduced and restricted to under half of their current spatial extent, including catchment N20A. In 1992, the bison herd was given access to its current 1012 ha area, including catchment N20B. The herd increased to an average of 270 adults with the goal of a grazing rate of ~25% removal of aboveground production each year",likely kept artifically constant,0.26 Bison bison,0,individuals,hectare,3,3,1095,1,1995,cumulative,diversity,vegetation,plants,aboveground,,higher_level,C3 grasses,species richness,,T,mean,SE,,,8.3,2.1,8,6.4,1.4,8,,,JT
dp_453,Collins et al 1998 Science,Modulation of Diversity by Grazing and Mowing in Native Tallgrass Prairie,10.1126/science.280.5364.74,Wild Native,Konza prairie,"assume error is SE, but they don't report",,,,distal comparison with and without,with_introduction,1012,1,10120000,1,50,8 per treatment,,,plot,North America,39.08339354,-96.5832714,reasonable ,Konza Prairie Biological Station,Bison bison,,"In 1987, 30 bison were introduced and restricted to under half of their current spatial extent, including catchment N20A. In 1992, the bison herd was given access to its current 1012 ha area, including catchment N20B. The herd increased to an average of 270 adults with the goal of a grazing rate of ~25% removal of aboveground production each year",likely kept artifically constant,0.26 Bison bison,0,individuals,hectare,3,3,1095,1,1995,cumulative,diversity,vegetation,plants,aboveground,,higher_level,Forbs,species richness,,T,mean,SE,,,41.5,10,8,29.1,7.4,8,,,JT
dp_454,Collins et al 1998 Science,Modulation of Diversity by Grazing and Mowing in Native Tallgrass Prairie,10.1126/science.280.5364.74,Wild Native,Konza prairie,"assume error is SE, but they don't report",,,,distal comparison with and without,with_introduction,1012,1,10120000,1,50,8 per treatment,,,plot,North America,39.08339354,-96.5832714,reasonable ,Konza Prairie Biological Station,Bison bison,,"In 1987, 30 bison were introduced and restricted to under half of their current spatial extent, including catchment N20A. In 1992, the bison herd was given access to its current 1012 ha area, including catchment N20B. The herd increased to an average of 270 adults with the goal of a grazing rate of ~25% removal of aboveground production each year",likely kept artifically constant,0.26 Bison bison,0,individuals,hectare,3,3,1095,1,1995,cumulative,diversity,vegetation,plants,aboveground,,higher_level,Wody,species richness,,T,mean,SE,,,4.8,1.9,8,4.2,1.9,8,,,JT
dp_455,Collins et al 1998 Science,Modulation of Diversity by Grazing and Mowing in Native Tallgrass Prairie,10.1126/science.280.5364.74,Wild Native,Konza prairie,"assume error is SE, but they don't report",,,,distal comparison with and without,with_introduction,1012,1,10120000,1,50,8 per treatment,,,plot,North America,39.08339354,-96.5832714,reasonable ,Konza Prairie Biological Station,Bison bison,,"In 1987, 30 bison were introduced and restricted to under half of their current spatial extent, including catchment N20A. In 1992, the bison herd was given access to its current 1012 ha area, including catchment N20B. The herd increased to an average of 270 adults with the goal of a grazing rate of ~25% removal of aboveground production each year",likely kept artifically constant,0.26 Bison bison,0,individuals,hectare,3,3,1095,1,1995,cumulative,diversity,vegetation,plants,aboveground,,higher_level,all plants,species richness,,T,mean,SE,,,64.2,14.4,8,46.2,9.8,8,,,JT
dp_456,Veen et al 2024 Oikos,Vertebrate grazing can mitigate impacts of nutrient addition on plant diversity and insect abundance in a semi-natural grassland,https://doi.org/10.1111/oik.10422,Semi-Domestic,"Part of Nutnet, field experiment to test fertilization of large herbivors and much more, we're focusing on reintroduced horse & cattle vs control ",,,"The field has been used for agriculture and was abandoned in 1982. Since then, it has been managed by Natuurmonumenten as nature reserve and has developed into a grassland with a Plantagini-Festucion plant community",,inside vs outside exclosure,with_introduction,,1,,1,25,5 per treatment,,,,Europe ,52.07451069,5.847622972,not great. npt sure of experiment was actually in the NP,National Park De Hoge Veluwe,Bos primigenius taurus; Equus ferus caballus,Sus scrofa; Cervus elaphus,exact reintroduction unclear,,0.025 Bos primigenius taurus; 0.025 Equus ferus caballus,0,individuals,hectare,10,3,1095,1,2020,cumulative,biomass,vegetation,plants,aboveground,,higher_level,all plants,biomass,g/m2,T,mean,SE,Fig_2,"Fig_2a; ignore NPK treatment, we want to compare control exclosure vs control all herbis",67.7419,33.6612,5,89.2473,14.4262,5,,,JT
dp_457,Veen et al 2024 Oikos,Vertebrate grazing can mitigate impacts of nutrient addition on plant diversity and insect abundance in a semi-natural grassland,https://doi.org/10.1111/oik.10422,Semi-Domestic,"Part of Nutnet, field experiment to test fertilization of large herbivors and much more, we're focusing on reintroduced horse & cattle vs control ",,,"The field has been used for agriculture and was abandoned in 1982. Since then, it has been managed by Natuurmonumenten as nature reserve and has developed into a grassland with a Plantagini-Festucion plant community",,inside vs outside exclosure,with_introduction,,1,,1,25,5 per treatment,,,,Europe ,52.07451069,5.847622972,not great. npt sure of experiment was actually in the NP,National Park De Hoge Veluwe,Bos primigenius taurus; Equus ferus caballus,Sus scrofa; Cervus elaphus,exact reintroduction unclear,,0.025 Bos primigenius taurus; 0.025 Equus ferus caballus,0,individuals,hectare,10,3,1095,1,2020,cumulative,biomass,vegetation,plants,aboveground,,higher_level,all plants,litter,g/m2,T,mean,SE,Fig_2,"Fig_2b; ignore NPK treatment, we want to compare control exclosure vs control all herbis",6.8966,7.7106,5,43.1034,38.5529,5,,,JT
dp_458,Veen et al 2024 Oikos,Vertebrate grazing can mitigate impacts of nutrient addition on plant diversity and insect abundance in a semi-natural grassland,https://doi.org/10.1111/oik.10422,Semi-Domestic,"Part of Nutnet, field experiment to test fertilization of large herbivors and much more, we're focusing on reintroduced horse & cattle vs control ",,,"The field has been used for agriculture and was abandoned in 1982. Since then, it has been managed by Natuurmonumenten as nature reserve and has developed into a grassland with a Plantagini-Festucion plant community",,inside vs outside exclosure,with_introduction,,1,,1,25,5 per treatment,,,,Europe ,52.07451069,5.847622972,not great. npt sure of experiment was actually in the NP,National Park De Hoge Veluwe,Bos primigenius taurus; Equus ferus caballus,Sus scrofa; Cervus elaphus,exact reintroduction unclear,,0.025 Bos primigenius taurus; 0.025 Equus ferus caballus,0,individuals,hectare,10,3,1095,1,2020,cumulative,diversity,vegetation,plants,aboveground,,higher_level,all plants,shannon diversity ,,T,mean,SE,Fig_2,"Fig_2c; ignore NPK treatment, we want to compare control exclosure vs control all herbis",1.8557,0.2766,5,1.5464,0.5994,5,,,JT
dp_459,Veen et al 2024 Oikos,Vertebrate grazing can mitigate impacts of nutrient addition on plant diversity and insect abundance in a semi-natural grassland,https://doi.org/10.1111/oik.10422,Semi-Domestic,"Part of Nutnet, field experiment to test fertilization of large herbivors and much more, we're focusing on reintroduced horse & cattle vs control ",,,"The field has been used for agriculture and was abandoned in 1982. Since then, it has been managed by Natuurmonumenten as nature reserve and has developed into a grassland with a Plantagini-Festucion plant community",,inside vs outside exclosure,with_introduction,,1,,1,25,5 per treatment,,,,Europe ,52.07451069,5.847622972,not great. npt sure of experiment was actually in the NP,National Park De Hoge Veluwe,Bos primigenius taurus; Equus ferus caballus,Sus scrofa; Cervus elaphus,exact reintroduction unclear,,0.025 Bos primigenius taurus; 0.025 Equus ferus caballus,0,individuals,hectare,10,3,1095,1,2020,cumulative,abundance,arthropods,arthropods,aboveground,,higher_level,orthoptera,abundance,n / plot,T,mean,SE,Fig_3,"Fig_3a; ignore NPK treatment, we want to compare control exclosure vs control all herbis",2.5,2.5156,5,5.25,4.1926,5,,,JT
dp_460,Veen et al 2024 Oikos,Vertebrate grazing can mitigate impacts of nutrient addition on plant diversity and insect abundance in a semi-natural grassland,https://doi.org/10.1111/oik.10422,Semi-Domestic,"Part of Nutnet, field experiment to test fertilization of large herbivors and much more, we're focusing on reintroduced horse & cattle vs control ",,,"The field has been used for agriculture and was abandoned in 1982. Since then, it has been managed by Natuurmonumenten as nature reserve and has developed into a grassland with a Plantagini-Festucion plant community",,inside vs outside exclosure,with_introduction,,1,,1,25,5 per treatment,,,,Europe ,52.07451069,5.847622972,not great. npt sure of experiment was actually in the NP,National Park De Hoge Veluwe,Bos primigenius taurus; Equus ferus caballus,Sus scrofa; Cervus elaphus,exact reintroduction unclear,,0.025 Bos primigenius taurus; 0.025 Equus ferus caballus,0,individuals,hectare,10,3,1095,1,2020,cumulative,abundance,arthropods,arthropods,aboveground,,higher_level,pollinator,visits,n / plot / 20mins,T,mean,SE,Fig_3,"Fig_3b; ignore NPK treatment, we want to compare control exclosure vs control all herbis",17.1429,5.38,5,21.9549,7.3975,5,,,JT
dp_461,Veen et al 2024 Oikos,Vertebrate grazing can mitigate impacts of nutrient addition on plant diversity and insect abundance in a semi-natural grassland,https://doi.org/10.1111/oik.10422,Semi-Domestic,"Part of Nutnet, field experiment to test fertilization of large herbivors and much more, we're focusing on reintroduced horse & cattle vs control ",,,"The field has been used for agriculture and was abandoned in 1982. Since then, it has been managed by Natuurmonumenten as nature reserve and has developed into a grassland with a Plantagini-Festucion plant community",,inside vs outside exclosure,with_introduction,,1,,1,25,5 per treatment,,,,Europe ,52.07451069,5.847622972,not great. npt sure of experiment was actually in the NP,National Park De Hoge Veluwe,Bos primigenius taurus; Equus ferus caballus,Sus scrofa; Cervus elaphus,exact reintroduction unclear,,0.025 Bos primigenius taurus; 0.025 Equus ferus caballus,0,individuals,hectare,10,3,1095,1,2020,cumulative,abundance,arthropods,arthropods,aboveground,,higher_level,hymenoptera,visits,n / plot / 20mins,T,mean,SE,Fig_3,"Fig_3c; ignore NPK treatment, we want to compare control exclosure vs control all herbis",12.9891,5.8332,5,14.4565,3.2812,5,,,JT
dp_462,Veen et al 2024 Oikos,Vertebrate grazing can mitigate impacts of nutrient addition on plant diversity and insect abundance in a semi-natural grassland,https://doi.org/10.1111/oik.10422,Semi-Domestic,"Part of Nutnet, field experiment to test fertilization of large herbivors and much more, we're focusing on reintroduced horse & cattle vs control ",,,"The field has been used for agriculture and was abandoned in 1982. Since then, it has been managed by Natuurmonumenten as nature reserve and has developed into a grassland with a Plantagini-Festucion plant community",,inside vs outside exclosure,with_introduction,,1,,1,25,5 per treatment,,,,Europe ,52.07451069,5.847622972,not great. npt sure of experiment was actually in the NP,National Park De Hoge Veluwe,Bos primigenius taurus; Equus ferus caballus,Sus scrofa; Cervus elaphus,exact reintroduction unclear,,0.025 Bos primigenius taurus; 0.025 Equus ferus caballus,0,individuals,hectare,10,3,1095,1,2020,cumulative,abundance,arthropods,arthropods,aboveground,,higher_level,diptera,visits,n / plot / 20mins,T,mean,SE,Fig_3,"Fig_3d; ignore NPK treatment, we want to compare control exclosure vs control all herbis",3.8889,2.7606,5,6.4815,3.8648,5,,,JT
dp_463,Tapia et al 2021 Restoration Ecology,"Introduction of giant tortoises as a replacement “ecosystem engineer” to facilitate restoration of Santa Fe Island, Galapagos",https://doi.org/10.1111/rec.13476,Wild Non-Native,31 subadult tortoises of the non-native Española Island species (Chelonoidis hoodensis) were translocated. Study looks at their impact on veg,,,,,inside vs outside exclosure,with_introduction,177.2,1,25,5,4,1 per exclosure,,,,South America,-0.8182872096,-90.05877038,good,Santa Fe Island,Chelonoidis hoodensis,Conolophus pallidus,,,0.21 Chelonoidis hoodensis,0,individuals,hectare,1.7,,620.5,1,2016,cumulative,vegetation_structure,vegetation,grass,aboveground,,higher_level,grass,cover,percent,T,mean,SD,Fig_5g,1.7y; compare +I+T (high megafauna) vs -I-T (exclosure),0.4142,0.1401,5,0.3717,0.1617,5,,,JT
dp_464,Tapia et al 2021 Restoration Ecology,"Introduction of giant tortoises as a replacement “ecosystem engineer” to facilitate restoration of Santa Fe Island, Galapagos",https://doi.org/10.1111/rec.13476,Wild Non-Native,31 subadult tortoises of the non-native Española Island species (Chelonoidis hoodensis) were translocated. Study looks at their impact on veg,,,,,inside vs outside exclosure,with_introduction,177.2,1,25,5,4,1 per exclosure,,,,South America,-0.8182872096,-90.05877038,good,Santa Fe Island,Chelonoidis hoodensis,Conolophus pallidus,,,0.21 Chelonoidis hoodensis,0,individuals,hectare,2.6,,949,2,2017,cumulative,vegetation_structure,vegetation,grass,aboveground,,higher_level,grass,cover,percent,T,mean,SD,Fig_5g,2.6y; compare +I+T (high megafauna) vs -I-T (exclosure),0.1827,0.1186,5,0.2677,0.1994,5,,,JT
dp_465,Tapia et al 2021 Restoration Ecology,"Introduction of giant tortoises as a replacement “ecosystem engineer” to facilitate restoration of Santa Fe Island, Galapagos",https://doi.org/10.1111/rec.13476,Wild Non-Native,31 subadult tortoises of the non-native Española Island species (Chelonoidis hoodensis) were translocated. Study looks at their impact on veg,,,,,inside vs outside exclosure,with_introduction,177.2,1,25,5,4,1 per exclosure,,,,South America,-0.8182872096,-90.05877038,good,Santa Fe Island,Chelonoidis hoodensis,Conolophus pallidus,,,0.21 Chelonoidis hoodensis,0,individuals,hectare,3.5,,1277.5,3,2018,cumulative,vegetation_structure,vegetation,grass,aboveground,,higher_level,grass,cover,percent,T,mean,SD,Fig_5g,3.5yr; compare +I+T (high megafauna) vs -I-T (exclosure),0.3339,0.0755,5,0.0409,0.0755,5,,,JT
dp_466,Tapia et al 2021 Restoration Ecology,"Introduction of giant tortoises as a replacement “ecosystem engineer” to facilitate restoration of Santa Fe Island, Galapagos",https://doi.org/10.1111/rec.13476,Wild Non-Native,31 subadult tortoises of the non-native Española Island species (Chelonoidis hoodensis) were translocated. Study looks at their impact on veg,,,,,inside vs outside exclosure,with_introduction,177.2,1,25,5,4,1 per exclosure,,,,South America,-0.8182872096,-90.05877038,good,Santa Fe Island,Chelonoidis hoodensis,Conolophus pallidus,,,0.21 Chelonoidis hoodensis,0,individuals,hectare,4.5,,1642.5,4,2019,cumulative,vegetation_structure,vegetation,grass,aboveground,,higher_level,grass,cover,percent,T,mean,SD,Fig_5g,4.5y compare +I+T (high megafauna) vs -I-T (exclosure),0.0409,0.0755,5,0.0787,0.1563,5,,,JT
dp_467,Tapia et al 2021 Restoration Ecology,"Introduction of giant tortoises as a replacement “ecosystem engineer” to facilitate restoration of Santa Fe Island, Galapagos",https://doi.org/10.1111/rec.13476,Wild Non-Native,31 subadult tortoises of the non-native Española Island species (Chelonoidis hoodensis) were translocated. Study looks at their impact on veg,,,,,inside vs outside exclosure,with_introduction,177.2,1,25,5,4,1 per exclosure,,,,South America,-0.8182872096,-90.05877038,good,Santa Fe Island,Chelonoidis hoodensis,Conolophus pallidus,,,0.21 Chelonoidis hoodensis,0,individuals,hectare,5.2,,1898,5,2020,cumulative,vegetation_structure,vegetation,grass,aboveground,,higher_level,grass,cover,percent,T,mean,SD,Fig_5g,5.2 ycompare +I+T (high megafauna) vs -I-T (exclosure),0.4661,0.0755,5,0.3906,0.1078,5,,,JT
dp_468,Tapia et al 2021 Restoration Ecology,"Introduction of giant tortoises as a replacement “ecosystem engineer” to facilitate restoration of Santa Fe Island, Galapagos",https://doi.org/10.1111/rec.13476,Wild Non-Native,31 subadult tortoises of the non-native Española Island species (Chelonoidis hoodensis) were translocated. Study looks at their impact on veg,,,,,inside vs outside exclosure,with_introduction,177.2,1,25,5,4,1 per exclosure,,,,South America,-0.8182872096,-90.05877038,good,Santa Fe Island,Chelonoidis hoodensis,Conolophus pallidus,,,0.21 Chelonoidis hoodensis,0,individuals,hectare,5.3,,1934.5,6,2020,cumulative,vegetation_structure,vegetation,grass,aboveground,,higher_level,grass,cover,percent,T,mean,SD,Fig_5g,5.3y compare +I+T (high megafauna) vs -I-T (exclosure),0.4709,0.0808,5,0.5039,0.1886,5,,,JT
dp_469,Tapia et al 2021 Restoration Ecology,"Introduction of giant tortoises as a replacement “ecosystem engineer” to facilitate restoration of Santa Fe Island, Galapagos",https://doi.org/10.1111/rec.13476,Wild Non-Native,31 subadult tortoises of the non-native Española Island species (Chelonoidis hoodensis) were translocated. Study looks at their impact on veg,,,,,inside vs outside exclosure,with_introduction,177.2,1,25,5,4,1 per exclosure,,,,South America,-0.8182872096,-90.05877038,good,Santa Fe Island,Chelonoidis hoodensis,Conolophus pallidus,,,0.21 Chelonoidis hoodensis,0,individuals,hectare,5.4,,1971,7,2020,cumulative,vegetation_structure,vegetation,grass,aboveground,,higher_level,grass,cover,percent,T,mean,SD,Fig_5g,5.4y compare +I+T (high megafauna) vs -I-T (exclosure),0.4236,0.0862,5,0.4378,0.1563,5,,,JT
dp_470,Tapia et al 2021 Restoration Ecology,"Introduction of giant tortoises as a replacement “ecosystem engineer” to facilitate restoration of Santa Fe Island, Galapagos",https://doi.org/10.1111/rec.13476,Wild Non-Native,31 subadult tortoises of the non-native Española Island species (Chelonoidis hoodensis) were translocated. Study looks at their impact on veg,,,,,inside vs outside exclosure,with_introduction,177.2,1,25,5,4,1 per exclosure,,,,South America,-0.8182872096,-90.05877038,good,Santa Fe Island,Chelonoidis hoodensis,Conolophus pallidus,,,0.21 Chelonoidis hoodensis,0,individuals,hectare,5.7,,2080.5,8,2020,cumulative,vegetation_structure,vegetation,grass,aboveground,,higher_level,grass,cover,percent,T,mean,SD,Fig_5g,5.7y compare +I+T (high megafauna) vs -I-T (exclosure),0.1165,0.0701,5,0.1118,0.0485,5,,,JT
dp_471,Tapia et al 2021 Restoration Ecology,"Introduction of giant tortoises as a replacement “ecosystem engineer” to facilitate restoration of Santa Fe Island, Galapagos",https://doi.org/10.1111/rec.13476,Wild Non-Native,31 subadult tortoises of the non-native Española Island species (Chelonoidis hoodensis) were translocated. Study looks at their impact on veg,,,,,inside vs outside exclosure,with_introduction,177.2,1,25,5,4,1 per exclosure,,,,South America,-0.8182872096,-90.05877038,good,Santa Fe Island,Chelonoidis hoodensis,Conolophus pallidus,,,0.21 Chelonoidis hoodensis,0,individuals,hectare,6.3,,2299.5,9,2021,cumulative,vegetation_structure,vegetation,grass,aboveground,,higher_level,grass,cover,percent,T,mean,SD,Fig_5g,6.3y compare +I+T (high megafauna) vs -I-T (exclosure),0.0001,0.0862,5,0.0315,0.194,5,,,JT
dp_472,Tapia et al 2021 Restoration Ecology,"Introduction of giant tortoises as a replacement “ecosystem engineer” to facilitate restoration of Santa Fe Island, Galapagos",https://doi.org/10.1111/rec.13476,Wild Non-Native,31 subadult tortoises of the non-native Española Island species (Chelonoidis hoodensis) were translocated. Study looks at their impact on veg,,,,,inside vs outside exclosure,with_introduction,177.2,1,25,5,4,1 per exclosure,,,,South America,-0.8182872096,-90.05877038,good,Santa Fe Island,Chelonoidis hoodensis,Conolophus pallidus,,,0.21 Chelonoidis hoodensis,0,individuals,hectare,1.7,,620.5,1,2016,cumulative,vegetation_structure,vegetation,herbs,aboveground,,higher_level,herbaceous plants,cover,percent,T,mean,SD,Fig_5h,1.7y; compare +I+T (high megafauna) vs -I-T (exclosure),0.2034,0.0503,5,0.1593,0.1547,5,,,JT
dp_473,Tapia et al 2021 Restoration Ecology,"Introduction of giant tortoises as a replacement “ecosystem engineer” to facilitate restoration of Santa Fe Island, Galapagos",https://doi.org/10.1111/rec.13476,Wild Non-Native,31 subadult tortoises of the non-native Española Island species (Chelonoidis hoodensis) were translocated. Study looks at their impact on veg,,,,,inside vs outside exclosure,with_introduction,177.2,1,25,5,4,1 per exclosure,,,,South America,-0.8182872096,-90.05877038,good,Santa Fe Island,Chelonoidis hoodensis,Conolophus pallidus,,,0.21 Chelonoidis hoodensis,0,individuals,hectare,2.6,,949,2,2017,cumulative,vegetation_structure,vegetation,herbs,aboveground,,higher_level,herbaceous plants,cover,percent,T,mean,SD,Fig_5h,2.6y; compare +I+T (high megafauna) vs -I-T (exclosure),0.2407,0.0387,5,0.2136,0.0657,5,,,JT
dp_474,Tapia et al 2021 Restoration Ecology,"Introduction of giant tortoises as a replacement “ecosystem engineer” to facilitate restoration of Santa Fe Island, Galapagos",https://doi.org/10.1111/rec.13476,Wild Non-Native,31 subadult tortoises of the non-native Española Island species (Chelonoidis hoodensis) were translocated. Study looks at their impact on veg,,,,,inside vs outside exclosure,with_introduction,177.2,1,25,5,4,1 per exclosure,,,,South America,-0.8182872096,-90.05877038,good,Santa Fe Island,Chelonoidis hoodensis,Conolophus pallidus,,,0.21 Chelonoidis hoodensis,0,individuals,hectare,3.5,,1277.5,3,2018,cumulative,vegetation_structure,vegetation,herbs,aboveground,,higher_level,herbaceous plants,cover,percent,T,mean,SD,Fig_5h,3.5yr; compare +I+T (high megafauna) vs -I-T (exclosure),0.1864,0.0348,5,0.2475,0.0967,5,,,JT
dp_475,Tapia et al 2021 Restoration Ecology,"Introduction of giant tortoises as a replacement “ecosystem engineer” to facilitate restoration of Santa Fe Island, Galapagos",https://doi.org/10.1111/rec.13476,Wild Non-Native,31 subadult tortoises of the non-native Española Island species (Chelonoidis hoodensis) were translocated. Study looks at their impact on veg,,,,,inside vs outside exclosure,with_introduction,177.2,1,25,5,4,1 per exclosure,,,,South America,-0.8182872096,-90.05877038,good,Santa Fe Island,Chelonoidis hoodensis,Conolophus pallidus,,,0.21 Chelonoidis hoodensis,0,individuals,hectare,4.5,,1642.5,4,2019,cumulative,vegetation_structure,vegetation,herbs,aboveground,,higher_level,herbaceous plants,cover,percent,T,mean,SD,Fig_5h,4.5y compare +I+T (high megafauna) vs -I-T (exclosure),0.0949,0.0309,5,0.1525,0.1005,5,,,JT
dp_476,Tapia et al 2021 Restoration Ecology,"Introduction of giant tortoises as a replacement “ecosystem engineer” to facilitate restoration of Santa Fe Island, Galapagos",https://doi.org/10.1111/rec.13476,Wild Non-Native,31 subadult tortoises of the non-native Española Island species (Chelonoidis hoodensis) were translocated. Study looks at their impact on veg,,,,,inside vs outside exclosure,with_introduction,177.2,1,25,5,4,1 per exclosure,,,,South America,-0.8182872096,-90.05877038,good,Santa Fe Island,Chelonoidis hoodensis,Conolophus pallidus,,,0.21 Chelonoidis hoodensis,0,individuals,hectare,5.2,,1898,5,2020,cumulative,vegetation_structure,vegetation,herbs,aboveground,,higher_level,herbaceous plants,cover,percent,T,mean,SD,Fig_5h,5.2 ycompare +I+T (high megafauna) vs -I-T (exclosure),0.278,0.0464,5,0.3525,0.1547,5,,,JT
dp_477,Tapia et al 2021 Restoration Ecology,"Introduction of giant tortoises as a replacement “ecosystem engineer” to facilitate restoration of Santa Fe Island, Galapagos",https://doi.org/10.1111/rec.13476,Wild Non-Native,31 subadult tortoises of the non-native Española Island species (Chelonoidis hoodensis) were translocated. Study looks at their impact on veg,,,,,inside vs outside exclosure,with_introduction,177.2,1,25,5,4,1 per exclosure,,,,South America,-0.8182872096,-90.05877038,good,Santa Fe Island,Chelonoidis hoodensis,Conolophus pallidus,,,0.21 Chelonoidis hoodensis,0,individuals,hectare,5.3,,1934.5,6,2020,cumulative,vegetation_structure,vegetation,herbs,aboveground,,higher_level,herbaceous plants,cover,percent,T,mean,SD,Fig_5h,5.3y compare +I+T (high megafauna) vs -I-T (exclosure),0.2576,0.0503,5,0.3322,0.1431,5,,,JT
dp_478,Tapia et al 2021 Restoration Ecology,"Introduction of giant tortoises as a replacement “ecosystem engineer” to facilitate restoration of Santa Fe Island, Galapagos",https://doi.org/10.1111/rec.13476,Wild Non-Native,31 subadult tortoises of the non-native Española Island species (Chelonoidis hoodensis) were translocated. Study looks at their impact on veg,,,,,inside vs outside exclosure,with_introduction,177.2,1,25,5,4,1 per exclosure,,,,South America,-0.8182872096,-90.05877038,good,Santa Fe Island,Chelonoidis hoodensis,Conolophus pallidus,,,0.21 Chelonoidis hoodensis,0,individuals,hectare,5.4,,1971,7,2020,cumulative,vegetation_structure,vegetation,herbs,aboveground,,higher_level,herbaceous plants,cover,percent,T,mean,SD,Fig_5h,5.4y compare +I+T (high megafauna) vs -I-T (exclosure),0.2475,0.058,5,0.3186,0.1276,5,,,JT
dp_479,Tapia et al 2021 Restoration Ecology,"Introduction of giant tortoises as a replacement “ecosystem engineer” to facilitate restoration of Santa Fe Island, Galapagos",https://doi.org/10.1111/rec.13476,Wild Non-Native,31 subadult tortoises of the non-native Española Island species (Chelonoidis hoodensis) were translocated. Study looks at their impact on veg,,,,,inside vs outside exclosure,with_introduction,177.2,1,25,5,4,1 per exclosure,,,,South America,-0.8182872096,-90.05877038,good,Santa Fe Island,Chelonoidis hoodensis,Conolophus pallidus,,,0.21 Chelonoidis hoodensis,0,individuals,hectare,5.7,,2080.5,8,2020,cumulative,vegetation_structure,vegetation,herbs,aboveground,,higher_level,herbaceous plants,cover,percent,T,mean,SD,Fig_5h,5.7y compare +I+T (high megafauna) vs -I-T (exclosure),0.1085,0.0348,5,0.1729,0.0309,5,,,JT
dp_480,Tapia et al 2021 Restoration Ecology,"Introduction of giant tortoises as a replacement “ecosystem engineer” to facilitate restoration of Santa Fe Island, Galapagos",https://doi.org/10.1111/rec.13476,Wild Non-Native,31 subadult tortoises of the non-native Española Island species (Chelonoidis hoodensis) were translocated. Study looks at their impact on veg,,,,,inside vs outside exclosure,with_introduction,177.2,1,25,5,4,1 per exclosure,,,,South America,-0.8182872096,-90.05877038,good,Santa Fe Island,Chelonoidis hoodensis,Conolophus pallidus,,,0.21 Chelonoidis hoodensis,0,individuals,hectare,6.3,,2299.5,9,2021,cumulative,vegetation_structure,vegetation,herbs,aboveground,,higher_level,herbaceous plants,cover,percent,T,mean,SD,Fig_5h,6.3y compare +I+T (high megafauna) vs -I-T (exclosure),0.0949,0.0387,5,0.1288,0.0773,5,,,JT
dp_481,"Rupprecht et al 2016 Agriculture, Ecosystems & Environment",Effects of year-round grazing on the vegetation of nutrient-poor grass- and heathlands—Evidence from a large-scale survey,https://doi.org/10.1016/j.agee.2016.02.015,Semi-Domestic,Study looks at 5 grazing projects in northwest germany and the netherlands. Compares grazed vs ungrazed,"all sites have different size and age, takoing the average",,,,distal comparison with and without,with_introduction,1016,5,10160000,5,16,12 per site,,,,Europe,53.61946051,10.20765484,"poor, capatures 1 of 5 sites",North-West Germany & Netherlands,Bos primigenius taurus; Equus ferus caballus,,"Some reserves additionally introduced red deer and wild boar, but almost all had horse and cattle",guesstimated based on 0.2-0.5 animal units / ha,0.2 Bos primigenius taurus; 0.2 Equus ferus caballus,0,individuals,hectare,17,,6205,1,2014,cumulative,diversity,vegetation,plants,aboveground,,higher_level,all plants,species richness,species / 16m2,T,mean,SE,,,18.4,0.9,60,13.47,1.5,30,,,JT
dp_482,"Rupprecht et al 2016 Agriculture, Ecosystems & Environment",Effects of year-round grazing on the vegetation of nutrient-poor grass- and heathlands—Evidence from a large-scale survey,https://doi.org/10.1016/j.agee.2016.02.015,Semi-Domestic,Study looks at 5 grazing projects in northwest germany and the netherlands. Compares grazed vs ungrazed,"all sites have different size and age, takoing the average",,,,distal comparison with and without,with_introduction,1016,5,10160000,5,16,12 per site,,,,Europe,53.61946051,10.20765484,"poor, capatures 1 of 5 sites",North-West Germany & Netherlands,Bos primigenius taurus; Equus ferus caballus,,"Some reserves additionally introduced red deer and wild boar, but almost all had horse and cattle",guesstimated based on 0.2-0.5 animal units / ha,0.2 Bos primigenius taurus; 0.2 Equus ferus caballus,0,individuals,hectare,17,,6205,1,2014,cumulative,diversity,vegetation,plants,aboveground,,higher_level,all plants,red list species richness,,T,mean,SE,,,2.38,0.2,60,1.13,0.2,30,,,JT
dp_483,"Rupprecht et al 2016 Agriculture, Ecosystems & Environment",Effects of year-round grazing on the vegetation of nutrient-poor grass- and heathlands—Evidence from a large-scale survey,https://doi.org/10.1016/j.agee.2016.02.015,Semi-Domestic,Study looks at 5 grazing projects in northwest germany and the netherlands. Compares grazed vs ungrazed,"all sites have different size and age, takoing the average",,,,distal comparison with and without,with_introduction,1016,5,10160000,5,16,12 per site,,,,Europe,53.61946051,10.20765484,"poor, capatures 1 of 5 sites",North-West Germany & Netherlands,Bos primigenius taurus; Equus ferus caballus,,"Some reserves additionally introduced red deer and wild boar, but almost all had horse and cattle",guesstimated based on 0.2-0.5 animal units / ha,0.2 Bos primigenius taurus; 0.2 Equus ferus caballus,0,individuals,hectare,17,,6205,1,2014,cumulative,diversity,vegetation,plants,aboveground,,higher_level,all plants,shannon diversity,,T,mean,SE,,,1.56,0.1,60,1.35,0.1,30,,,JT
dp_484,"Rupprecht et al 2016 Agriculture, Ecosystems & Environment",Effects of year-round grazing on the vegetation of nutrient-poor grass- and heathlands—Evidence from a large-scale survey,https://doi.org/10.1016/j.agee.2016.02.015,Semi-Domestic,Study looks at 5 grazing projects in northwest germany and the netherlands. Compares grazed vs ungrazed,"all sites have different size and age, takoing the average",,,,distal comparison with and without,with_introduction,1016,5,10160000,5,16,12 per site,,,,Europe,53.61946051,10.20765484,"poor, capatures 1 of 5 sites",North-West Germany & Netherlands,Bos primigenius taurus; Equus ferus caballus,,"Some reserves additionally introduced red deer and wild boar, but almost all had horse and cattle",guesstimated based on 0.2-0.5 animal units / ha,0.2 Bos primigenius taurus; 0.2 Equus ferus caballus,0,individuals,hectare,17,,6205,1,2014,cumulative,diversity,vegetation,plants,aboveground,,higher_level,all plants,evenness,,T,mean,SE,,,0.54,0.00001,60,0.53,0.00001,30,,,JT
dp_485,"Rupprecht et al 2016 Agriculture, Ecosystems & Environment",Effects of year-round grazing on the vegetation of nutrient-poor grass- and heathlands—Evidence from a large-scale survey,https://doi.org/10.1016/j.agee.2016.02.015,Semi-Domestic,Study looks at 5 grazing projects in northwest germany and the netherlands. Compares grazed vs ungrazed,"all sites have different size and age, takoing the average",,,,distal comparison with and without,with_introduction,1016,5,10160000,5,16,12 per site,,,,Europe,53.61946051,10.20765484,"poor, capatures 1 of 5 sites",North-West Germany & Netherlands,Bos primigenius taurus; Equus ferus caballus,,"Some reserves additionally introduced red deer and wild boar, but almost all had horse and cattle",guesstimated based on 0.2-0.5 animal units / ha,0.2 Bos primigenius taurus; 0.2 Equus ferus caballus,0,individuals,hectare,17,,6205,1,2014,cumulative,biomass,vegetation,plants,aboveground,,higher_level,all plants,biomass,g/m2,T,mean,SE,,,182,14.3,60,290.66,31.1,30,,,JT
dp_486,"Rupprecht et al 2016 Agriculture, Ecosystems & Environment",Effects of year-round grazing on the vegetation of nutrient-poor grass- and heathlands—Evidence from a large-scale survey,https://doi.org/10.1016/j.agee.2016.02.015,Semi-Domestic,Study looks at 5 grazing projects in northwest germany and the netherlands. Compares grazed vs ungrazed,"all sites have different size and age, takoing the average",,,,distal comparison with and without,with_introduction,1016,5,10160000,5,16,12 per site,,,,Europe,53.61946051,10.20765484,"poor, capatures 1 of 5 sites",North-West Germany & Netherlands,Bos primigenius taurus; Equus ferus caballus,,"Some reserves additionally introduced red deer and wild boar, but almost all had horse and cattle",guesstimated based on 0.2-0.5 animal units / ha,0.2 Bos primigenius taurus; 0.2 Equus ferus caballus,0,individuals,hectare,17,,6205,1,2014,cumulative,vegetation_structure,vegetation,plants,aboveground,,higher_level,all plants,vegetation height,cm,T,mean,SE,,,35.71,2.9,60,60.17,5,30,,,JT
dp_487,"Rupprecht et al 2016 Agriculture, Ecosystems & Environment",Effects of year-round grazing on the vegetation of nutrient-poor grass- and heathlands—Evidence from a large-scale survey,https://doi.org/10.1016/j.agee.2016.02.015,Semi-Domestic,Study looks at 5 grazing projects in northwest germany and the netherlands. Compares grazed vs ungrazed,"all sites have different size and age, takoing the average",,,,distal comparison with and without,with_introduction,1016,5,10160000,5,16,12 per site,,,,Europe,53.61946051,10.20765484,"poor, capatures 1 of 5 sites",North-West Germany & Netherlands,Bos primigenius taurus; Equus ferus caballus,,"Some reserves additionally introduced red deer and wild boar, but almost all had horse and cattle",guesstimated based on 0.2-0.5 animal units / ha,0.2 Bos primigenius taurus; 0.2 Equus ferus caballus,0,individuals,hectare,17,,6205,1,2014,cumulative,vegetation_structure,vegetation,herbs,aboveground,,higher_level,herbs,cover,%,T,mean,SE,,,88.13,1.5,60,87.33,2.4,30,,,JT
dp_488,"Rupprecht et al 2016 Agriculture, Ecosystems & Environment",Effects of year-round grazing on the vegetation of nutrient-poor grass- and heathlands—Evidence from a large-scale survey,https://doi.org/10.1016/j.agee.2016.02.015,Semi-Domestic,Study looks at 5 grazing projects in northwest germany and the netherlands. Compares grazed vs ungrazed,"all sites have different size and age, takoing the average",,,,distal comparison with and without,with_introduction,1016,5,10160000,5,16,12 per site,,,,Europe,53.61946051,10.20765484,"poor, capatures 1 of 5 sites",North-West Germany & Netherlands,Bos primigenius taurus; Equus ferus caballus,,"Some reserves additionally introduced red deer and wild boar, but almost all had horse and cattle",guesstimated based on 0.2-0.5 animal units / ha,0.2 Bos primigenius taurus; 0.2 Equus ferus caballus,0,individuals,hectare,17,,6205,1,2014,cumulative,vegetation_structure,vegetation,bryophytes,aboveground,,higher_level,moss,cover,%,T,mean,SE,,,59.8,3.4,60,57.08,5.9,30,,,JT
dp_489,"Rupprecht et al 2016 Agriculture, Ecosystems & Environment",Effects of year-round grazing on the vegetation of nutrient-poor grass- and heathlands—Evidence from a large-scale survey,https://doi.org/10.1016/j.agee.2016.02.015,Semi-Domestic,Study looks at 5 grazing projects in northwest germany and the netherlands. Compares grazed vs ungrazed,"all sites have different size and age, takoing the average",,,,distal comparison with and without,with_introduction,1016,5,10160000,5,16,12 per site,,,,Europe,53.61946051,10.20765484,"poor, capatures 1 of 5 sites",North-West Germany & Netherlands,Bos primigenius taurus; Equus ferus caballus,,"Some reserves additionally introduced red deer and wild boar, but almost all had horse and cattle",guesstimated based on 0.2-0.5 animal units / ha,0.2 Bos primigenius taurus; 0.2 Equus ferus caballus,0,individuals,hectare,17,,6205,1,2014,cumulative,vegetation_structure,vegetation,bryophytes,aboveground,,higher_level,lichens,cover,%,T,mean,SE,,,0.21,0.1,60,0.15,0.1,30,,,JT
dp_490,"Rupprecht et al 2016 Agriculture, Ecosystems & Environment",Effects of year-round grazing on the vegetation of nutrient-poor grass- and heathlands—Evidence from a large-scale survey,https://doi.org/10.1016/j.agee.2016.02.015,Semi-Domestic,Study looks at 5 grazing projects in northwest germany and the netherlands. Compares grazed vs ungrazed,"all sites have different size and age, takoing the average",,,,distal comparison with and without,with_introduction,1016,5,10160000,5,16,12 per site,,,,Europe,53.61946051,10.20765484,"poor, capatures 1 of 5 sites",North-West Germany & Netherlands,Bos primigenius taurus; Equus ferus caballus,,"Some reserves additionally introduced red deer and wild boar, but almost all had horse and cattle",guesstimated based on 0.2-0.5 animal units / ha,0.2 Bos primigenius taurus; 0.2 Equus ferus caballus,0,individuals,hectare,17,,6205,1,2014,cumulative,vegetation_structure,vegetation,grass,aboveground,,higher_level,grass,cover,%,T,mean,SE,,,63.4,3.7,60,53.58,6.5,30,,,JT
dp_491,"Rupprecht et al 2016 Agriculture, Ecosystems & Environment",Effects of year-round grazing on the vegetation of nutrient-poor grass- and heathlands—Evidence from a large-scale survey,https://doi.org/10.1016/j.agee.2016.02.015,Semi-Domestic,Study looks at 5 grazing projects in northwest germany and the netherlands. Compares grazed vs ungrazed,"all sites have different size and age, takoing the average",,,,distal comparison with and without,with_introduction,1016,5,10160000,5,16,12 per site,,,,Europe,53.61946051,10.20765484,"poor, capatures 1 of 5 sites",North-West Germany & Netherlands,Bos primigenius taurus; Equus ferus caballus,,"Some reserves additionally introduced red deer and wild boar, but almost all had horse and cattle",guesstimated based on 0.2-0.5 animal units / ha,0.2 Bos primigenius taurus; 0.2 Equus ferus caballus,0,individuals,hectare,17,,6205,1,2014,cumulative,vegetation_structure,vegetation,litter,aboveground,,higher_level,all plants,cover,%,T,mean,SE,,,49.83,4.8,60,76.03,5.4,30,,,JT
dp_492,"Rupprecht et al 2016 Agriculture, Ecosystems & Environment",Effects of year-round grazing on the vegetation of nutrient-poor grass- and heathlands—Evidence from a large-scale survey,https://doi.org/10.1016/j.agee.2016.02.015,Semi-Domestic,Study looks at 5 grazing projects in northwest germany and the netherlands. Compares grazed vs ungrazed,"all sites have different size and age, takoing the average",,,,distal comparison with and without,with_introduction,1016,5,10160000,5,16,12 per site,,,,Europe,53.61946051,10.20765484,"poor, capatures 1 of 5 sites",North-West Germany & Netherlands,Bos primigenius taurus; Equus ferus caballus,,"Some reserves additionally introduced red deer and wild boar, but almost all had horse and cattle",guesstimated based on 0.2-0.5 animal units / ha,0.2 Bos primigenius taurus; 0.2 Equus ferus caballus,0,individuals,hectare,17,,6205,1,2014,cumulative,vegetation_structure,vegetation,woodies,aboveground,,higher_level,woody plants,cover,%,T,mean,SE,,,0.7,0.2,60,14.3,3.9,30,,,JT
dp_493,"Rupprecht et al 2016 Agriculture, Ecosystems & Environment",Effects of year-round grazing on the vegetation of nutrient-poor grass- and heathlands—Evidence from a large-scale survey,https://doi.org/10.1016/j.agee.2016.02.015,Semi-Domestic,Study looks at 5 grazing projects in northwest germany and the netherlands. Compares grazed vs ungrazed,"all sites have different size and age, takoing the average",,,,distal comparison with and without,with_introduction,1016,5,10160000,5,16,12 per site,,,,Europe,53.61946051,10.20765484,"poor, capatures 1 of 5 sites",North-West Germany & Netherlands,Bos primigenius taurus; Equus ferus caballus,,"Some reserves additionally introduced red deer and wild boar, but almost all had horse and cattle",guesstimated based on 0.2-0.5 animal units / ha,0.2 Bos primigenius taurus; 0.2 Equus ferus caballus,0,individuals,hectare,17,,6205,1,2014,cumulative,soil_cover,soil,soil,belowground 0-10cm,,higher_level,soil ,bare ground,%,T,mean,SE,,,5.89,1,60,4.28,1.7,30,,,JT
dp_494,"Rupprecht et al 2016 Agriculture, Ecosystems & Environment",Effects of year-round grazing on the vegetation of nutrient-poor grass- and heathlands—Evidence from a large-scale survey,https://doi.org/10.1016/j.agee.2016.02.015,Semi-Domestic,Study looks at 5 grazing projects in northwest germany and the netherlands. Compares grazed vs ungrazed,"all sites have different size and age, takoing the average",,,,distal comparison with and without,with_introduction,1016,5,10160000,5,16,12 per site,,,,Europe,53.61946051,10.20765484,"poor, capatures 1 of 5 sites",North-West Germany & Netherlands,Bos primigenius taurus; Equus ferus caballus,,"Some reserves additionally introduced red deer and wild boar, but almost all had horse and cattle",guesstimated based on 0.2-0.5 animal units / ha,0.2 Bos primigenius taurus; 0.2 Equus ferus caballus,0,individuals,hectare,17,,6205,1,2014,cumulative,soil_nutrients,soil,soil,belowground 0-10cm,,higher_level,soil,P,mg/100 g,T,mean,SE,,,1.78,0.2,60,2.01,0.4,30,,,JT
dp_495,"Rupprecht et al 2016 Agriculture, Ecosystems & Environment",Effects of year-round grazing on the vegetation of nutrient-poor grass- and heathlands—Evidence from a large-scale survey,https://doi.org/10.1016/j.agee.2016.02.015,Semi-Domestic,Study looks at 5 grazing projects in northwest germany and the netherlands. Compares grazed vs ungrazed,"all sites have different size and age, takoing the average",,,,distal comparison with and without,with_introduction,1016,5,10160000,5,16,12 per site,,,,Europe,53.61946051,10.20765484,"poor, capatures 1 of 5 sites",North-West Germany & Netherlands,Bos primigenius taurus; Equus ferus caballus,,"Some reserves additionally introduced red deer and wild boar, but almost all had horse and cattle",guesstimated based on 0.2-0.5 animal units / ha,0.2 Bos primigenius taurus; 0.2 Equus ferus caballus,0,individuals,hectare,17,,6205,1,2014,cumulative,soil_nutrients,soil,soil,belowground 0-10cm,,higher_level,soil,K,mg/100 g,T,mean,SE,,,4.27,0.3,60,3.84,0.4,30,,,JT
dp_496,"Rupprecht et al 2016 Agriculture, Ecosystems & Environment",Effects of year-round grazing on the vegetation of nutrient-poor grass- and heathlands—Evidence from a large-scale survey,https://doi.org/10.1016/j.agee.2016.02.015,Semi-Domestic,Study looks at 5 grazing projects in northwest germany and the netherlands. Compares grazed vs ungrazed,"all sites have different size and age, takoing the average",,,,distal comparison with and without,with_introduction,1016,5,10160000,5,16,12 per site,,,,Europe,53.61946051,10.20765484,"poor, capatures 1 of 5 sites",North-West Germany & Netherlands,Bos primigenius taurus; Equus ferus caballus,,"Some reserves additionally introduced red deer and wild boar, but almost all had horse and cattle",guesstimated based on 0.2-0.5 animal units / ha,0.2 Bos primigenius taurus; 0.2 Equus ferus caballus,0,individuals,hectare,17,,6205,1,2014,cumulative,soil_conditions,soil,soil,belowground 0-10cm,,higher_level,soil,pH (CaCl₂),,T,mean,SE,,,4.15,0.1,60,4.23,0.2,30,,,JT
dp_497,"Rupprecht et al 2016 Agriculture, Ecosystems & Environment",Effects of year-round grazing on the vegetation of nutrient-poor grass- and heathlands—Evidence from a large-scale survey,https://doi.org/10.1016/j.agee.2016.02.015,Semi-Domestic,Study looks at 5 grazing projects in northwest germany and the netherlands. Compares grazed vs ungrazed,"all sites have different size and age, takoing the average",,,,distal comparison with and without,with_introduction,1016,5,10160000,5,16,12 per site,,,,Europe,53.61946051,10.20765484,"poor, capatures 1 of 5 sites",North-West Germany & Netherlands,Bos primigenius taurus; Equus ferus caballus,,"Some reserves additionally introduced red deer and wild boar, but almost all had horse and cattle",guesstimated based on 0.2-0.5 animal units / ha,0.2 Bos primigenius taurus; 0.2 Equus ferus caballus,0,individuals,hectare,17,,6205,1,2014,cumulative,plant_nutrients,vegetation,plants,aboveground,,higher_level,all plants,C,%,T,mean,SE,,,45.98,0.1,60,46.46,0.2,30,,,JT
dp_498,"Rupprecht et al 2016 Agriculture, Ecosystems & Environment",Effects of year-round grazing on the vegetation of nutrient-poor grass- and heathlands—Evidence from a large-scale survey,https://doi.org/10.1016/j.agee.2016.02.015,Semi-Domestic,Study looks at 5 grazing projects in northwest germany and the netherlands. Compares grazed vs ungrazed,"all sites have different size and age, takoing the average",,,,distal comparison with and without,with_introduction,1016,5,10160000,5,16,12 per site,,,,Europe,53.61946051,10.20765484,"poor, capatures 1 of 5 sites",North-West Germany & Netherlands,Bos primigenius taurus; Equus ferus caballus,,"Some reserves additionally introduced red deer and wild boar, but almost all had horse and cattle",guesstimated based on 0.2-0.5 animal units / ha,0.2 Bos primigenius taurus; 0.2 Equus ferus caballus,0,individuals,hectare,17,,6205,1,2014,cumulative,soil_nutrients,soil,soil,aboveground,,higher_level,all plants,N,%,T,mean,SE,,,1.45,0.1,60,1.22,0.1,30,,,JT
dp_499,"Rupprecht et al 2016 Agriculture, Ecosystems & Environment",Effects of year-round grazing on the vegetation of nutrient-poor grass- and heathlands—Evidence from a large-scale survey,https://doi.org/10.1016/j.agee.2016.02.015,Semi-Domestic,Study looks at 5 grazing projects in northwest germany and the netherlands. Compares grazed vs ungrazed,"all sites have different size and age, takoing the average",,,,distal comparison with and without,with_introduction,1016,5,10160000,5,16,12 per site,,,,Europe,53.61946051,10.20765484,"poor, capatures 1 of 5 sites",North-West Germany & Netherlands,Bos primigenius taurus; Equus ferus caballus,,"Some reserves additionally introduced red deer and wild boar, but almost all had horse and cattle",guesstimated based on 0.2-0.5 animal units / ha,0.2 Bos primigenius taurus; 0.2 Equus ferus caballus,0,individuals,hectare,17,,6205,1,2014,cumulative,soil_nutrients,soil,soil,aboveground,,higher_level,all plants,P,%,T,mean,SE,,,0.24,0.00001,60,0.29,0.0001,30,,"some errors were 0, set to a very small number to enable effect size calculation",JT
dp_500,"Rupprecht et al 2016 Agriculture, Ecosystems & Environment",Effects of year-round grazing on the vegetation of nutrient-poor grass- and heathlands—Evidence from a large-scale survey,https://doi.org/10.1016/j.agee.2016.02.015,Semi-Domestic,Study looks at 5 grazing projects in northwest germany and the netherlands. Compares grazed vs ungrazed,"all sites have different size and age, takoing the average",,,,distal comparison with and without,with_introduction,1016,5,10160000,5,16,12 per site,,,,Europe,53.61946051,10.20765484,"poor, capatures 1 of 5 sites",North-West Germany & Netherlands,Bos primigenius taurus; Equus ferus caballus,,"Some reserves additionally introduced red deer and wild boar, but almost all had horse and cattle",guesstimated based on 0.2-0.5 animal units / ha,0.2 Bos primigenius taurus; 0.2 Equus ferus caballus,0,individuals,hectare,17,,6205,1,2014,cumulative,soil_nutrients,soil,soil,aboveground,,higher_level,all plants,K,%,T,mean,SE,,,1.37,0.1,60,1.63,0.1,30,,,JT
dp_501,"Rupprecht et al 2016 Agriculture, Ecosystems & Environment",Effects of year-round grazing on the vegetation of nutrient-poor grass- and heathlands—Evidence from a large-scale survey,https://doi.org/10.1016/j.agee.2016.02.015,Semi-Domestic,Study looks at 5 grazing projects in northwest germany and the netherlands. Compares grazed vs ungrazed,"all sites have different size and age, takoing the average",,,,distal comparison with and without,with_introduction,1016,5,10160000,5,16,12 per site,,,,Europe,53.61946051,10.20765484,"poor, capatures 1 of 5 sites",North-West Germany & Netherlands,Bos primigenius taurus; Equus ferus caballus,,"Some reserves additionally introduced red deer and wild boar, but almost all had horse and cattle",guesstimated based on 0.2-0.5 animal units / ha,0.2 Bos primigenius taurus; 0.2 Equus ferus caballus,0,individuals,hectare,17,,6205,1,2014,cumulative,soil_nutrients,soil,soil,aboveground,,higher_level,all plants,Ca,%,T,mean,SE,,,0.66,0.00001,60,0.83,0.1,30,,,JT
dp_502,"Rupprecht et al 2016 Agriculture, Ecosystems & Environment",Effects of year-round grazing on the vegetation of nutrient-poor grass- and heathlands—Evidence from a large-scale survey,https://doi.org/10.1016/j.agee.2016.02.015,Semi-Domestic,Study looks at 5 grazing projects in northwest germany and the netherlands. Compares grazed vs ungrazed,"all sites have different size and age, takoing the average",,,,distal comparison with and without,with_introduction,1016,5,10160000,5,16,12 per site,,,,Europe,53.61946051,10.20765484,"poor, capatures 1 of 5 sites",North-West Germany & Netherlands,Bos primigenius taurus; Equus ferus caballus,,"Some reserves additionally introduced red deer and wild boar, but almost all had horse and cattle",guesstimated based on 0.2-0.5 animal units / ha,0.2 Bos primigenius taurus; 0.2 Equus ferus caballus,0,individuals,hectare,17,,6205,1,2014,cumulative,soil_nutrients,soil,soil,aboveground,,higher_level,all plants,Mg,%,T,mean,SE,,,0.27,0.00001,60,0.27,0.0001,30,,,JT
dp_503,Stroh et al 2021 European Journal of Ecology,The effects of extensive grazing on the vegetation of a landscape-scale restoration site ,https://doi.org/10.17161/eurojecol.v7i2.15606 ,Semi-Domestic,"Study looks at the effect of introduced konik horses and highland cattle on plants, using exclosures ",,,,,inside vs outside exclosure,post_introduction,119,1,1190000,1,625,7 exclosures,,,,Europe,52.3099813,0.2896646527,ok,Wicked Fen,Bos primigenius taurus; Equus ferus caballus,,,,0.12 Bos primigenius taurus; 0.41 Equus ferus caballus,0,individuals,hectare,2,,730,1,2008,cumulative,diversity,vegetation,plants,aboveground,,higher_level,all plants,species richness,,T,mean,SE,Fig_5,"2008, grazed = black solid vs ungrazed (black dashed line)",7.6991,1.1589,14,7.3894,1.49,14,,,JT
dp_504,Stroh et al 2021 European Journal of Ecology,The effects of extensive grazing on the vegetation of a landscape-scale restoration site ,https://doi.org/10.17161/eurojecol.v7i2.15606 ,Semi-Domestic,"Study looks at the effect of introduced konik horses and highland cattle on plants, using exclosures ",,,,,inside vs outside exclosure,post_introduction,119,1,1190000,1,625,7 exclosures,,,,Europe,52.3099813,0.2896646527,ok,Wicked Fen,Bos primigenius taurus; Equus ferus caballus,,,,0.12 Bos primigenius taurus; 0.41 Equus ferus caballus,0,individuals,hectare,3,,1095,1,2009,cumulative,diversity,vegetation,plants,aboveground,,higher_level,all plants,species richness,,T,mean,SE,Fig_5,"2009, grazed = black solid vs ungrazed (black dashed line)",8.1416,1.8212,14,7.9204,1.9867,14,,,JT
dp_505,Stroh et al 2021 European Journal of Ecology,The effects of extensive grazing on the vegetation of a landscape-scale restoration site ,https://doi.org/10.17161/eurojecol.v7i2.15606 ,Semi-Domestic,"Study looks at the effect of introduced konik horses and highland cattle on plants, using exclosures ",,,,,inside vs outside exclosure,post_introduction,119,1,1190000,1,625,7 exclosures,,,,Europe,52.3099813,0.2896646527,ok,Wicked Fen,Bos primigenius taurus; Equus ferus caballus,,,,0.12 Bos primigenius taurus; 0.41 Equus ferus caballus,0,individuals,hectare,4,,1460,1,2010,cumulative,diversity,vegetation,plants,aboveground,,higher_level,all plants,species richness,,T,mean,SE,Fig_5,"2010, grazed = black solid vs ungrazed (black dashed line)",8.7168,2.649,14,7.3894,1.9867,14,,,JT
dp_506,Stroh et al 2021 European Journal of Ecology,The effects of extensive grazing on the vegetation of a landscape-scale restoration site ,https://doi.org/10.17161/eurojecol.v7i2.15606 ,Semi-Domestic,"Study looks at the effect of introduced konik horses and highland cattle on plants, using exclosures ",,,,,inside vs outside exclosure,post_introduction,119,1,1190000,1,625,7 exclosures,,,,Europe,52.3099813,0.2896646527,ok,Wicked Fen,Bos primigenius taurus; Equus ferus caballus,,,,0.12 Bos primigenius taurus; 0.41 Equus ferus caballus,0,individuals,hectare,5,,1825,1,2011,cumulative,diversity,vegetation,plants,aboveground,,higher_level,all plants,species richness,,T,mean,SE,Fig_5,"2011, grazed = black solid vs ungrazed (black dashed line)",9.2035,2.649,14,6.7699,1.8212,14,,,JT
dp_507,Stroh et al 2021 European Journal of Ecology,The effects of extensive grazing on the vegetation of a landscape-scale restoration site ,https://doi.org/10.17161/eurojecol.v7i2.15606 ,Semi-Domestic,"Study looks at the effect of introduced konik horses and highland cattle on plants, using exclosures ",,,,,inside vs outside exclosure,post_introduction,119,1,1190000,1,625,7 exclosures,,,,Europe,52.3099813,0.2896646527,ok,Wicked Fen,Bos primigenius taurus; Equus ferus caballus,,,,0.12 Bos primigenius taurus; 0.41 Equus ferus caballus,0,individuals,hectare,6,,2190,1,2012,cumulative,diversity,vegetation,plants,aboveground,,higher_level,all plants,species richness,,T,mean,SE,Fig_5,"2012, grazed = black solid vs ungrazed (black dashed line)",9.3805,2.3178,14,6.5487,1.3245,14,,,JT
dp_508,Stroh et al 2021 European Journal of Ecology,The effects of extensive grazing on the vegetation of a landscape-scale restoration site ,https://doi.org/10.17161/eurojecol.v7i2.15606 ,Semi-Domestic,"Study looks at the effect of introduced konik horses and highland cattle on plants, using exclosures ",,,,,inside vs outside exclosure,post_introduction,119,1,1190000,1,625,7 exclosures,,,,Europe,52.3099813,0.2896646527,ok,Wicked Fen,Bos primigenius taurus; Equus ferus caballus,,,,0.12 Bos primigenius taurus; 0.41 Equus ferus caballus,0,individuals,hectare,7,,2555,1,2013,cumulative,diversity,vegetation,plants,aboveground,,higher_level,all plants,species richness,,T,mean,SE,Fig_5,"2013, grazed = black solid vs ungrazed (black dashed line)",9.7345,2.8145,14,7.6106,1.9867,14,,,JT
dp_509,Stroh et al 2021 European Journal of Ecology,The effects of extensive grazing on the vegetation of a landscape-scale restoration site ,https://doi.org/10.17161/eurojecol.v7i2.15606 ,Semi-Domestic,"Study looks at the effect of introduced konik horses and highland cattle on plants, using exclosures ",,,,,inside vs outside exclosure,post_introduction,119,1,1190000,1,625,7 exclosures,,,,Europe,52.3099813,0.2896646527,ok,Wicked Fen,Bos primigenius taurus; Equus ferus caballus,,,,0.12 Bos primigenius taurus; 0.41 Equus ferus caballus,0,individuals,hectare,8,,2920,1,2014,cumulative,diversity,vegetation,plants,aboveground,,higher_level,all plants,species richness,,T,mean,SE,Fig_5,"2014, grazed = black solid vs ungrazed (black dashed line)",7.7876,3.4768,14,5.9735,1.3245,14,,,JT
dp_510,Stroh et al 2021 European Journal of Ecology,The effects of extensive grazing on the vegetation of a landscape-scale restoration site ,https://doi.org/10.17161/eurojecol.v7i2.15606 ,Semi-Domestic,"Study looks at the effect of introduced konik horses and highland cattle on plants, using exclosures ",,,,,inside vs outside exclosure,post_introduction,119,1,1190000,1,625,7 exclosures,,,,Europe,52.3099813,0.2896646527,ok,Wicked Fen,Bos primigenius taurus; Equus ferus caballus,,,,0.12 Bos primigenius taurus; 0.41 Equus ferus caballus,0,individuals,hectare,11,,4015,1,2017,cumulative,diversity,vegetation,plants,aboveground,,higher_level,all plants,species richness,,T,mean,SE,Fig_5,"2017, grazed = black solid vs ungrazed (black dashed line)",9.469,2.9801,14,7.1239,2.3178,14,,,JT
,,,,,,,,,,,,,,,,,,,,,,,,,,,,,,,,,,,,,,,,,,,,,,,,,T,,,,,,,,,,,,,
,,,,,,,,,,,,,,,,,,,,,,,,,,,,,,,,,,,,,,,,,,,,,,,,,T,,,,,,,,,,,,,
,,,,,,,,,,,,,,,,,,,,,,,,,,,,,,,,,,,,,,,,,,,,,,,,,T,,,,,,,,,,,,,
,,,,,,,,,,,,,,,,,,,,,,,,,,,,,,,,,,,,,,,,,,,,,,,,,T,,,,,,,,,,,,,
,,,,,,,,,,,,,,,,,,,,,,,,,,,,,,,,,,,,,,,,,,,,,,,,,T,,,,,,,,,,,,,
,,,,,,,,,,,,,,,,,,,,,,,,,,,,,,,,,,,,,,,,,,,,,,,,,T,,,,,,,,,,,,,
,,,,,,,,,,,,,,,,,,,,,,,,,,,,,,,,,,,,,,,,,,,,,,,,,T,,,,,,,,,,,,,
,,,,,,,,,,,,,,,,,,,,,,,,,,,,,,,,,,,,,,,,,,,,,,,,,T,,,,,,,,,,,,,
,,,,,,,,,,,,,,,,,,,,,,,,,,,,,,,,,,,,,,,,,,,,,,,,,T,,,,,,,,,,,,,
,,,,,,,,,,,,,,,,,,,,,,,,,,,,,,,,,,,,,,,,,,,,,,,,,T,,,,,,,,,,,,,
,,,,,,,,,,,,,,,,,,,,,,,,,,,,,,,,,,,,,,,,,,,,,,,,,T,,,,,,,,,,,,,
,,,,,,,,,,,,,,,,,,,,,,,,,,,,,,,,,,,,,,,,,,,,,,,,,T,,,,,,,,,,,,,
,,,,,,,,,,,,,,,,,,,,,,,,,,,,,,,,,,,,,,,,,,,,,,,,,T,,,,,,,,,,,,,
,,,,,,,,,,,,,,,,,,,,,,,,,,,,,,,,,,,,,,,,,,,,,,,,,T,,,,,,,,,,,,,
,,,,,,,,,,,,,,,,,,,,,,,,,,,,,,,,,,,,,,,,,,,,,,,,,T,,,,,,,,,,,,,
,,,,,,,,,,,,,,,,,,,,,,,,,,,,,,,,,,,,,,,,,,,,,,,,,T,,,,,,,,,,,,,
,,,,,,,,,,,,,,,,,,,,,,,,,,,,,,,,,,,,,,,,,,,,,,,,,T,,,,,,,,,,,,,
,,,,,,,,,,,,,,,,,,,,,,,,,,,,,,,,,,,,,,,,,,,,,,,,,T,,,,,,,,,,,,,
,,,,,,,,,,,,,,,,,,,,,,,,,,,,,,,,,,,,,,,,,,,,,,,,,T,,,,,,,,,,,,,
,,,,,,,,,,,,,,,,,,,,,,,,,,,,,,,,,,,,,,,,,,,,,,,,,T,,,,,,,,,,,,,
,,,,,,,,,,,,,,,,,,,,,,,,,,,,,,,,,,,,,,,,,,,,,,,,,T,,,,,,,,,,,,,
,,,,,,,,,,,,,,,,,,,,,,,,,,,,,,,,,,,,,,,,,,,,,,,,,T,,,,,,,,,,,,,
,,,,,,,,,,,,,,,,,,,,,,,,,,,,,,,,,,,,,,,,,,,,,,,,,T,,,,,,,,,,,,,
,,,,,,,,,,,,,,,,,,,,,,,,,,,,,,,,,,,,,,,,,,,,,,,,,T,,,,,,,,,,,,,
,,,,,,,,,,,,,,,,,,,,,,,,,,,,,,,,,,,,,,,,,,,,,,,,,T,,,,,,,,,,,,,
,,,,,,,,,,,,,,,,,,,,,,,,,,,,,,,,,,,,,,,,,,,,,,,,,T,,,,,,,,,,,,,
,,,,,,,,,,,,,,,,,,,,,,,,,,,,,,,,,,,,,,,,,,,,,,,,,T,,,,,,,,,,,,,
,,,,,,,,,,,,,,,,,,,,,,,,,,,,,,,,,,,,,,,,,,,,,,,,,T,,,,,,,,,,,,,
,,,,,,,,,,,,,,,,,,,,,,,,,,,,,,,,,,,,,,,,,,,,,,,,,T,,,,,,,,,,,,,
,,,,,,,,,,,,,,,,,,,,,,,,,,,,,,,,,,,,,,,,,,,,,,,,,T,,,,,,,,,,,,,
,,,,,,,,,,,,,,,,,,,,,,,,,,,,,,,,,,,,,,,,,,,,,,,,,T,,,,,,,,,,,,,
,,,,,,,,,,,,,,,,,,,,,,,,,,,,,,,,,,,,,,,,,,,,,,,,,T,,,,,,,,,,,,,
,,,,,,,,,,,,,,,,,,,,,,,,,,,,,,,,,,,,,,,,,,,,,,,,,T,,,,,,,,,,,,,
,,,,,,,,,,,,,,,,,,,,,,,,,,,,,,,,,,,,,,,,,,,,,,,,,T,,,,,,,,,,,,,
,,,,,,,,,,,,,,,,,,,,,,,,,,,,,,,,,,,,,,,,,,,,,,,,,T,,,,,,,,,,,,,
,,,,,,,,,,,,,,,,,,,,,,,,,,,,,,,,,,,,,,,,,,,,,,,,,T,,,,,,,,,,,,,
,,,,,,,,,,,,,,,,,,,,,,,,,,,,,,,,,,,,,,,,,,,,,,,,,T,,,,,,,,,,,,,
,,,,,,,,,,,,,,,,,,,,,,,,,,,,,,,,,,,,,,,,,,,,,,,,,T,,,,,,,,,,,,,
,,,,,,,,,,,,,,,,,,,,,,,,,,,,,,,,,,,,,,,,,,,,,,,,,T,,,,,,,,,,,,,
,,,,,,,,,,,,,,,,,,,,,,,,,,,,,,,,,,,,,,,,,,,,,,,,,T,,,,,,,,,,,,,
,,,,,,,,,,,,,,,,,,,,,,,,,,,,,,,,,,,,,,,,,,,,,,,,,T,,,,,,,,,,,,,
,,,,,,,,,,,,,,,,,,,,,,,,,,,,,,,,,,,,,,,,,,,,,,,,,T,,,,,,,,,,,,,
,,,,,,,,,,,,,,,,,,,,,,,,,,,,,,,,,,,,,,,,,,,,,,,,,T,,,,,,,,,,,,,
,,,,,,,,,,,,,,,,,,,,,,,,,,,,,,,,,,,,,,,,,,,,,,,,,T,,,,,,,,,,,,,
,,,,,,,,,,,,,,,,,,,,,,,,,,,,,,,,,,,,,,,,,,,,,,,,,T,,,,,,,,,,,,,
,,,,,,,,,,,,,,,,,,,,,,,,,,,,,,,,,,,,,,,,,,,,,,,,,T,,,,,,,,,,,,,
,,,,,,,,,,,,,,,,,,,,,,,,,,,,,,,,,,,,,,,,,,,,,,,,,T,,,,,,,,,,,,,
,,,,,,,,,,,,,,,,,,,,,,,,,,,,,,,,,,,,,,,,,,,,,,,,,T,,,,,,,,,,,,,
,,,,,,,,,,,,,,,,,,,,,,,,,,,,,,,,,,,,,,,,,,,,,,,,,T,,,,,,,,,,,,,
,,,,,,,,,,,,,,,,,,,,,,,,,,,,,,,,,,,,,,,,,,,,,,,,,T,,,,,,,,,,,,,
,,,,,,,,,,,,,,,,,,,,,,,,,,,,,,,,,,,,,,,,,,,,,,,,,T,,,,,,,,,,,,,
,,,,,,,,,,,,,,,,,,,,,,,,,,,,,,,,,,,,,,,,,,,,,,,,,T,,,,,,,,,,,,,
,,,,,,,,,,,,,,,,,,,,,,,,,,,,,,,,,,,,,,,,,,,,,,,,,T,,,,,,,,,,,,,
,,,,,,,,,,,,,,,,,,,,,,,,,,,,,,,,,,,,,,,,,,,,,,,,,T,,,,,,,,,,,,,
,,,,,,,,,,,,,,,,,,,,,,,,,,,,,,,,,,,,,,,,,,,,,,,,,T,,,,,,,,,,,,,
,,,,,,,,,,,,,,,,,,,,,,,,,,,,,,,,,,,,,,,,,,,,,,,,,T,,,,,,,,,,,,,
,,,,,,,,,,,,,,,,,,,,,,,,,,,,,,,,,,,,,,,,,,,,,,,,,T,,,,,,,,,,,,,
,,,,,,,,,,,,,,,,,,,,,,,,,,,,,,,,,,,,,,,,,,,,,,,,,T,,,,,,,,,,,,,
,,,,,,,,,,,,,,,,,,,,,,,,,,,,,,,,,,,,,,,,,,,,,,,,,T,,,,,,,,,,,,,
,,,,,,,,,,,,,,,,,,,,,,,,,,,,,,,,,,,,,,,,,,,,,,,,,T,,,,,,,,,,,,,
,,,,,,,,,,,,,,,,,,,,,,,,,,,,,,,,,,,,,,,,,,,,,,,,,T,,,,,,,,,,,,,
,,,,,,,,,,,,,,,,,,,,,,,,,,,,,,,,,,,,,,,,,,,,,,,,,T,,,,,,,,,,,,,
,,,,,,,,,,,,,,,,,,,,,,,,,,,,,,,,,,,,,,,,,,,,,,,,,T,,,,,,,,,,,,,
,,,,,,,,,,,,,,,,,,,,,,,,,,,,,,,,,,,,,,,,,,,,,,,,,T,,,,,,,,,,,,,
,,,,,,,,,,,,,,,,,,,,,,,,,,,,,,,,,,,,,,,,,,,,,,,,,T,,,,,,,,,,,,,
,,,,,,,,,,,,,,,,,,,,,,,,,,,,,,,,,,,,,,,,,,,,,,,,,T,,,,,,,,,,,,,
,,,,,,,,,,,,,,,,,,,,,,,,,,,,,,,,,,,,,,,,,,,,,,,,,T,,,,,,,,,,,,,
,,,,,,,,,,,,,,,,,,,,,,,,,,,,,,,,,,,,,,,,,,,,,,,,,T,,,,,,,,,,,,,
,,,,,,,,,,,,,,,,,,,,,,,,,,,,,,,,,,,,,,,,,,,,,,,,,T,,,,,,,,,,,,,
,,,,,,,,,,,,,,,,,,,,,,,,,,,,,,,,,,,,,,,,,,,,,,,,,T,,,,,,,,,,,,,
,,,,,,,,,,,,,,,,,,,,,,,,,,,,,,,,,,,,,,,,,,,,,,,,,T,,,,,,,,,,,,,
,,,,,,,,,,,,,,,,,,,,,,,,,,,,,,,,,,,,,,,,,,,,,,,,,T,,,,,,,,,,,,,
,,,,,,,,,,,,,,,,,,,,,,,,,,,,,,,,,,,,,,,,,,,,,,,,,T,,,,,,,,,,,,,
,,,,,,,,,,,,,,,,,,,,,,,,,,,,,,,,,,,,,,,,,,,,,,,,,T,,,,,,,,,,,,,
,,,,,,,,,,,,,,,,,,,,,,,,,,,,,,,,,,,,,,,,,,,,,,,,,T,,,,,,,,,,,,,
,,,,,,,,,,,,,,,,,,,,,,,,,,,,,,,,,,,,,,,,,,,,,,,,,T,,,,,,,,,,,,,
,,,,,,,,,,,,,,,,,,,,,,,,,,,,,,,,,,,,,,,,,,,,,,,,,T,,,,,,,,,,,,,
,,,,,,,,,,,,,,,,,,,,,,,,,,,,,,,,,,,,,,,,,,,,,,,,,T,,,,,,,,,,,,,
,,,,,,,,,,,,,,,,,,,,,,,,,,,,,,,,,,,,,,,,,,,,,,,,,T,,,,,,,,,,,,,
,,,,,,,,,,,,,,,,,,,,,,,,,,,,,,,,,,,,,,,,,,,,,,,,,T,,,,,,,,,,,,,
,,,,,,,,,,,,,,,,,,,,,,,,,,,,,,,,,,,,,,,,,,,,,,,,,T,,,,,,,,,,,,,
,,,,,,,,,,,,,,,,,,,,,,,,,,,,,,,,,,,,,,,,,,,,,,,,,T,,,,,,,,,,,,,
,,,,,,,,,,,,,,,,,,,,,,,,,,,,,,,,,,,,,,,,,,,,,,,,,T,,,,,,,,,,,,,
,,,,,,,,,,,,,,,,,,,,,,,,,,,,,,,,,,,,,,,,,,,,,,,,,T,,,,,,,,,,,,,
,,,,,,,,,,,,,,,,,,,,,,,,,,,,,,,,,,,,,,,,,,,,,,,,,T,,,,,,,,,,,,,
,,,,,,,,,,,,,,,,,,,,,,,,,,,,,,,,,,,,,,,,,,,,,,,,,T,,,,,,,,,,,,,
,,,,,,,,,,,,,,,,,,,,,,,,,,,,,,,,,,,,,,,,,,,,,,,,,T,,,,,,,,,,,,,
,,,,,,,,,,,,,,,,,,,,,,,,,,,,,,,,,,,,,,,,,,,,,,,,,T,,,,,,,,,,,,,
,,,,,,,,,,,,,,,,,,,,,,,,,,,,,,,,,,,,,,,,,,,,,,,,,T,,,,,,,,,,,,,
,,,,,,,,,,,,,,,,,,,,,,,,,,,,,,,,,,,,,,,,,,,,,,,,,T,,,,,,,,,,,,,
,,,,,,,,,,,,,,,,,,,,,,,,,,,,,,,,,,,,,,,,,,,,,,,,,T,,,,,,,,,,,,,
,,,,,,,,,,,,,,,,,,,,,,,,,,,,,,,,,,,,,,,,,,,,,,,,,T,,,,,,,,,,,,,
,,,,,,,,,,,,,,,,,,,,,,,,,,,,,,,,,,,,,,,,,,,,,,,,,T,,,,,,,,,,,,,
,,,,,,,,,,,,,,,,,,,,,,,,,,,,,,,,,,,,,,,,,,,,,,,,,T,,,,,,,,,,,,,
,,,,,,,,,,,,,,,,,,,,,,,,,,,,,,,,,,,,,,,,,,,,,,,,,T,,,,,,,,,,,,,
,,,,,,,,,,,,,,,,,,,,,,,,,,,,,,,,,,,,,,,,,,,,,,,,,T,,,,,,,,,,,,,
,,,,,,,,,,,,,,,,,,,,,,,,,,,,,,,,,,,,,,,,,,,,,,,,,T,,,,,,,,,,,,,
,,,,,,,,,,,,,,,,,,,,,,,,,,,,,,,,,,,,,,,,,,,,,,,,,T,,,,,,,,,,,,,
,,,,,,,,,,,,,,,,,,,,,,,,,,,,,,,,,,,,,,,,,,,,,,,,,T,,,,,,,,,,,,,
,,,,,,,,,,,,,,,,,,,,,,,,,,,,,,,,,,,,,,,,,,,,,,,,,T,,,,,,,,,,,,,
,,,,,,,,,,,,,,,,,,,,,,,,,,,,,,,,,,,,,,,,,,,,,,,,,T,,,,,,,,,,,,,
,,,,,,,,,,,,,,,,,,,,,,,,,,,,,,,,,,,,,,,,,,,,,,,,,T,,,,,,,,,,,,,
,,,,,,,,,,,,,,,,,,,,,,,,,,,,,,,,,,,,,,,,,,,,,,,,,T,,,,,,,,,,,,,
,,,,,,,,,,,,,,,,,,,,,,,,,,,,,,,,,,,,,,,,,,,,,,,,,T,,,,,,,,,,,,,
,,,,,,,,,,,,,,,,,,,,,,,,,,,,,,,,,,,,,,,,,,,,,,,,,T,,,,,,,,,,,,,
,,,,,,,,,,,,,,,,,,,,,,,,,,,,,,,,,,,,,,,,,,,,,,,,,T,,,,,,,,,,,,,
,,,,,,,,,,,,,,,,,,,,,,,,,,,,,,,,,,,,,,,,,,,,,,,,,T,,,,,,,,,,,,,
,,,,,,,,,,,,,,,,,,,,,,,,,,,,,,,,,,,,,,,,,,,,,,,,,T,,,,,,,,,,,,,
,,,,,,,,,,,,,,,,,,,,,,,,,,,,,,,,,,,,,,,,,,,,,,,,,T,,,,,,,,,,,,,
,,,,,,,,,,,,,,,,,,,,,,,,,,,,,,,,,,,,,,,,,,,,,,,,,T,,,,,,,,,,,,,
,,,,,,,,,,,,,,,,,,,,,,,,,,,,,,,,,,,,,,,,,,,,,,,,,T,,,,,,,,,,,,,
,,,,,,,,,,,,,,,,,,,,,,,,,,,,,,,,,,,,,,,,,,,,,,,,,T,,,,,,,,,,,,,
,,,,,,,,,,,,,,,,,,,,,,,,,,,,,,,,,,,,,,,,,,,,,,,,,T,,,,,,,,,,,,,
,,,,,,,,,,,,,,,,,,,,,,,,,,,,,,,,,,,,,,,,,,,,,,,,,T,,,,,,,,,,,,,
,,,,,,,,,,,,,,,,,,,,,,,,,,,,,,,,,,,,,,,,,,,,,,,,,T,,,,,,,,,,,,,
,,,,,,,,,,,,,,,,,,,,,,,,,,,,,,,,,,,,,,,,,,,,,,,,,T,,,,,,,,,,,,,
,,,,,,,,,,,,,,,,,,,,,,,,,,,,,,,,,,,,,,,,,,,,,,,,,T,,,,,,,,,,,,,
,,,,,,,,,,,,,,,,,,,,,,,,,,,,,,,,,,,,,,,,,,,,,,,,,T,,,,,,,,,,,,,
,,,,,,,,,,,,,,,,,,,,,,,,,,,,,,,,,,,,,,,,,,,,,,,,,T,,,,,,,,,,,,,
,,,,,,,,,,,,,,,,,,,,,,,,,,,,,,,,,,,,,,,,,,,,,,,,,T,,,,,,,,,,,,,
,,,,,,,,,,,,,,,,,,,,,,,,,,,,,,,,,,,,,,,,,,,,,,,,,T,,,,,,,,,,,,,
,,,,,,,,,,,,,,,,,,,,,,,,,,,,,,,,,,,,,,,,,,,,,,,,,T,,,,,,,,,,,,,
,,,,,,,,,,,,,,,,,,,,,,,,,,,,,,,,,,,,,,,,,,,,,,,,,T,,,,,,,,,,,,,
,,,,,,,,,,,,,,,,,,,,,,,,,,,,,,,,,,,,,,,,,,,,,,,,,T,,,,,,,,,,,,,
,,,,,,,,,,,,,,,,,,,,,,,,,,,,,,,,,,,,,,,,,,,,,,,,,T,,,,,,,,,,,,,
,,,,,,,,,,,,,,,,,,,,,,,,,,,,,,,,,,,,,,,,,,,,,,,,,T,,,,,,,,,,,,,
,,,,,,,,,,,,,,,,,,,,,,,,,,,,,,,,,,,,,,,,,,,,,,,,,T,,,,,,,,,,,,,
,,,,,,,,,,,,,,,,,,,,,,,,,,,,,,,,,,,,,,,,,,,,,,,,,T,,,,,,,,,,,,,
,,,,,,,,,,,,,,,,,,,,,,,,,,,,,,,,,,,,,,,,,,,,,,,,,T,,,,,,,,,,,,,
,,,,,,,,,,,,,,,,,,,,,,,,,,,,,,,,,,,,,,,,,,,,,,,,,T,,,,,,,,,,,,,
,,,,,,,,,,,,,,,,,,,,,,,,,,,,,,,,,,,,,,,,,,,,,,,,,T,,,,,,,,,,,,,
,,,,,,,,,,,,,,,,,,,,,,,,,,,,,,,,,,,,,,,,,,,,,,,,,T,,,,,,,,,,,,,
,,,,,,,,,,,,,,,,,,,,,,,,,,,,,,,,,,,,,,,,,,,,,,,,,T,,,,,,,,,,,,,
,,,,,,,,,,,,,,,,,,,,,,,,,,,,,,,,,,,,,,,,,,,,,,,,,T,,,,,,,,,,,,,
,,,,,,,,,,,,,,,,,,,,,,,,,,,,,,,,,,,,,,,,,,,,,,,,,T,,,,,,,,,,,,,
,,,,,,,,,,,,,,,,,,,,,,,,,,,,,,,,,,,,,,,,,,,,,,,,,T,,,,,,,,,,,,,
,,,,,,,,,,,,,,,,,,,,,,,,,,,,,,,,,,,,,,,,,,,,,,,,,T,,,,,,,,,,,,,
,,,,,,,,,,,,,,,,,,,,,,,,,,,,,,,,,,,,,,,,,,,,,,,,,T,,,,,,,,,,,,,
,,,,,,,,,,,,,,,,,,,,,,,,,,,,,,,,,,,,,,,,,,,,,,,,,T,,,,,,,,,,,,,
,,,,,,,,,,,,,,,,,,,,,,,,,,,,,,,,,,,,,,,,,,,,,,,,,T,,,,,,,,,,,,,
,,,,,,,,,,,,,,,,,,,,,,,,,,,,,,,,,,,,,,,,,,,,,,,,,T,,,,,,,,,,,,,
,,,,,,,,,,,,,,,,,,,,,,,,,,,,,,,,,,,,,,,,,,,,,,,,,T,,,,,,,,,,,,,
,,,,,,,,,,,,,,,,,,,,,,,,,,,,,,,,,,,,,,,,,,,,,,,,,T,,,,,,,,,,,,,
,,,,,,,,,,,,,,,,,,,,,,,,,,,,,,,,,,,,,,,,,,,,,,,,,T,,,,,,,,,,,,,
,,,,,,,,,,,,,,,,,,,,,,,,,,,,,,,,,,,,,,,,,,,,,,,,,T,,,,,,,,,,,,,
,,,,,,,,,,,,,,,,,,,,,,,,,,,,,,,,,,,,,,,,,,,,,,,,,T,,,,,,,,,,,,,
,,,,,,,,,,,,,,,,,,,,,,,,,,,,,,,,,,,,,,,,,,,,,,,,,T,,,,,,,,,,,,,
,,,,,,,,,,,,,,,,,,,,,,,,,,,,,,,,,,,,,,,,,,,,,,,,,T,,,,,,,,,,,,,
,,,,,,,,,,,,,,,,,,,,,,,,,,,,,,,,,,,,,,,,,,,,,,,,,T,,,,,,,,,,,,,
,,,,,,,,,,,,,,,,,,,,,,,,,,,,,,,,,,,,,,,,,,,,,,,,,T,,,,,,,,,,,,,
,,,,,,,,,,,,,,,,,,,,,,,,,,,,,,,,,,,,,,,,,,,,,,,,,T,,,,,,,,,,,,,
,,,,,,,,,,,,,,,,,,,,,,,,,,,,,,,,,,,,,,,,,,,,,,,,,T,,,,,,,,,,,,,
,,,,,,,,,,,,,,,,,,,,,,,,,,,,,,,,,,,,,,,,,,,,,,,,,T,,,,,,,,,,,,,
,,,,,,,,,,,,,,,,,,,,,,,,,,,,,,,,,,,,,,,,,,,,,,,,,T,,,,,,,,,,,,,
,,,,,,,,,,,,,,,,,,,,,,,,,,,,,,,,,,,,,,,,,,,,,,,,,T,,,,,,,,,,,,,
,,,,,,,,,,,,,,,,,,,,,,,,,,,,,,,,,,,,,,,,,,,,,,,,,T,,,,,,,,,,,,,
,,,,,,,,,,,,,,,,,,,,,,,,,,,,,,,,,,,,,,,,,,,,,,,,,T,,,,,,,,,,,,,
,,,,,,,,,,,,,,,,,,,,,,,,,,,,,,,,,,,,,,,,,,,,,,,,,T,,,,,,,,,,,,,
,,,,,,,,,,,,,,,,,,,,,,,,,,,,,,,,,,,,,,,,,,,,,,,,,T,,,,,,,,,,,,,
,,,,,,,,,,,,,,,,,,,,,,,,,,,,,,,,,,,,,,,,,,,,,,,,,T,,,,,,,,,,,,,
,,,,,,,,,,,,,,,,,,,,,,,,,,,,,,,,,,,,,,,,,,,,,,,,,T,,,,,,,,,,,,,
,,,,,,,,,,,,,,,,,,,,,,,,,,,,,,,,,,,,,,,,,,,,,,,,,T,,,,,,,,,,,,,
,,,,,,,,,,,,,,,,,,,,,,,,,,,,,,,,,,,,,,,,,,,,,,,,,T,,,,,,,,,,,,,
,,,,,,,,,,,,,,,,,,,,,,,,,,,,,,,,,,,,,,,,,,,,,,,,,T,,,,,,,,,,,,,
,,,,,,,,,,,,,,,,,,,,,,,,,,,,,,,,,,,,,,,,,,,,,,,,,T,,,,,,,,,,,,,
,,,,,,,,,,,,,,,,,,,,,,,,,,,,,,,,,,,,,,,,,,,,,,,,,T,,,,,,,,,,,,,
,,,,,,,,,,,,,,,,,,,,,,,,,,,,,,,,,,,,,,,,,,,,,,,,,T,,,,,,,,,,,,,
,,,,,,,,,,,,,,,,,,,,,,,,,,,,,,,,,,,,,,,,,,,,,,,,,T,,,,,,,,,,,,,
,,,,,,,,,,,,,,,,,,,,,,,,,,,,,,,,,,,,,,,,,,,,,,,,,T,,,,,,,,,,,,,
,,,,,,,,,,,,,,,,,,,,,,,,,,,,,,,,,,,,,,,,,,,,,,,,,T,,,,,,,,,,,,,
,,,,,,,,,,,,,,,,,,,,,,,,,,,,,,,,,,,,,,,,,,,,,,,,,T,,,,,,,,,,,,,
,,,,,,,,,,,,,,,,,,,,,,,,,,,,,,,,,,,,,,,,,,,,,,,,,T,,,,,,,,,,,,,
,,,,,,,,,,,,,,,,,,,,,,,,,,,,,,,,,,,,,,,,,,,,,,,,,T,,,,,,,,,,,,,
,,,,,,,,,,,,,,,,,,,,,,,,,,,,,,,,,,,,,,,,,,,,,,,,,T,,,,,,,,,,,,,
,,,,,,,,,,,,,,,,,,,,,,,,,,,,,,,,,,,,,,,,,,,,,,,,,T,,,,,,,,,,,,,
,,,,,,,,,,,,,,,,,,,,,,,,,,,,,,,,,,,,,,,,,,,,,,,,,T,,,,,,,,,,,,,
,,,,,,,,,,,,,,,,,,,,,,,,,,,,,,,,,,,,,,,,,,,,,,,,,T,,,,,,,,,,,,,
,,,,,,,,,,,,,,,,,,,,,,,,,,,,,,,,,,,,,,,,,,,,,,,,,T,,,,,,,,,,,,,
,,,,,,,,,,,,,,,,,,,,,,,,,,,,,,,,,,,,,,,,,,,,,,,,,T,,,,,,,,,,,,,
,,,,,,,,,,,,,,,,,,,,,,,,,,,,,,,,,,,,,,,,,,,,,,,,,T,,,,,,,,,,,,,
,,,,,,,,,,,,,,,,,,,,,,,,,,,,,,,,,,,,,,,,,,,,,,,,,T,,,,,,,,,,,,,
,,,,,,,,,,,,,,,,,,,,,,,,,,,,,,,,,,,,,,,,,,,,,,,,,T,,,,,,,,,,,,,
,,,,,,,,,,,,,,,,,,,,,,,,,,,,,,,,,,,,,,,,,,,,,,,,,T,,,,,,,,,,,,,
,,,,,,,,,,,,,,,,,,,,,,,,,,,,,,,,,,,,,,,,,,,,,,,,,T,,,,,,,,,,,,,
,,,,,,,,,,,,,,,,,,,,,,,,,,,,,,,,,,,,,,,,,,,,,,,,,T,,,,,,,,,,,,,
,,,,,,,,,,,,,,,,,,,,,,,,,,,,,,,,,,,,,,,,,,,,,,,,,T,,,,,,,,,,,,,
,,,,,,,,,,,,,,,,,,,,,,,,,,,,,,,,,,,,,,,,,,,,,,,,,T,,,,,,,,,,,,,
,,,,,,,,,,,,,,,,,,,,,,,,,,,,,,,,,,,,,,,,,,,,,,,,,T,,,,,,,,,,,,,
,,,,,,,,,,,,,,,,,,,,,,,,,,,,,,,,,,,,,,,,,,,,,,,,,T,,,,,,,,,,,,,
,,,,,,,,,,,,,,,,,,,,,,,,,,,,,,,,,,,,,,,,,,,,,,,,,T,,,,,,,,,,,,,
,,,,,,,,,,,,,,,,,,,,,,,,,,,,,,,,,,,,,,,,,,,,,,,,,T,,,,,,,,,,,,,
,,,,,,,,,,,,,,,,,,,,,,,,,,,,,,,,,,,,,,,,,,,,,,,,,T,,,,,,,,,,,,,
,,,,,,,,,,,,,,,,,,,,,,,,,,,,,,,,,,,,,,,,,,,,,,,,,T,,,,,,,,,,,,,
,,,,,,,,,,,,,,,,,,,,,,,,,,,,,,,,,,,,,,,,,,,,,,,,,T,,,,,,,,,,,,,
,,,,,,,,,,,,,,,,,,,,,,,,,,,,,,,,,,,,,,,,,,,,,,,,,T,,,,,,,,,,,,,
,,,,,,,,,,,,,,,,,,,,,,,,,,,,,,,,,,,,,,,,,,,,,,,,,T,,,,,,,,,,,,,
,,,,,,,,,,,,,,,,,,,,,,,,,,,,,,,,,,,,,,,,,,,,,,,,,T,,,,,,,,,,,,,
,,,,,,,,,,,,,,,,,,,,,,,,,,,,,,,,,,,,,,,,,,,,,,,,,T,,,,,,,,,,,,,
,,,,,,,,,,,,,,,,,,,,,,,,,,,,,,,,,,,,,,,,,,,,,,,,,T,,,,,,,,,,,,,
,,,,,,,,,,,,,,,,,,,,,,,,,,,,,,,,,,,,,,,,,,,,,,,,,T,,,,,,,,,,,,,
,,,,,,,,,,,,,,,,,,,,,,,,,,,,,,,,,,,,,,,,,,,,,,,,,T,,,,,,,,,,,,,
,,,,,,,,,,,,,,,,,,,,,,,,,,,,,,,,,,,,,,,,,,,,,,,,,T,,,,,,,,,,,,,
,,,,,,,,,,,,,,,,,,,,,,,,,,,,,,,,,,,,,,,,,,,,,,,,,T,,,,,,,,,,,,,
,,,,,,,,,,,,,,,,,,,,,,,,,,,,,,,,,,,,,,,,,,,,,,,,,T,,,,,,,,,,,,,
,,,,,,,,,,,,,,,,,,,,,,,,,,,,,,,,,,,,,,,,,,,,,,,,,T,,,,,,,,,,,,,
,,,,,,,,,,,,,,,,,,,,,,,,,,,,,,,,,,,,,,,,,,,,,,,,,T,,,,,,,,,,,,,
,,,,,,,,,,,,,,,,,,,,,,,,,,,,,,,,,,,,,,,,,,,,,,,,,T,,,,,,,,,,,,,
,,,,,,,,,,,,,,,,,,,,,,,,,,,,,,,,,,,,,,,,,,,,,,,,,T,,,,,,,,,,,,,
,,,,,,,,,,,,,,,,,,,,,,,,,,,,,,,,,,,,,,,,,,,,,,,,,T,,,,,,,,,,,,,
,,,,,,,,,,,,,,,,,,,,,,,,,,,,,,,,,,,,,,,,,,,,,,,,,T,,,,,,,,,,,,,
,,,,,,,,,,,,,,,,,,,,,,,,,,,,,,,,,,,,,,,,,,,,,,,,,T,,,,,,,,,,,,,
,,,,,,,,,,,,,,,,,,,,,,,,,,,,,,,,,,,,,,,,,,,,,,,,,T,,,,,,,,,,,,,
,,,,,,,,,,,,,,,,,,,,,,,,,,,,,,,,,,,,,,,,,,,,,,,,,T,,,,,,,,,,,,,
,,,,,,,,,,,,,,,,,,,,,,,,,,,,,,,,,,,,,,,,,,,,,,,,,T,,,,,,,,,,,,,
,,,,,,,,,,,,,,,,,,,,,,,,,,,,,,,,,,,,,,,,,,,,,,,,,T,,,,,,,,,,,,,
,,,,,,,,,,,,,,,,,,,,,,,,,,,,,,,,,,,,,,,,,,,,,,,,,T,,,,,,,,,,,,,
,,,,,,,,,,,,,,,,,,,,,,,,,,,,,,,,,,,,,,,,,,,,,,,,,T,,,,,,,,,,,,,
,,,,,,,,,,,,,,,,,,,,,,,,,,,,,,,,,,,,,,,,,,,,,,,,,T,,,,,,,,,,,,,
,,,,,,,,,,,,,,,,,,,,,,,,,,,,,,,,,,,,,,,,,,,,,,,,,T,,,,,,,,,,,,,
,,,,,,,,,,,,,,,,,,,,,,,,,,,,,,,,,,,,,,,,,,,,,,,,,T,,,,,,,,,,,,,
,,,,,,,,,,,,,,,,,,,,,,,,,,,,,,,,,,,,,,,,,,,,,,,,,T,,,,,,,,,,,,,
,,,,,,,,,,,,,,,,,,,,,,,,,,,,,,,,,,,,,,,,,,,,,,,,,T,,,,,,,,,,,,,
,,,,,,,,,,,,,,,,,,,,,,,,,,,,,,,,,,,,,,,,,,,,,,,,,T,,,,,,,,,,,,,
,,,,,,,,,,,,,,,,,,,,,,,,,,,,,,,,,,,,,,,,,,,,,,,,,T,,,,,,,,,,,,,
,,,,,,,,,,,,,,,,,,,,,,,,,,,,,,,,,,,,,,,,,,,,,,,,,T,,,,,,,,,,,,,
,,,,,,,,,,,,,,,,,,,,,,,,,,,,,,,,,,,,,,,,,,,,,,,,,T,,,,,,,,,,,,,
,,,,,,,,,,,,,,,,,,,,,,,,,,,,,,,,,,,,,,,,,,,,,,,,,T,,,,,,,,,,,,,
,,,,,,,,,,,,,,,,,,,,,,,,,,,,,,,,,,,,,,,,,,,,,,,,,T,,,,,,,,,,,,,
,,,,,,,,,,,,,,,,,,,,,,,,,,,,,,,,,,,,,,,,,,,,,,,,,T,,,,,,,,,,,,,
,,,,,,,,,,,,,,,,,,,,,,,,,,,,,,,,,,,,,,,,,,,,,,,,,T,,,,,,,,,,,,,
,,,,,,,,,,,,,,,,,,,,,,,,,,,,,,,,,,,,,,,,,,,,,,,,,T,,,,,,,,,,,,,
,,,,,,,,,,,,,,,,,,,,,,,,,,,,,,,,,,,,,,,,,,,,,,,,,T,,,,,,,,,,,,,
,,,,,,,,,,,,,,,,,,,,,,,,,,,,,,,,,,,,,,,,,,,,,,,,,T,,,,,,,,,,,,,
,,,,,,,,,,,,,,,,,,,,,,,,,,,,,,,,,,,,,,,,,,,,,,,,,T,,,,,,,,,,,,,
,,,,,,,,,,,,,,,,,,,,,,,,,,,,,,,,,,,,,,,,,,,,,,,,,T,,,,,,,,,,,,,
,,,,,,,,,,,,,,,,,,,,,,,,,,,,,,,,,,,,,,,,,,,,,,,,,T,,,,,,,,,,,,,
,,,,,,,,,,,,,,,,,,,,,,,,,,,,,,,,,,,,,,,,,,,,,,,,,T,,,,,,,,,,,,,
,,,,,,,,,,,,,,,,,,,,,,,,,,,,,,,,,,,,,,,,,,,,,,,,,T,,,,,,,,,,,,,
,,,,,,,,,,,,,,,,,,,,,,,,,,,,,,,,,,,,,,,,,,,,,,,,,T,,,,,,,,,,,,,
,,,,,,,,,,,,,,,,,,,,,,,,,,,,,,,,,,,,,,,,,,,,,,,,,T,,,,,,,,,,,,,
,,,,,,,,,,,,,,,,,,,,,,,,,,,,,,,,,,,,,,,,,,,,,,,,,T,,,,,,,,,,,,,
,,,,,,,,,,,,,,,,,,,,,,,,,,,,,,,,,,,,,,,,,,,,,,,,,T,,,,,,,,,,,,,
,,,,,,,,,,,,,,,,,,,,,,,,,,,,,,,,,,,,,,,,,,,,,,,,,T,,,,,,,,,,,,,
,,,,,,,,,,,,,,,,,,,,,,,,,,,,,,,,,,,,,,,,,,,,,,,,,T,,,,,,,,,,,,,
,,,,,,,,,,,,,,,,,,,,,,,,,,,,,,,,,,,,,,,,,,,,,,,,,T,,,,,,,,,,,,,
,,,,,,,,,,,,,,,,,,,,,,,,,,,,,,,,,,,,,,,,,,,,,,,,,T,,,,,,,,,,,,,
,,,,,,,,,,,,,,,,,,,,,,,,,,,,,,,,,,,,,,,,,,,,,,,,,T,,,,,,,,,,,,,
,,,,,,,,,,,,,,,,,,,,,,,,,,,,,,,,,,,,,,,,,,,,,,,,,T,,,,,,,,,,,,,
,,,,,,,,,,,,,,,,,,,,,,,,,,,,,,,,,,,,,,,,,,,,,,,,,T,,,,,,,,,,,,,
,,,,,,,,,,,,,,,,,,,,,,,,,,,,,,,,,,,,,,,,,,,,,,,,,T,,,,,,,,,,,,,
,,,,,,,,,,,,,,,,,,,,,,,,,,,,,,,,,,,,,,,,,,,,,,,,,T,,,,,,,,,,,,,
,,,,,,,,,,,,,,,,,,,,,,,,,,,,,,,,,,,,,,,,,,,,,,,,,T,,,,,,,,,,,,,
,,,,,,,,,,,,,,,,,,,,,,,,,,,,,,,,,,,,,,,,,,,,,,,,,T,,,,,,,,,,,,,
,,,,,,,,,,,,,,,,,,,,,,,,,,,,,,,,,,,,,,,,,,,,,,,,,T,,,,,,,,,,,,,
,,,,,,,,,,,,,,,,,,,,,,,,,,,,,,,,,,,,,,,,,,,,,,,,,T,,,,,,,,,,,,,
,,,,,,,,,,,,,,,,,,,,,,,,,,,,,,,,,,,,,,,,,,,,,,,,,T,,,,,,,,,,,,,
,,,,,,,,,,,,,,,,,,,,,,,,,,,,,,,,,,,,,,,,,,,,,,,,,T,,,,,,,,,,,,,
,,,,,,,,,,,,,,,,,,,,,,,,,,,,,,,,,,,,,,,,,,,,,,,,,T,,,,,,,,,,,,,
,,,,,,,,,,,,,,,,,,,,,,,,,,,,,,,,,,,,,,,,,,,,,,,,,T,,,,,,,,,,,,,
,,,,,,,,,,,,,,,,,,,,,,,,,,,,,,,,,,,,,,,,,,,,,,,,,T,,,,,,,,,,,,,
,,,,,,,,,,,,,,,,,,,,,,,,,,,,,,,,,,,,,,,,,,,,,,,,,T,,,,,,,,,,,,,
,,,,,,,,,,,,,,,,,,,,,,,,,,,,,,,,,,,,,,,,,,,,,,,,,T,,,,,,,,,,,,,
,,,,,,,,,,,,,,,,,,,,,,,,,,,,,,,,,,,,,,,,,,,,,,,,,T,,,,,,,,,,,,,
,,,,,,,,,,,,,,,,,,,,,,,,,,,,,,,,,,,,,,,,,,,,,,,,,T,,,,,,,,,,,,,
,,,,,,,,,,,,,,,,,,,,,,,,,,,,,,,,,,,,,,,,,,,,,,,,,T,,,,,,,,,,,,,
,,,,,,,,,,,,,,,,,,,,,,,,,,,,,,,,,,,,,,,,,,,,,,,,,T,,,,,,,,,,,,,
,,,,,,,,,,,,,,,,,,,,,,,,,,,,,,,,,,,,,,,,,,,,,,,,,T,,,,,,,,,,,,,
,,,,,,,,,,,,,,,,,,,,,,,,,,,,,,,,,,,,,,,,,,,,,,,,,T,,,,,,,,,,,,,
,,,,,,,,,,,,,,,,,,,,,,,,,,,,,,,,,,,,,,,,,,,,,,,,,T,,,,,,,,,,,,,
,,,,,,,,,,,,,,,,,,,,,,,,,,,,,,,,,,,,,,,,,,,,,,,,,T,,,,,,,,,,,,,
,,,,,,,,,,,,,,,,,,,,,,,,,,,,,,,,,,,,,,,,,,,,,,,,,T,,,,,,,,,,,,,
,,,,,,,,,,,,,,,,,,,,,,,,,,,,,,,,,,,,,,,,,,,,,,,,,T,,,,,,,,,,,,,
,,,,,,,,,,,,,,,,,,,,,,,,,,,,,,,,,,,,,,,,,,,,,,,,,T,,,,,,,,,,,,,
,,,,,,,,,,,,,,,,,,,,,,,,,,,,,,,,,,,,,,,,,,,,,,,,,T,,,,,,,,,,,,,
,,,,,,,,,,,,,,,,,,,,,,,,,,,,,,,,,,,,,,,,,,,,,,,,,T,,,,,,,,,,,,,
,,,,,,,,,,,,,,,,,,,,,,,,,,,,,,,,,,,,,,,,,,,,,,,,,T,,,,,,,,,,,,,
,,,,,,,,,,,,,,,,,,,,,,,,,,,,,,,,,,,,,,,,,,,,,,,,,T,,,,,,,,,,,,,
,,,,,,,,,,,,,,,,,,,,,,,,,,,,,,,,,,,,,,,,,,,,,,,,,T,,,,,,,,,,,,,
,,,,,,,,,,,,,,,,,,,,,,,,,,,,,,,,,,,,,,,,,,,,,,,,,T,,,,,,,,,,,,,
,,,,,,,,,,,,,,,,,,,,,,,,,,,,,,,,,,,,,,,,,,,,,,,,,T,,,,,,,,,,,,,
,,,,,,,,,,,,,,,,,,,,,,,,,,,,,,,,,,,,,,,,,,,,,,,,,T,,,,,,,,,,,,,
,,,,,,,,,,,,,,,,,,,,,,,,,,,,,,,,,,,,,,,,,,,,,,,,,T,,,,,,,,,,,,,
,,,,,,,,,,,,,,,,,,,,,,,,,,,,,,,,,,,,,,,,,,,,,,,,,T,,,,,,,,,,,,,
,,,,,,,,,,,,,,,,,,,,,,,,,,,,,,,,,,,,,,,,,,,,,,,,,T,,,,,,,,,,,,,
,,,,,,,,,,,,,,,,,,,,,,,,,,,,,,,,,,,,,,,,,,,,,,,,,T,,,,,,,,,,,,,
,,,,,,,,,,,,,,,,,,,,,,,,,,,,,,,,,,,,,,,,,,,,,,,,,T,,,,,,,,,,,,,
,,,,,,,,,,,,,,,,,,,,,,,,,,,,,,,,,,,,,,,,,,,,,,,,,T,,,,,,,,,,,,,
,,,,,,,,,,,,,,,,,,,,,,,,,,,,,,,,,,,,,,,,,,,,,,,,,T,,,,,,,,,,,,,
,,,,,,,,,,,,,,,,,,,,,,,,,,,,,,,,,,,,,,,,,,,,,,,,,T,,,,,,,,,,,,,
,,,,,,,,,,,,,,,,,,,,,,,,,,,,,,,,,,,,,,,,,,,,,,,,,T,,,,,,,,,,,,,
,,,,,,,,,,,,,,,,,,,,,,,,,,,,,,,,,,,,,,,,,,,,,,,,,T,,,,,,,,,,,,,
,,,,,,,,,,,,,,,,,,,,,,,,,,,,,,,,,,,,,,,,,,,,,,,,,T,,,,,,,,,,,,,
,,,,,,,,,,,,,,,,,,,,,,,,,,,,,,,,,,,,,,,,,,,,,,,,,T,,,,,,,,,,,,,
,,,,,,,,,,,,,,,,,,,,,,,,,,,,,,,,,,,,,,,,,,,,,,,,,T,,,,,,,,,,,,,
,,,,,,,,,,,,,,,,,,,,,,,,,,,,,,,,,,,,,,,,,,,,,,,,,T,,,,,,,,,,,,,
,,,,,,,,,,,,,,,,,,,,,,,,,,,,,,,,,,,,,,,,,,,,,,,,,T,,,,,,,,,,,,,
,,,,,,,,,,,,,,,,,,,,,,,,,,,,,,,,,,,,,,,,,,,,,,,,,T,,,,,,,,,,,,,
,,,,,,,,,,,,,,,,,,,,,,,,,,,,,,,,,,,,,,,,,,,,,,,,,T,,,,,,,,,,,,,
,,,,,,,,,,,,,,,,,,,,,,,,,,,,,,,,,,,,,,,,,,,,,,,,,T,,,,,,,,,,,,,
,,,,,,,,,,,,,,,,,,,,,,,,,,,,,,,,,,,,,,,,,,,,,,,,,T,,,,,,,,,,,,,
,,,,,,,,,,,,,,,,,,,,,,,,,,,,,,,,,,,,,,,,,,,,,,,,,T,,,,,,,,,,,,,
,,,,,,,,,,,,,,,,,,,,,,,,,,,,,,,,,,,,,,,,,,,,,,,,,T,,,,,,,,,,,,,
,,,,,,,,,,,,,,,,,,,,,,,,,,,,,,,,,,,,,,,,,,,,,,,,,T,,,,,,,,,,,,,
,,,,,,,,,,,,,,,,,,,,,,,,,,,,,,,,,,,,,,,,,,,,,,,,,T,,,,,,,,,,,,,
,,,,,,,,,,,,,,,,,,,,,,,,,,,,,,,,,,,,,,,,,,,,,,,,,T,,,,,,,,,,,,,
,,,,,,,,,,,,,,,,,,,,,,,,,,,,,,,,,,,,,,,,,,,,,,,,,T,,,,,,,,,,,,,
,,,,,,,,,,,,,,,,,,,,,,,,,,,,,,,,,,,,,,,,,,,,,,,,,T,,,,,,,,,,,,,
,,,,,,,,,,,,,,,,,,,,,,,,,,,,,,,,,,,,,,,,,,,,,,,,,T,,,,,,,,,,,,,
,,,,,,,,,,,,,,,,,,,,,,,,,,,,,,,,,,,,,,,,,,,,,,,,,T,,,,,,,,,,,,,
,,,,,,,,,,,,,,,,,,,,,,,,,,,,,,,,,,,,,,,,,,,,,,,,,T,,,,,,,,,,,,,
,,,,,,,,,,,,,,,,,,,,,,,,,,,,,,,,,,,,,,,,,,,,,,,,,T,,,,,,,,,,,,,
,,,,,,,,,,,,,,,,,,,,,,,,,,,,,,,,,,,,,,,,,,,,,,,,,T,,,,,,,,,,,,,
,,,,,,,,,,,,,,,,,,,,,,,,,,,,,,,,,,,,,,,,,,,,,,,,,T,,,,,,,,,,,,,
,,,,,,,,,,,,,,,,,,,,,,,,,,,,,,,,,,,,,,,,,,,,,,,,,T,,,,,,,,,,,,,
,,,,,,,,,,,,,,,,,,,,,,,,,,,,,,,,,,,,,,,,,,,,,,,,,T,,,,,,,,,,,,,
,,,,,,,,,,,,,,,,,,,,,,,,,,,,,,,,,,,,,,,,,,,,,,,,,T,,,,,,,,,,,,,
,,,,,,,,,,,,,,,,,,,,,,,,,,,,,,,,,,,,,,,,,,,,,,,,,T,,,,,,,,,,,,,
,,,,,,,,,,,,,,,,,,,,,,,,,,,,,,,,,,,,,,,,,,,,,,,,,T,,,,,,,,,,,,,
,,,,,,,,,,,,,,,,,,,,,,,,,,,,,,,,,,,,,,,,,,,,,,,,,T,,,,,,,,,,,,,
,,,,,,,,,,,,,,,,,,,,,,,,,,,,,,,,,,,,,,,,,,,,,,,,,T,,,,,,,,,,,,,
,,,,,,,,,,,,,,,,,,,,,,,,,,,,,,,,,,,,,,,,,,,,,,,,,T,,,,,,,,,,,,,
,,,,,,,,,,,,,,,,,,,,,,,,,,,,,,,,,,,,,,,,,,,,,,,,,T,,,,,,,,,,,,,
,,,,,,,,,,,,,,,,,,,,,,,,,,,,,,,,,,,,,,,,,,,,,,,,,T,,,,,,,,,,,,,
,,,,,,,,,,,,,,,,,,,,,,,,,,,,,,,,,,,,,,,,,,,,,,,,,T,,,,,,,,,,,,,
,,,,,,,,,,,,,,,,,,,,,,,,,,,,,,,,,,,,,,,,,,,,,,,,,T,,,,,,,,,,,,,
,,,,,,,,,,,,,,,,,,,,,,,,,,,,,,,,,,,,,,,,,,,,,,,,,T,,,,,,,,,,,,,
,,,,,,,,,,,,,,,,,,,,,,,,,,,,,,,,,,,,,,,,,,,,,,,,,T,,,,,,,,,,,,,
,,,,,,,,,,,,,,,,,,,,,,,,,,,,,,,,,,,,,,,,,,,,,,,,,T,,,,,,,,,,,,,
,,,,,,,,,,,,,,,,,,,,,,,,,,,,,,,,,,,,,,,,,,,,,,,,,T,,,,,,,,,,,,,
,,,,,,,,,,,,,,,,,,,,,,,,,,,,,,,,,,,,,,,,,,,,,,,,,T,,,,,,,,,,,,,
,,,,,,,,,,,,,,,,,,,,,,,,,,,,,,,,,,,,,,,,,,,,,,,,,T,,,,,,,,,,,,,
,,,,,,,,,,,,,,,,,,,,,,,,,,,,,,,,,,,,,,,,,,,,,,,,,T,,,,,,,,,,,,,
,,,,,,,,,,,,,,,,,,,,,,,,,,,,,,,,,,,,,,,,,,,,,,,,,T,,,,,,,,,,,,,
,,,,,,,,,,,,,,,,,,,,,,,,,,,,,,,,,,,,,,,,,,,,,,,,,T,,,,,,,,,,,,,
,,,,,,,,,,,,,,,,,,,,,,,,,,,,,,,,,,,,,,,,,,,,,,,,,T,,,,,,,,,,,,,
,,,,,,,,,,,,,,,,,,,,,,,,,,,,,,,,,,,,,,,,,,,,,,,,,T,,,,,,,,,,,,,
,,,,,,,,,,,,,,,,,,,,,,,,,,,,,,,,,,,,,,,,,,,,,,,,,T,,,,,,,,,,,,,
,,,,,,,,,,,,,,,,,,,,,,,,,,,,,,,,,,,,,,,,,,,,,,,,,T,,,,,,,,,,,,,
,,,,,,,,,,,,,,,,,,,,,,,,,,,,,,,,,,,,,,,,,,,,,,,,,T,,,,,,,,,,,,,
,,,,,,,,,,,,,,,,,,,,,,,,,,,,,,,,,,,,,,,,,,,,,,,,,T,,,,,,,,,,,,,
,,,,,,,,,,,,,,,,,,,,,,,,,,,,,,,,,,,,,,,,,,,,,,,,,T,,,,,,,,,,,,,
,,,,,,,,,,,,,,,,,,,,,,,,,,,,,,,,,,,,,,,,,,,,,,,,,T,,,,,,,,,,,,,
,,,,,,,,,,,,,,,,,,,,,,,,,,,,,,,,,,,,,,,,,,,,,,,,,T,,,,,,,,,,,,,
,,,,,,,,,,,,,,,,,,,,,,,,,,,,,,,,,,,,,,,,,,,,,,,,,T,,,,,,,,,,,,,
,,,,,,,,,,,,,,,,,,,,,,,,,,,,,,,,,,,,,,,,,,,,,,,,,T,,,,,,,,,,,,,
,,,,,,,,,,,,,,,,,,,,,,,,,,,,,,,,,,,,,,,,,,,,,,,,,T,,,,,,,,,,,,,
,,,,,,,,,,,,,,,,,,,,,,,,,,,,,,,,,,,,,,,,,,,,,,,,,T,,,,,,,,,,,,,
,,,,,,,,,,,,,,,,,,,,,,,,,,,,,,,,,,,,,,,,,,,,,,,,,T,,,,,,,,,,,,,
,,,,,,,,,,,,,,,,,,,,,,,,,,,,,,,,,,,,,,,,,,,,,,,,,T,,,,,,,,,,,,,
,,,,,,,,,,,,,,,,,,,,,,,,,,,,,,,,,,,,,,,,,,,,,,,,,T,,,,,,,,,,,,,
,,,,,,,,,,,,,,,,,,,,,,,,,,,,,,,,,,,,,,,,,,,,,,,,,T,,,,,,,,,,,,,
,,,,,,,,,,,,,,,,,,,,,,,,,,,,,,,,,,,,,,,,,,,,,,,,,T,,,,,,,,,,,,,
,,,,,,,,,,,,,,,,,,,,,,,,,,,,,,,,,,,,,,,,,,,,,,,,,T,,,,,,,,,,,,,
,,,,,,,,,,,,,,,,,,,,,,,,,,,,,,,,,,,,,,,,,,,,,,,,,T,,,,,,,,,,,,,
,,,,,,,,,,,,,,,,,,,,,,,,,,,,,,,,,,,,,,,,,,,,,,,,,T,,,,,,,,,,,,,
,,,,,,,,,,,,,,,,,,,,,,,,,,,,,,,,,,,,,,,,,,,,,,,,,T,,,,,,,,,,,,,
,,,,,,,,,,,,,,,,,,,,,,,,,,,,,,,,,,,,,,,,,,,,,,,,,T,,,,,,,,,,,,,
,,,,,,,,,,,,,,,,,,,,,,,,,,,,,,,,,,,,,,,,,,,,,,,,,T,,,,,,,,,,,,,
,,,,,,,,,,,,,,,,,,,,,,,,,,,,,,,,,,,,,,,,,,,,,,,,,T,,,,,,,,,,,,,
,,,,,,,,,,,,,,,,,,,,,,,,,,,,,,,,,,,,,,,,,,,,,,,,,T,,,,,,,,,,,,,
,,,,,,,,,,,,,,,,,,,,,,,,,,,,,,,,,,,,,,,,,,,,,,,,,T,,,,,,,,,,,,,
,,,,,,,,,,,,,,,,,,,,,,,,,,,,,,,,,,,,,,,,,,,,,,,,,T,,,,,,,,,,,,,
,,,,,,,,,,,,,,,,,,,,,,,,,,,,,,,,,,,,,,,,,,,,,,,,,T,,,,,,,,,,,,,
,,,,,,,,,,,,,,,,,,,,,,,,,,,,,,,,,,,,,,,,,,,,,,,,,T,,,,,,,,,,,,,
,,,,,,,,,,,,,,,,,,,,,,,,,,,,,,,,,,,,,,,,,,,,,,,,,T,,,,,,,,,,,,,
,,,,,,,,,,,,,,,,,,,,,,,,,,,,,,,,,,,,,,,,,,,,,,,,,T,,,,,,,,,,,,,
,,,,,,,,,,,,,,,,,,,,,,,,,,,,,,,,,,,,,,,,,,,,,,,,,T,,,,,,,,,,,,,
,,,,,,,,,,,,,,,,,,,,,,,,,,,,,,,,,,,,,,,,,,,,,,,,,T,,,,,,,,,,,,,
,,,,,,,,,,,,,,,,,,,,,,,,,,,,,,,,,,,,,,,,,,,,,,,,,T,,,,,,,,,,,,,
,,,,,,,,,,,,,,,,,,,,,,,,,,,,,,,,,,,,,,,,,,,,,,,,,T,,,,,,,,,,,,,
,,,,,,,,,,,,,,,,,,,,,,,,,,,,,,,,,,,,,,,,,,,,,,,,,T,,,,,,,,,,,,,
,,,,,,,,,,,,,,,,,,,,,,,,,,,,,,,,,,,,,,,,,,,,,,,,,T,,,,,,,,,,,,,
,,,,,,,,,,,,,,,,,,,,,,,,,,,,,,,,,,,,,,,,,,,,,,,,,T,,,,,,,,,,,,,
,,,,,,,,,,,,,,,,,,,,,,,,,,,,,,,,,,,,,,,,,,,,,,,,,T,,,,,,,,,,,,,
,,,,,,,,,,,,,,,,,,,,,,,,,,,,,,,,,,,,,,,,,,,,,,,,,T,,,,,,,,,,,,,
,,,,,,,,,,,,,,,,,,,,,,,,,,,,,,,,,,,,,,,,,,,,,,,,,T,,,,,,,,,,,,,
,,,,,,,,,,,,,,,,,,,,,,,,,,,,,,,,,,,,,,,,,,,,,,,,,T,,,,,,,,,,,,,
,,,,,,,,,,,,,,,,,,,,,,,,,,,,,,,,,,,,,,,,,,,,,,,,,T,,,,,,,,,,,,,
,,,,,,,,,,,,,,,,,,,,,,,,,,,,,,,,,,,,,,,,,,,,,,,,,T,,,,,,,,,,,,,
,,,,,,,,,,,,,,,,,,,,,,,,,,,,,,,,,,,,,,,,,,,,,,,,,T,,,,,,,,,,,,,
,,,,,,,,,,,,,,,,,,,,,,,,,,,,,,,,,,,,,,,,,,,,,,,,,T,,,,,,,,,,,,,
,,,,,,,,,,,,,,,,,,,,,,,,,,,,,,,,,,,,,,,,,,,,,,,,,T,,,,,,,,,,,,,
,,,,,,,,,,,,,,,,,,,,,,,,,,,,,,,,,,,,,,,,,,,,,,,,,T,,,,,,,,,,,,,
,,,,,,,,,,,,,,,,,,,,,,,,,,,,,,,,,,,,,,,,,,,,,,,,,T,,,,,,,,,,,,,
,,,,,,,,,,,,,,,,,,,,,,,,,,,,,,,,,,,,,,,,,,,,,,,,,T,,,,,,,,,,,,,
,,,,,,,,,,,,,,,,,,,,,,,,,,,,,,,,,,,,,,,,,,,,,,,,,T,,,,,,,,,,,,,
,,,,,,,,,,,,,,,,,,,,,,,,,,,,,,,,,,,,,,,,,,,,,,,,,T,,,,,,,,,,,,,
,,,,,,,,,,,,,,,,,,,,,,,,,,,,,,,,,,,,,,,,,,,,,,,,,T,,,,,,,,,,,,,
,,,,,,,,,,,,,,,,,,,,,,,,,,,,,,,,,,,,,,,,,,,,,,,,,T,,,,,,,,,,,,,
,,,,,,,,,,,,,,,,,,,,,,,,,,,,,,,,,,,,,,,,,,,,,,,,,T,,,,,,,,,,,,,
,,,,,,,,,,,,,,,,,,,,,,,,,,,,,,,,,,,,,,,,,,,,,,,,,T,,,,,,,,,,,,,
,,,,,,,,,,,,,,,,,,,,,,,,,,,,,,,,,,,,,,,,,,,,,,,,,T,,,,,,,,,,,,,
,,,,,,,,,,,,,,,,,,,,,,,,,,,,,,,,,,,,,,,,,,,,,,,,,T,,,,,,,,,,,,,
,,,,,,,,,,,,,,,,,,,,,,,,,,,,,,,,,,,,,,,,,,,,,,,,,T,,,,,,,,,,,,,
,,,,,,,,,,,,,,,,,,,,,,,,,,,,,,,,,,,,,,,,,,,,,,,,,T,,,,,,,,,,,,,
,,,,,,,,,,,,,,,,,,,,,,,,,,,,,,,,,,,,,,,,,,,,,,,,,T,,,,,,,,,,,,,
,,,,,,,,,,,,,,,,,,,,,,,,,,,,,,,,,,,,,,,,,,,,,,,,,T,,,,,,,,,,,,,
,,,,,,,,,,,,,,,,,,,,,,,,,,,,,,,,,,,,,,,,,,,,,,,,,T,,,,,,,,,,,,,
,,,,,,,,,,,,,,,,,,,,,,,,,,,,,,,,,,,,,,,,,,,,,,,,,T,,,,,,,,,,,,,
,,,,,,,,,,,,,,,,,,,,,,,,,,,,,,,,,,,,,,,,,,,,,,,,,T,,,,,,,,,,,,,
,,,,,,,,,,,,,,,,,,,,,,,,,,,,,,,,,,,,,,,,,,,,,,,,,T,,,,,,,,,,,,,
,,,,,,,,,,,,,,,,,,,,,,,,,,,,,,,,,,,,,,,,,,,,,,,,,T,,,,,,,,,,,,,
,,,,,,,,,,,,,,,,,,,,,,,,,,,,,,,,,,,,,,,,,,,,,,,,,T,,,,,,,,,,,,,
,,,,,,,,,,,,,,,,,,,,,,,,,,,,,,,,,,,,,,,,,,,,,,,,,T,,,,,,,,,,,,,
,,,,,,,,,,,,,,,,,,,,,,,,,,,,,,,,,,,,,,,,,,,,,,,,,T,,,,,,,,,,,,,
,,,,,,,,,,,,,,,,,,,,,,,,,,,,,,,,,,,,,,,,,,,,,,,,,T,,,,,,,,,,,,,
,,,,,,,,,,,,,,,,,,,,,,,,,,,,,,,,,,,,,,,,,,,,,,,,,T,,,,,,,,,,,,,
,,,,,,,,,,,,,,,,,,,,,,,,,,,,,,,,,,,,,,,,,,,,,,,,,T,,,,,,,,,,,,,
,,,,,,,,,,,,,,,,,,,,,,,,,,,,,,,,,,,,,,,,,,,,,,,,,T,,,,,,,,,,,,,
,,,,,,,,,,,,,,,,,,,,,,,,,,,,,,,,,,,,,,,,,,,,,,,,,T,,,,,,,,,,,,,
,,,,,,,,,,,,,,,,,,,,,,,,,,,,,,,,,,,,,,,,,,,,,,,,,T,,,,,,,,,,,,,
,,,,,,,,,,,,,,,,,,,,,,,,,,,,,,,,,,,,,,,,,,,,,,,,,T,,,,,,,,,,,,,
,,,,,,,,,,,,,,,,,,,,,,,,,,,,,,,,,,,,,,,,,,,,,,,,,T,,,,,,,,,,,,,
,,,,,,,,,,,,,,,,,,,,,,,,,,,,,,,,,,,,,,,,,,,,,,,,,T,,,,,,,,,,,,,
,,,,,,,,,,,,,,,,,,,,,,,,,,,,,,,,,,,,,,,,,,,,,,,,,T,,,,,,,,,,,,,
,,,,,,,,,,,,,,,,,,,,,,,,,,,,,,,,,,,,,,,,,,,,,,,,,T,,,,,,,,,,,,,
,,,,,,,,,,,,,,,,,,,,,,,,,,,,,,,,,,,,,,,,,,,,,,,,,T,,,,,,,,,,,,,
,,,,,,,,,,,,,,,,,,,,,,,,,,,,,,,,,,,,,,,,,,,,,,,,,T,,,,,,,,,,,,,
,,,,,,,,,,,,,,,,,,,,,,,,,,,,,,,,,,,,,,,,,,,,,,,,,T,,,,,,,,,,,,,
,,,,,,,,,,,,,,,,,,,,,,,,,,,,,,,,,,,,,,,,,,,,,,,,,T,,,,,,,,,,,,,
,,,,,,,,,,,,,,,,,,,,,,,,,,,,,,,,,,,,,,,,,,,,,,,,,T,,,,,,,,,,,,,
,,,,,,,,,,,,,,,,,,,,,,,,,,,,,,,,,,,,,,,,,,,,,,,,,T,,,,,,,,,,,,,
,,,,,,,,,,,,,,,,,,,,,,,,,,,,,,,,,,,,,,,,,,,,,,,,,T,,,,,,,,,,,,,
,,,,,,,,,,,,,,,,,,,,,,,,,,,,,,,,,,,,,,,,,,,,,,,,,T,,,,,,,,,,,,,
,,,,,,,,,,,,,,,,,,,,,,,,,,,,,,,,,,,,,,,,,,,,,,,,,T,,,,,,,,,,,,,
,,,,,,,,,,,,,,,,,,,,,,,,,,,,,,,,,,,,,,,,,,,,,,,,,T,,,,,,,,,,,,,
,,,,,,,,,,,,,,,,,,,,,,,,,,,,,,,,,,,,,,,,,,,,,,,,,T,,,,,,,,,,,,,
,,,,,,,,,,,,,,,,,,,,,,,,,,,,,,,,,,,,,,,,,,,,,,,,,T,,,,,,,,,,,,,
,,,,,,,,,,,,,,,,,,,,,,,,,,,,,,,,,,,,,,,,,,,,,,,,,T,,,,,,,,,,,,,